id,data_inversa,dia_semana,horario,uf,br,km,municipio,causa_acidente,tipo_acidente,classificacao_acidente,fase_dia,sentido_via,condicao_metereologica,tipo_pista,tracado_via,uso_solo,pessoas,mortos,feridos_leves,feridos_graves,ilesos,ignorados,feridos,veiculos,latitude,longitude,regional,delegacia,uop
273104,2020-03-03,terça-feira,18:40:00,PA,316,108,SANTA MARIA DO PARA,Ingestão de Álcool,Colisão frontal,Com Vítimas Feridas,Plena Noite,Crescente,Céu Claro,Simples,Reta,Sim,2,0,0,1,1,0,1,2,-1.33327682,-47.53499814,SR-PA,UOP02,DEL01
273234,2020-01-02,quinta-feira,10:00:00,PA,316,109.1,SANTA MARIA DO PARA,Falta de Atenção à Condução,Colisão traseira,Com Vítimas Feridas,Pleno dia,Decrescente,Chuva,Simples,Reta,Não,4,0,2,0,2,0,2,2,-1.32781713,-47.5277589,SR-PA,DEL19/1,UOP02/PA
273238,2020-03-04,quarta-feira,16:20:00,PA,316,61.5,CASTANHAL,Desobediência às normas de trânsito pelo condutor,Colisão transversal,Com Vítimas Feridas,Pleno dia,Decrescente,Céu Claro,Dupla,Reta,Sim,2,0,1,0,1,0,1,2,-1.29686015,-47.94639002,SR-PA,UOP01,DEL01
273339,2020-03-05,quinta-feira,08:00:00,PA,163,1004,SANTAREM,Falta de Atenção à Condução,Colisão transversal,Com Vítimas Feridas,Pleno dia,Crescente,Chuva,Dupla,Não Informado,Sim,2,0,1,0,1,0,1,2,-2.43824523,-54.73276577,SR-PA,UOP01,DEL05
274004,2020-03-08,domingo,05:00:00,PA,230,118.5,MARABA,Falta de Atenção à Condução,Colisão traseira,Sem Vítimas,Amanhecer,Crescente,Céu Claro,Dupla,Interseção de vias,Sim,2,0,0,0,2,0,0,2,-5.35193706,-49.09794103,SR-PA,UOP01,DEL03
274120,2020-03-08,domingo,18:20:00,PA,230,114,MARABA,Defeito na Via,Colisão traseira,Com Vítimas Feridas,Anoitecer,Crescente,Nublado,Simples,Não Informado,Sim,2,0,1,0,1,0,1,2,-5.36466678,-49.06623294,SR-PA,UOP01,DEL03
274265,2020-03-09,segunda-feira,08:00:00,PA,10,317,IRITUIA,Falta de Atenção do Pedestre,Atropelamento de Pedestre,Com Vítimas Fatais,Pleno dia,Crescente,Céu Claro,Simples,Reta,Não,2,1,0,0,0,1,0,1,-1.65914611,-47.49362371,SR-PA,UOP02,DEL01
274429,2020-03-10,terça-feira,05:15:00,PA,222,234,MARABA,Falta de Atenção à Condução,Colisão traseira,Com Vítimas Feridas,Plena Noite,Decrescente,Chuva,Simples,Reta,Não,3,0,1,1,1,0,2,2,-5.269228,-49.070427,SR-PA,UOP01,DEL03
274685,2020-03-11,quarta-feira,10:30:00,PA,316,66,CASTANHAL,Desobediência às normas de trânsito pelo condutor,Colisão lateral,Com Vítimas Feridas,Pleno dia,Decrescente,Céu Claro,Simples,Reta,Sim,2,0,1,0,1,0,1,2,-1.29533525,-47.90182499,SR-PA,UOP01,DEL01
274938,2020-03-12,quinta-feira,10:45:00,PA,316,28,BENEVIDES,Pista Escorregadia,Saída de leito carroçável,Com Vítimas Feridas,Pleno dia,Decrescente,Chuva,Dupla,Curva,Sim,1,0,1,0,0,0,1,1,-1.31121896,-48.22115206,SR-PA,UOP01,DEL01
274940,2020-03-12,quinta-feira,18:15:00,PA,163,1002,SANTAREM,Desobediência às normas de trânsito pelo condutor,Colisão transversal,Com Vítimas Feridas,Anoitecer,Crescente,Céu Claro,Simples,Reta,Sim,2,0,1,0,1,0,1,2,-2.4425333,-54.7310624,SR-PA,UOP01,DEL05
274941,2020-03-12,quinta-feira,18:50:00,PA,230,126.6,MARABA,Animais na Pista,Atropelamento de Animal,Com Vítimas Feridas,Plena Noite,Decrescente,Céu Claro,Simples,Desvio Temporário,Não,1,0,0,1,0,0,1,1,-5.37505596,-49.15660858,SR-PA,UOP01,DEL03
274989,2020-03-12,quinta-feira,23:40:00,PA,230,120.8,MARABA,Pista Escorregadia,Queda de ocupante de veículo,Com Vítimas Feridas,Plena Noite,Crescente,Chuva,Dupla,Curva,Sim,2,0,0,1,1,0,1,1,-5.351318,-49.120542,SR-PA,UOP01,DEL03
275204,2020-03-13,sexta-feira,20:30:00,PA,230,111,MARABA,Defeito na Via,Queda de ocupante de veículo,Com Vítimas Feridas,Plena Noite,Crescente,Nublado,Simples,Reta,Sim,2,0,2,0,0,0,2,1,-5.37139594,-49.04004698,SR-PA,UOP01,DEL03
275290,2020-03-14,sábado,08:50:00,PA,316,22,BENEVIDES,Defeito na Via,Colisão traseira,Com Vítimas Feridas,Pleno dia,Decrescente,Céu Claro,Dupla,Reta,Sim,3,0,0,1,2,0,1,2,-1.3534463,-48.2570266,SR-PA,UOP01,DEL01
275344,2020-03-14,sábado,13:00:00,PA,316,32,SANTA IZABEL DO PARA,Pista Escorregadia,Saída de leito carroçável,Com Vítimas Feridas,Pleno dia,Decrescente,Chuva,Dupla,Curva,Não,2,0,1,0,0,1,1,1,-1.29833956,-48.18889696,SR-PA,UOP01,DEL01
275454,2020-03-14,sábado,21:30:00,PA,153,45,SAO DOMINGOS DO ARAGUAIA,Falta de Atenção à Condução,Colisão transversal,Com Vítimas Fatais,Plena Noite,Crescente,Chuva,Simples,Interseção de vias,Não,3,1,1,0,1,0,1,2,-5.516862,-48.736629,SR-PA,UOP01,DEL03
275461,2020-03-14,sábado,21:30:00,PA,163,986,SANTAREM,Desobediência às normas de trânsito pelo condutor,Colisão transversal,Com Vítimas Feridas,Plena Noite,Decrescente,Nublado,Simples,Reta,Sim,2,0,0,2,0,0,2,2,-2.59271401,-54.71976013,SR-PA,UOP01,DEL05
275579,2020-03-15,domingo,19:00:00,PA,155,305,MARABA,Defeito na Via,Tombamento,Com Vítimas Feridas,Plena Noite,Crescente,Garoa/Chuvisco,Simples,Reta,Não,1,0,1,0,0,0,1,1,-5.69507797,-49.12021804,SR-PA,UOP01,DEL03
275638,2020-03-15,domingo,15:00:00,PA,222,239.6,MARABA,Defeito na Via,Queda de ocupante de veículo,Com Vítimas Feridas,Pleno dia,Crescente,Sol,Simples,Reta,Sim,3,0,2,0,0,1,2,1,-5.302089,-49.0723,SR-PA,UOP01,DEL03
275668,2020-03-16,segunda-feira,00:00:00,PA,316,21,BENEVIDES,Falta de Atenção à Condução,Colisão transversal,Com Vítimas Fatais,Plena Noite,Decrescente,Nublado,Dupla,Retorno Regulamentado,Não,2,1,0,0,0,1,0,2,-1.36097138,-48.26241527,SR-PA,UOP01,DEL01
275765,2020-02-17,segunda-feira,06:10:00,PA,316,23.5,BENEVIDES,Desobediência às normas de trânsito pelo condutor,Colisão transversal,Com Vítimas Feridas,Pleno dia,Decrescente,Nublado,Dupla,Reta,Sim,3,0,1,2,0,0,3,2,-1.34123949,-48.24547291,SR-PA,UOP01,DEL01
275818,2020-03-15,domingo,03:10:00,PA,163,1001.9,SANTAREM,Ingestão de Álcool,Colisão traseira,Sem Vítimas,Plena Noite,Decrescente,Chuva,Simples,Reta,Não,2,0,0,0,2,0,0,2,-2.45700837,-54.72847939,SR-PA,UOP01,DEL05
275963,2020-03-17,terça-feira,13:53:00,PA,316,71,CASTANHAL,Falta de Atenção à Condução,Colisão traseira,Com Vítimas Feridas,Pleno dia,Decrescente,Céu Claro,Simples,Reta,Não,2,0,0,1,1,0,1,2,-1.29062917,-47.85733898,SR-PA,UOP01,DEL01
276029,2020-03-17,terça-feira,14:00:00,PA,155,303,MARABA,Desobediência às normas de trânsito pelo condutor,Tombamento,Com Vítimas Feridas,Pleno dia,Crescente,Sol,Simples,Reta,Não,4,0,1,0,0,3,1,1,-5.70870372,-49.13210433,SR-PA,UOP01,DEL03
276051,2020-03-17,terça-feira,11:15:00,PA,163,406,ITAITUBA,Pista Escorregadia,Colisão frontal,Com Vítimas Feridas,Pleno dia,Crescente,Chuva,Simples,Não Informado,Não,2,0,2,0,0,0,2,2,-6.25402826,-55.61310615,SR-PA,UOP01,DEL05
276083,2020-02-20,quinta-feira,18:40:00,PA,316,62,CASTANHAL,Não guardar distância de segurança,Engavetamento,Sem Vítimas,Plena Noite,Crescente,Chuva,Dupla,Reta,Sim,3,0,0,0,3,0,0,3,-1.29786885,-47.93764104,SR-PA,UOP01,DEL01
276187,2020-03-18,quarta-feira,16:30:00,PA,222,245.5,MARABA,Desobediência às normas de trânsito pelo condutor,Colisão transversal,Com Vítimas Feridas,Pleno dia,Decrescente,Céu Claro,Simples,Interseção de vias,Sim,2,0,0,1,1,0,1,2,-5.355886,-49.079418,SR-PA,UOP01,DEL03
276195,2020-03-18,quarta-feira,16:42:00,PA,230,121,MARABA,Falta de Atenção à Condução,Colisão traseira,Sem Vítimas,Pleno dia,Decrescente,Céu Claro,Dupla,Curva,Não,3,0,0,0,2,1,0,2,-5.35297407,-49.12143673,SR-PA,UOP01,DEL03
276213,2020-03-18,quarta-feira,18:50:00,PA,163,1002.5,SANTAREM,Falta de Atenção do Pedestre,Atropelamento de Pedestre,Com Vítimas Feridas,Plena Noite,Crescente,Céu Claro,Simples,Reta,Sim,2,0,2,0,0,0,2,1,-2.45567004,-54.72854541,SR-PA,UOP01,DEL05
276310,2020-03-19,quinta-feira,05:30:00,PA,316,120,SANTA MARIA DO PARA,Restrição de Visibilidade,Colisão traseira,Com Vítimas Feridas,Amanhecer,Crescente,Nevoeiro/Neblina,Simples,Reta,Não,3,0,2,1,0,0,3,1,-1.31293404,-47.43460301,SR-PA,UOP02,DEL01
276332,2020-02-15,sábado,03:34:00,PA,316,84,SAO FRANCISCO DO PARA,Desobediência às normas de trânsito pelo condutor,Tombamento,Com Vítimas Feridas,Plena Noite,Decrescente,Céu Claro,Simples,Reta,Não,3,0,1,0,2,0,1,2,-1.3101929,-47.74456398,SR-PA,UOP02,DEL01
276373,2020-03-19,quinta-feira,15:44:00,PA,222,243,MARABA,Ultrapassagem Indevida,Tombamento,Com Vítimas Fatais,Pleno dia,Decrescente,Céu Claro,Simples,Ponte,Sim,2,1,0,0,1,0,0,2,-5.3210471,-49.08245087,SR-PA,UOP01,DEL03
276376,2020-03-19,quinta-feira,13:30:00,PA,230,572,VITORIA DO XINGU,Velocidade Incompatível,Saída de leito carroçável,Sem Vítimas,Pleno dia,Decrescente,Chuva,Simples,Curva,Não,1,0,0,0,1,0,0,1,-3.135454,-51.712702,SR-PA,UOP01,DEL04
276377,2020-03-17,terça-feira,18:50:00,PA,10,346,SANTA MARIA DO PARA,Falta de Atenção do Pedestre,Atropelamento de Pedestre,Com Vítimas Feridas,Plena Noite,Decrescente,Nublado,Simples,Reta,Sim,2,0,0,1,0,1,1,1,-1.416206,-47.552919,SR-PA,UOP02,DEL01
276489,2020-03-20,sexta-feira,07:30:00,PA,230,115,MARABA,Falta de Atenção à Condução,Colisão lateral,Com Vítimas Feridas,Pleno dia,Crescente,Céu Claro,Múltipla,Reta,Sim,2,0,1,0,1,0,1,2,-5.35742029,-49.08692479,SR-PA,UOP01,DEL03
276508,2020-03-14,sábado,18:35:00,PA,222,245,MARABA,Desobediência às normas de trânsito pelo condutor,Colisão traseira,Com Vítimas Feridas,Anoitecer,Decrescente,Céu Claro,Dupla,Interseção de vias,Sim,3,0,1,0,0,2,1,3,-5.355886,-49.079418,SR-PA,UOP01,DEL03
276557,2020-03-20,sexta-feira,15:00:00,PA,222,245,MARABA,Ultrapassagem Indevida,Colisão transversal,Com Vítimas Feridas,Pleno dia,Decrescente,Céu Claro,Simples,Reta,Sim,3,0,1,0,2,0,1,2,-5.355886,-49.079418,SR-PA,UOP01,DEL03
276561,2020-03-20,sexta-feira,15:05:00,PA,163,1001,SANTAREM,Desobediência às normas de trânsito pelo condutor,Queda de ocupante de veículo,Com Vítimas Feridas,Pleno dia,Crescente,Nublado,Simples,Interseção de vias,Sim,2,0,1,0,1,0,1,2,-2.45572209,-54.7285223,SR-PA,UOP01,DEL05
276665,2020-03-21,sábado,04:30:00,PA,155,318,MARABA,Defeito na Via,Colisão lateral,Com Vítimas Feridas,Amanhecer,Decrescente,Chuva,Simples,Reta,Não,2,0,1,0,1,0,1,2,-5.59261797,-49.07697336,SR-PA,UOP01,DEL03
276792,2020-03-22,domingo,00:05:00,PA,316,108,SANTA MARIA DO PARA,Falta de Atenção à Condução,Saída de leito carroçável,Com Vítimas Feridas,Plena Noite,Decrescente,Nublado,Simples,Reta,Não,1,0,1,0,0,0,1,1,-1.33327682,-47.53499814,SR-PA,UOP02,DEL01
276821,2020-03-22,domingo,11:30:00,PA,316,29,SANTA IZABEL DO PARA,Defeito na Via,Tombamento,Com Vítimas Feridas,Pleno dia,Decrescente,Céu Claro,Dupla,Reta,Não,2,0,2,0,0,0,2,1,-1.30798228,-48.21336896,SR-PA,UOP01,DEL01
276910,2020-03-22,domingo,23:50:00,PA,230,119,MARABA,Velocidade Incompatível,Tombamento,Com Vítimas Feridas,Plena Noite,Crescente,Céu Claro,Dupla,Curva,Sim,2,0,1,0,1,0,1,1,-5.35037015,-49.11912203,SR-PA,UOP01,DEL03
276967,2020-03-23,segunda-feira,14:00:00,PA,316,45,SANTA IZABEL DO PARA,Velocidade Incompatível,Capotamento,Com Vítimas Feridas,Pleno dia,Crescente,Céu Claro,Dupla,Reta,Não,3,0,2,0,1,0,2,1,-1.277567,-48.078326,SR-PA,UOP01,DEL01
277045,2020-03-24,terça-feira,11:10:00,PA,222,238.3,MARABA,Desobediência às normas de trânsito pelo condutor,Colisão transversal,Com Vítimas Feridas,Pleno dia,Decrescente,Céu Claro,Simples,Reta,Sim,2,0,1,0,1,0,1,2,-5.301523,-49.072395,SR-PA,UOP01,DEL03
277161,2020-03-25,quarta-feira,13:55:00,PA,230,119,MARABA,Não guardar distância de segurança,Colisão traseira,Com Vítimas Feridas,Pleno dia,Decrescente,Sol,Dupla,Reta,Sim,2,0,1,0,1,0,1,2,-5.350407,-49.105981,SR-PA,UOP01,DEL03
277247,2020-03-26,quinta-feira,12:15:00,PA,163,1005.6,SANTAREM,Falta de Atenção à Condução,Colisão com objeto estático,Sem Vítimas,Pleno dia,Decrescente,Céu Claro,Dupla,Reta,Sim,1,0,0,0,1,0,0,1,-2.42943608,-54.73462738,SR-PA,UOP01,DEL05
277251,2020-03-26,quinta-feira,13:30:00,PA,316,36,SANTA IZABEL DO PARA,Falta de Atenção à Condução,Colisão transversal,Com Vítimas Fatais,Pleno dia,Decrescente,Nublado,Dupla,Não Informado,Sim,2,1,0,0,1,0,0,2,-1.29009976,-48.15602469,SR-PA,UOP01,DEL01
277504,2020-03-28,sábado,20:15:00,PA,316,36.2,SANTA IZABEL DO PARA,Ingestão de Álcool,Saída de leito carroçável,Sem Vítimas,Plena Noite,Crescente,Nublado,Dupla,Reta,Não,1,0,0,0,1,0,0,1,-1.28676,-48.15054,SR-PA,UOP01,DEL01
277508,2020-03-28,sábado,20:55:00,PA,163,973,BELTERRA,Falta de Atenção à Condução,Atropelamento de Pedestre,Com Vítimas Feridas,Plena Noite,Decrescente,Céu Claro,Simples,Reta,Não,2,0,1,0,0,1,1,1,-2.64879863,-54.80989708,SR-PA,UOP01,DEL05
277547,2020-03-28,sábado,20:30:00,PA,230,682,BRASIL NOVO,Ingestão de Álcool,Saída de leito carroçável,Com Vítimas Feridas,Plena Noite,Crescente,Nublado,Simples,Reta,Não,1,0,1,0,0,0,1,1,-3.28152181,-52.44514699,SR-PA,UOP01,DEL04
277631,2020-03-29,domingo,15:15:00,PA,230,672,BRASIL NOVO,Desobediência às normas de trânsito pelo condutor,Colisão transversal,Com Vítimas Feridas,Pleno dia,Crescente,Sol,Dupla,Não Informado,Não,2,0,0,2,0,0,2,2,-3.296051,-52.489007,SR-PA,UOP01,DEL04
277646,2020-03-29,domingo,19:10:00,PA,316,48,CASTANHAL,Avarias e/ou desgaste excessivo no pneu,Tombamento,Com Vítimas Feridas,Plena Noite,Crescente,Céu Claro,Dupla,Reta,Não,2,0,0,2,0,0,2,1,-1.29155307,-48.05614099,SR-PA,UOP01,DEL01
277720,2020-03-03,terça-feira,20:30:00,PA,230,121.5,MARABA,Sinalização da via insuficiente ou inadequada,Colisão transversal,Com Vítimas Feridas,Plena Noite,Decrescente,Céu Claro,Dupla,Desvio Temporário,Sim,2,0,1,0,1,0,1,2,-5.35297407,-49.12143673,SR-PA,UOP01,DEL03
277722,2020-03-10,terça-feira,08:30:00,PA,316,111,SANTA MARIA DO PARA,Desobediência às normas de trânsito pelo condutor,Colisão transversal,Com Vítimas Feridas,Pleno dia,Crescente,Chuva,Simples,Interseção de vias,Não,4,0,3,0,1,0,3,2,-1.31708992,-47.51316503,SR-PA,UOP02,DEL01
277723,2020-03-19,quinta-feira,12:00:00,PA,422,10,NOVO REPARTIMENTO,Pista Escorregadia,Saída de leito carroçável,Com Vítimas Feridas,Pleno dia,Decrescente,Chuva,Simples,Reta,Não,3,0,3,0,0,0,3,1,-4.20769984,-49.90857215,SR-PA,UOP01,DEL03
277732,2020-03-14,sábado,09:30:00,PA,163,215,NOVO PROGRESSO,Desobediência às normas de trânsito pelo condutor,Colisão transversal,Com Vítimas Feridas,Pleno dia,Decrescente,Céu Claro,Simples,Reta,Não,6,0,0,1,5,0,1,2,-7.82578004,-55.18726728,SR-PA,UOP01,DEL05
277749,2020-03-03,terça-feira,13:13:00,PA,316,31,SANTA IZABEL DO PARA,Pista Escorregadia,Colisão transversal,Com Vítimas Feridas,Pleno dia,Decrescente,Garoa/Chuvisco,Dupla,Reta,Não,2,0,1,0,1,0,1,2,-1.3025866,-48.1965672,SR-PA,UOP01,DEL01
277758,2020-03-04,quarta-feira,14:50:00,PA,163,993,SANTAREM,Não guardar distância de segurança,Colisão traseira,Com Vítimas Feridas,Pleno dia,Crescente,Céu Claro,Simples,Reta,Não,2,0,1,0,1,0,1,2,-2.529841,-54.722595,SR-PA,UOP01,DEL05
277787,2020-03-02,segunda-feira,06:50:00,PA,163,988,SANTAREM,Não guardar distância de segurança,Colisão traseira,Com Vítimas Feridas,Pleno dia,Decrescente,Chuva,Simples,Reta,Não,2,0,0,1,1,0,1,2,-2.574782,-54.720886,SR-PA,UOP01,DEL05
277823,2020-03-18,quarta-feira,15:00:00,PA,10,117.8,PARAGOMINAS,Defeito na Via,Colisão lateral,Com Vítimas Fatais,Pleno dia,Decrescente,Céu Claro,Simples,Reta,Não,3,2,0,0,0,1,0,2,-3.410263,-47.449679,SR-PA,UOP01,DEL02
277838,2020-03-31,terça-feira,13:00:00,PA,230,119,MARABA,Velocidade Incompatível,Colisão com objeto estático,Com Vítimas Feridas,Pleno dia,Decrescente,Sol,Dupla,Ponte,Sim,1,0,1,0,0,0,1,1,-5.3532,-49.121534,SR-PA,UOP01,DEL03
277850,2020-03-03,terça-feira,10:45:00,PA,316,62,CASTANHAL,Falta de Atenção à Condução,Colisão traseira,Com Vítimas Feridas,Pleno dia,Decrescente,Céu Claro,Dupla,Reta,Sim,2,0,1,0,1,0,1,2,-1.29786885,-47.93764104,SR-PA,UOP01,DEL01
277860,2020-03-31,terça-feira,17:40:00,PA,222,245,MARABA,Defeito na Via,Tombamento,Com Vítimas Fatais,Anoitecer,Decrescente,Nublado,Simples,Reta,Sim,2,1,0,0,1,0,0,2,-5.347676,-49.080456,SR-PA,UOP01,DEL03
277864,2020-03-05,quinta-feira,00:25:00,PA,163,1002,SANTAREM,Falta de Atenção do Pedestre,Atropelamento de Pedestre,Com Vítimas Fatais,Plena Noite,Decrescente,Céu Claro,Simples,Reta,Sim,2,1,0,0,1,0,0,1,-2.48037552,-54.73118305,SR-PA,UOP01,DEL05
277887,2020-03-31,terça-feira,20:20:00,PA,155,329,MARABA,Defeito na Via,Tombamento,Com Vítimas Feridas,Plena Noite,Decrescente,Nublado,Simples,Reta,Não,1,0,1,0,0,0,1,1,-5.513818,-49.07437,SR-PA,UOP01,DEL03
277995,2020-04-01,quarta-feira,17:00:00,PA,10,353.4,SANTA MARIA DO PARA,Desobediência às normas de trânsito pelo condutor,Colisão lateral,Com Vítimas Feridas,Pleno dia,Decrescente,Nublado,Simples,Reta,Sim,2,0,0,1,1,0,1,2,-1.35646249,-47.57423141,SR-PA,UOP02,DEL01
278002,2020-04-01,quarta-feira,18:30:00,PA,163,1001.5,SANTAREM,Falta de Atenção à Condução,Colisão transversal,Com Vítimas Feridas,Plena Noite,Decrescente,Ignorado,Simples,Reta,Não,3,0,1,0,2,0,1,2,-2.458115,-54.728163,SR-PA,UOP01,DEL05
278068,2020-03-05,quinta-feira,15:20:00,PA,163,958,BELTERRA,Defeito Mecânico no Veículo,Tombamento,Com Vítimas Feridas,Pleno dia,Decrescente,Céu Claro,Simples,Reta,Não,4,0,1,0,3,0,1,1,-2.730976,-54.900154,SR-PA,UOP01,DEL05
278110,2020-03-27,sexta-feira,20:30:00,PA,163,1002,SANTAREM,Falta de Atenção do Pedestre,Atropelamento de Pedestre,Com Vítimas Feridas,Plena Noite,Crescente,Ignorado,Simples,Reta,Sim,3,0,1,1,0,1,2,1,-2.45567004,-54.72854541,SR-PA,UOP01,DEL05
278113,2020-03-07,sábado,18:05:00,PA,163,1003,SANTAREM,Desobediência às normas de trânsito pelo condutor,Colisão transversal,Com Vítimas Feridas,Pleno dia,Crescente,Céu Claro,Simples,Reta,Sim,3,0,1,0,2,0,1,2,-2.44688525,-54.73048152,SR-PA,UOP01,DEL05
278117,2020-04-02,quinta-feira,19:39:00,PA,230,112,MARABA,Falta de Atenção à Condução,Colisão transversal,Com Vítimas Feridas,Plena Noite,Crescente,Céu Claro,Dupla,Reta,Sim,2,0,2,0,0,0,2,2,-5.37125328,-49.13235068,SR-PA,UOP01,DEL03
278169,2020-03-05,quinta-feira,09:00:00,PA,230,121,MARABA,Falta de Atenção à Condução,Colisão lateral,Sem Vítimas,Pleno dia,Crescente,Céu Claro,Dupla,Reta,Sim,2,0,0,0,2,0,0,2,-5.36302829,-49.12429333,SR-PA,UOP01,DEL03
278176,2020-04-03,sexta-feira,09:50:00,PA,10,353,SANTA MARIA DO PARA,Desobediência às normas de trânsito pelo condutor,Colisão lateral,Com Vítimas Feridas,Pleno dia,Decrescente,Céu Claro,Simples,Reta,Sim,2,0,1,0,1,0,1,2,-1.35646249,-47.57423141,SR-PA,UOP02,DEL01
278177,2020-03-07,sábado,11:00:00,PA,230,116,MARABA,Desobediência às normas de trânsito pelo condutor,Colisão transversal,Com Vítimas Feridas,Pleno dia,Crescente,Céu Claro,Dupla,Reta,Sim,3,0,0,1,2,0,1,2,-5.35947454,-49.08301084,SR-PA,UOP01,DEL03
278188,2020-03-09,segunda-feira,04:00:00,PA,222,239,MARABA,Falta de Atenção à Condução,Colisão traseira,Sem Vítimas,Amanhecer,Crescente,Nublado,Simples,Reta,Não,2,0,0,0,0,2,0,2,-5.302089,-49.0723,SR-PA,UOP01,DEL03
278190,2020-03-04,quarta-feira,17:15:00,PA,222,18.2,DOM ELISEU,Falta de Atenção à Condução,Colisão com objeto estático,Sem Vítimas,Pleno dia,Decrescente,Céu Claro,Simples,Reta,Sim,2,0,0,0,1,1,0,2,-4.293095,-47.556904,SR-PA,UOP02,DEL02
278212,2020-03-08,domingo,14:03:00,PA,222,228,MARABA,Falta de Atenção à Condução,Colisão transversal,Com Vítimas Feridas,Pleno dia,Decrescente,Céu Claro,Simples,Reta,Sim,3,0,0,3,0,0,3,2,-5.223623,-49.051292,SR-PA,UOP01,DEL03
278216,2020-03-05,quinta-feira,19:20:00,PA,316,33.6,SANTA IZABEL DO PARA,Desobediência às normas de trânsito pelo pedestre,Atropelamento de Pedestre,Com Vítimas Feridas,Plena Noite,Decrescente,Céu Claro,Dupla,Reta,Sim,2,0,1,1,0,0,2,1,-1.29877612,-48.18005497,SR-PA,UOP01,DEL01
278218,2020-03-17,terça-feira,11:00:00,PA,316,69.9,CASTANHAL,Falta de Atenção à Condução,Engavetamento,Com Vítimas Feridas,Pleno dia,Decrescente,Céu Claro,Simples,Não Informado,Não,6,0,0,1,4,1,1,6,-1.29277675,-47.87507708,SR-PA,UOP01,DEL01
278237,2020-03-02,segunda-feira,23:00:00,PA,10,236,IPIXUNA DO PARA,Falta de Atenção à Condução,Tombamento,Com Vítimas Feridas,Plena Noite,Decrescente,Chuva,Simples,Não Informado,Não,2,0,2,0,0,0,2,1,-2.372881,-47.550656,SR-PA,UOP01,DEL02
278238,2020-03-09,segunda-feira,11:10:00,PA,155,266,ELDORADO DO CARAJAS,Desobediência às normas de trânsito pelo condutor,Colisão frontal,Com Vítimas Feridas,Pleno dia,Crescente,Chuva,Simples,Reta,Não,2,0,1,0,1,0,1,2,-6.00800036,-49.25711559,SR-PA,UOP01,DEL03
278242,2020-04-03,sexta-feira,17:15:00,PA,316,19.9,BENEVIDES,Falta de Atenção à Condução,Colisão transversal,Com Vítimas Feridas,Pleno dia,Decrescente,Céu Claro,Dupla,Reta,Não,2,0,1,0,1,0,1,2,-1.3642339,-48.266582,SR-PA,UOP01,DEL01
278356,2020-03-05,quinta-feira,18:35:00,PA,316,110,SANTA MARIA DO PARA,Falta de Atenção à Condução,Colisão transversal,Com Vítimas Feridas,Anoitecer,Crescente,Nublado,Simples,Reta,Sim,2,0,1,0,1,0,1,2,-1.32235116,-47.52052288,SR-PA,UOP02,DEL01
278512,2020-04-05,domingo,14:00:00,PA,316,113,SANTA MARIA DO PARA,Pista Escorregadia,Saída de leito carroçável,Com Vítimas Feridas,Pleno dia,Decrescente,Chuva,Simples,Curva,Não,5,0,2,0,3,0,2,1,-1.33965249,-47.57773209,SR-PA,UOP02,DEL01
278590,2020-04-05,domingo,22:20:00,PA,163,936,BELTERRA,Desobediência às normas de trânsito pelo condutor,Colisão frontal,Com Vítimas Feridas,Plena Noite,Crescente,Chuva,Simples,Reta,Não,2,0,1,0,0,1,1,2,-2.92020695,-54.92463029,SR-PA,UOP01,DEL05
278628,2020-04-06,segunda-feira,11:30:00,PA,230,122,MARABA,Desobediência às normas de trânsito pelo condutor,Colisão traseira,Com Vítimas Feridas,Pleno dia,Decrescente,Sol,Dupla,Reta,Sim,2,0,1,0,1,0,1,2,-5.36137537,-49.12376139,SR-PA,UOP01,DEL03
278653,2020-04-06,segunda-feira,15:20:00,PA,230,117,MARABA,Falta de Atenção à Condução,Colisão lateral,Com Vítimas Feridas,Pleno dia,Decrescente,Nublado,Dupla,Desvio Temporário,Sim,2,0,1,0,1,0,1,2,-5.35569904,-49.09047302,SR-PA,UOP01,DEL03
278703,2020-04-06,segunda-feira,19:40:00,PA,230,631.5,ALTAMIRA,Mal Súbito,Queda de ocupante de veículo,Com Vítimas Feridas,Plena Noite,Crescente,Céu Claro,Simples,Rotatória,Sim,1,0,1,0,0,0,1,1,-3.17385208,-52.17897684,SR-PA,UOP01,DEL04
278781,2020-01-12,domingo,19:40:00,PA,163,989,SANTAREM,Falta de Atenção à Condução,Colisão traseira,Com Vítimas Feridas,Plena Noite,Decrescente,Céu Claro,Simples,Reta,Não,3,0,3,0,0,0,3,2,-2.565797,-54.721375,SR-PA,DEL19/5,UOP01/PA
278800,2020-03-10,terça-feira,13:30:00,PA,230,119,MARABA,Falta de Atenção à Condução,Tombamento,Com Vítimas Feridas,Pleno dia,Decrescente,Céu Claro,Dupla,Reta,Sim,2,0,1,0,0,1,1,2,-5.350407,-49.105981,SR-PA,UOP01,DEL03
278802,2020-04-07,terça-feira,15:30:00,PA,163,982.3,SANTAREM,Desobediência às normas de trânsito pelo condutor,Colisão lateral,Com Vítimas Feridas,Pleno dia,Crescente,Nublado,Simples,Não Informado,Não,2,0,1,0,1,0,1,2,-2.6226074,-54.73532058,SR-PA,UOP01,DEL05