id,data_inversa,dia_semana,horario,uf,br,km,municipio,causa_acidente,tipo_acidente,classificacao_acidente,fase_dia,sentido_via,condicao_metereologica,tipo_pista,tracado_via,uso_solo,pessoas,mortos,feridos_leves,feridos_graves,ilesos,ignorados,feridos,veiculos,latitude,longitude,regional,delegacia,uop
278924,2020-04-04,sábado,23:40:00,PA,230,631,ALTAMIRA,Velocidade Incompatível,Saída de leito carroçável,Sem Vítimas,Plena Noite,Crescente,Chuva,Simples,Reta,Não,1,0,0,0,0,1,0,1,-3.157659,-52.175678,SR-PA,UOP01,DEL04
279070,2020-03-10,terça-feira,19:00:00,PA,10,353,SANTA MARIA DO PARA,Ingestão de Álcool,Colisão frontal,Sem Vítimas,Plena Noite,Decrescente,Garoa/Chuvisco,Dupla,Interseção de vias,Sim,2,0,0,0,2,0,0,2,-1.35646249,-47.57423141,SR-PA,UOP02,DEL01
279198,2020-04-10,sexta-feira,08:00:00,PA,316,68,CASTANHAL,Defeito na Via,Colisão com objeto estático,Sem Vítimas,Pleno dia,Crescente,Nublado,Simples,Não Informado,Sim,1,0,0,0,1,0,0,1,-1.29440507,-47.88382304,SR-PA,UOP01,DEL01
279259,2020-04-10,sexta-feira,20:30:00,PA,230,126,MARABA,Desobediência às normas de trânsito pelo condutor,Colisão lateral,Com Vítimas Feridas,Plena Noite,Crescente,Céu Claro,Simples,Desvio Temporário,Não,2,0,0,2,0,0,2,1,-5.37587385,-49.15164398,SR-PA,UOP01,DEL03
279274,2020-04-10,sexta-feira,22:50:00,PA,230,121,MARABA,Desobediência às normas de trânsito pelo condutor,Colisão transversal,Com Vítimas Feridas,Plena Noite,Decrescente,Céu Claro,Dupla,Reta,Sim,4,0,1,0,3,0,1,2,-5.35297407,-49.12143673,SR-PA,UOP01,DEL03
279301,2020-04-10,sexta-feira,23:10:00,PA,230,15,PALESTINA DO PARA,Defeito na Via,Tombamento,Com Vítimas Feridas,Plena Noite,Crescente,Nublado,Simples,Não Informado,Não,1,0,1,0,0,0,1,1,-5.696301,-48.34225,SR-PA,UOP01,DEL03
279309,2020-03-08,domingo,19:40:00,PA,222,60,DOM ELISEU,Falta de Atenção à Condução,Colisão traseira,Com Vítimas Fatais,Plena Noite,Decrescente,Chuva,Simples,Não Informado,Não,2,1,0,0,0,1,0,2,-4.484416,-47.819866,SR-PA,UOP02,DEL02
279315,2020-04-11,sábado,08:45:00,PA,316,39,SANTA IZABEL DO PARA,Deficiência ou não Acionamento do Sistema de Iluminação/Sinalização do Veículo,Colisão transversal,Com Vítimas Feridas,Pleno dia,Decrescente,Céu Claro,Dupla,Reta,Não,2,0,1,0,1,0,1,2,-1.28141702,-48.131196,SR-PA,UOP01,DEL01
279666,2020-04-13,segunda-feira,14:00:00,PA,163,999,SANTAREM,Falta de Atenção à Condução,Colisão transversal,Com Vítimas Feridas,Pleno dia,Decrescente,Nublado,Simples,Reta,Sim,2,0,1,0,1,0,1,2,-2.48200297,-54.73142511,SR-PA,UOP01,DEL05
279783,2020-04-13,segunda-feira,22:10:00,PA,10,41,DOM ELISEU,Desobediência às normas de trânsito pelo condutor,Colisão frontal,Com Vítimas Feridas,Plena Noite,Crescente,Chuva,Simples,Desvio Temporário,Não,2,0,0,1,1,0,1,2,-4.09119307,-47.5469016,SR-PA,UOP02,DEL02
279785,2020-03-15,domingo,15:45:00,PA,10,313,IRITUIA,Desobediência às normas de trânsito pelo condutor,Colisão frontal,Com Vítimas Fatais,Pleno dia,Crescente,Chuva,Simples,Reta,Não,3,3,0,0,0,0,0,2,-1.69309796,-47.50215758,SR-PA,UOP02,DEL01
279811,2020-04-14,terça-feira,10:30:00,PA,222,215,BOM JESUS DO TOCANTINS,Pista Escorregadia,Colisão frontal,Com Vítimas Feridas,Pleno dia,Crescente,Chuva,Simples,Reta,Não,4,0,3,0,1,0,3,2,-5.16771147,-48.93806219,SR-PA,UOP01,DEL03
279818,2020-04-14,terça-feira,16:15:00,PA,316,62,CASTANHAL,Falta de Atenção à Condução,Colisão traseira,Sem Vítimas,Pleno dia,Crescente,Garoa/Chuvisco,Dupla,Reta,Sim,2,0,0,0,2,0,0,2,-1.296611,-47.92586,SR-PA,UOP01,DEL01
279938,2020-04-15,quarta-feira,16:10:00,PA,316,41,SANTA IZABEL DO PARA,Velocidade Incompatível,Saída de leito carroçável,Com Vítimas Feridas,Pleno dia,Crescente,Céu Claro,Simples,Curva,Sim,2,0,2,0,0,0,2,1,-1.27865788,-48.113552,SR-PA,UOP01,DEL01
279971,2020-03-08,domingo,19:00:00,PA,316,124,NOVA TIMBOTEUA,Deficiência ou não Acionamento do Sistema de Iluminação/Sinalização do Veículo,Colisão traseira,Com Vítimas Fatais,Plena Noite,Crescente,Chuva,Simples,Reta,Não,3,1,0,0,1,1,0,2,-1.29803243,-47.37596671,SR-PA,UOP02,DEL01
280000,2020-04-15,quarta-feira,22:35:00,PA,316,49,CASTANHAL,Velocidade Incompatível,Saída de leito carroçável,Com Vítimas Feridas,Plena Noite,Crescente,Garoa/Chuvisco,Dupla,Curva,Não,2,0,0,1,0,1,1,1,-1.29792183,-48.04943584,SR-PA,UOP01,DEL01
280174,2020-04-17,sexta-feira,06:00:00,PA,10,4.5,DOM ELISEU,Falta de Atenção à Condução,Danos eventuais,Com Vítimas Feridas,Pleno dia,Decrescente,Céu Claro,Simples,Reta,Não,2,0,2,0,0,0,2,1,-4.41010288,-47.53477225,SR-PA,UOP02,DEL02
280286,2020-04-17,sexta-feira,17:10:00,PA,316,68.6,CASTANHAL,Falta de Atenção à Condução,Queda de ocupante de veículo,Com Vítimas Feridas,Pleno dia,Decrescente,Nublado,Simples,Reta,Não,1,0,1,0,0,0,1,1,-1.29186769,-47.87023187,SR-PA,UOP01,DEL01
280379,2020-03-06,sexta-feira,18:00:00,PA,316,50.4,SANTA IZABEL DO PARA,Defeito Mecânico no Veículo,Tombamento,Com Vítimas Feridas,Anoitecer,Decrescente,Garoa/Chuvisco,Dupla,Reta,Não,2,0,2,0,0,0,2,1,-1.30725961,-48.03531647,SR-PA,UOP01,DEL01
280386,2020-04-18,sábado,16:20:00,PA,316,40,SANTA IZABEL DO PARA,Falta de Atenção à Condução,Queda de ocupante de veículo,Com Vítimas Feridas,Pleno dia,Decrescente,Céu Claro,Dupla,Reta,Não,1,0,1,0,0,0,1,1,-1.2795637,-48.12243407,SR-PA,UOP01,DEL01
280393,2020-04-18,sábado,16:58:00,PA,230,117,MARABA,Desobediência às normas de trânsito pelo condutor,Colisão lateral,Com Vítimas Feridas,Pleno dia,Decrescente,Céu Claro,Dupla,Não Informado,Sim,4,0,1,1,2,0,2,3,-5.35569904,-49.09047302,SR-PA,UOP01,DEL03
280422,2020-04-18,sábado,19:10:00,PA,316,22.6,BENEVIDES,Defeito na Via,Tombamento,Com Vítimas Feridas,Plena Noite,Decrescente,Céu Claro,Dupla,Reta,Não,1,0,0,1,0,0,1,1,-1.3534463,-48.2570266,SR-PA,UOP01,DEL01
280456,2020-04-18,sábado,20:30:00,PA,316,38,SANTA IZABEL DO PARA,Defeito na Via,Colisão com objeto estático,Com Vítimas Feridas,Plena Noite,Decrescente,Nublado,Dupla,Reta,Não,2,0,1,1,0,0,2,1,-1.28327779,-48.13995604,SR-PA,UOP01,DEL01
280473,2020-03-22,domingo,23:00:00,PA,316,28,BENEVIDES,Desobediência às normas de trânsito pelo condutor,Colisão com objeto estático,Com Vítimas Fatais,Plena Noite,Crescente,Céu Claro,Dupla,Curva,Não,1,1,0,0,0,0,0,1,-1.30905043,-48.21954088,SR-PA,UOP01,DEL01
280532,2020-04-19,domingo,06:30:00,PA,230,116,MARABA,Condutor Dormindo,Colisão traseira,Com Vítimas Feridas,Pleno dia,Decrescente,Céu Claro,Dupla,Desvio Temporário,Sim,2,0,0,1,1,0,1,2,-5.35947454,-49.08301084,SR-PA,UOP01,DEL03
280694,2020-04-20,segunda-feira,12:30:00,PA,316,45,SANTA IZABEL DO PARA,Defeito na Via,Saída de leito carroçável,Com Vítimas Feridas,Pleno dia,Decrescente,Sol,Dupla,Reta,Não,3,0,1,0,2,0,1,1,-1.277567,-48.078326,SR-PA,UOP01,DEL01
280770,2020-04-20,segunda-feira,20:45:00,PA,222,237,MARABA,Ingestão de Álcool,Colisão traseira,Sem Vítimas,Plena Noite,Decrescente,Céu Claro,Simples,Reta,Sim,2,0,0,0,2,0,0,2,-5.294009,-49.075771,SR-PA,UOP01,DEL03
280807,2020-04-21,terça-feira,14:15:00,PA,163,1001,SANTAREM,Desobediência às normas de trânsito pelo condutor,Colisão transversal,Com Vítimas Feridas,Pleno dia,Crescente,Céu Claro,Simples,Reta,Sim,2,0,1,0,1,0,1,2,-2.464507,-54.72745295,SR-PA,UOP01,DEL05
280880,2020-04-21,terça-feira,19:00:00,PA,10,150.8,PARAGOMINAS,Defeito na Via,Colisão transversal,Com Vítimas Fatais,Plena Noite,Decrescente,Chuva,Simples,Reta,Não,5,1,1,3,0,0,4,2,-3.12473001,-47.48785397,SR-PA,UOP01,DEL02
280937,2020-04-22,quarta-feira,11:30:00,PA,316,63,CASTANHAL,Falta de Atenção à Condução,Colisão frontal,Com Vítimas Feridas,Pleno dia,Crescente,Céu Claro,Dupla,Reta,Sim,2,0,1,0,1,0,1,2,-1.29679363,-47.92878096,SR-PA,UOP01,DEL01
280947,2020-04-14,terça-feira,19:00:00,PA,230,114,MARABA,Desobediência às normas de trânsito pelo condutor,Colisão transversal,Com Vítimas Feridas,Plena Noite,Decrescente,Céu Claro,Simples,Rotatória,Sim,2,0,0,1,1,0,1,2,-5,-49,SR-PA,UOP01,DEL03
281155,2020-04-24,sexta-feira,00:30:00,PA,316,96,IGARAPE-ACU,Ingestão de Álcool,Saída de leito carroçável,Sem Vítimas,Plena Noite,Decrescente,Céu Claro,Simples,Reta,Não,1,0,0,0,1,0,0,1,-1.32878666,-47.63912194,SR-PA,UOP02,DEL01
281215,2020-04-24,sexta-feira,13:26:00,PA,163,1002,SANTAREM,Falta de Atenção à Condução,Colisão transversal,Com Vítimas Feridas,Pleno dia,Decrescente,Céu Claro,Simples,Interseção de vias,Não,3,0,2,0,1,0,2,2,-2.45567004,-54.72854541,SR-PA,UOP01,DEL05
281299,2020-04-24,sexta-feira,10:50:00,PA,230,118,MARABA,Desobediência às normas de trânsito pelo condutor,Colisão traseira,Com Vítimas Feridas,Pleno dia,Crescente,Céu Claro,Dupla,Reta,Sim,2,0,1,0,1,0,1,2,-5.35193706,-49.09794103,SR-PA,UOP01,DEL03
281335,2020-04-24,sexta-feira,17:45:00,PA,230,114.8,MARABA,Velocidade Incompatível,Capotamento,Com Vítimas Feridas,Anoitecer,Crescente,Céu Claro,Simples,Curva,Não,1,0,1,0,0,0,1,1,-5.3607851,-49.07991886,SR-PA,UOP01,DEL03
281362,2020-04-25,sábado,11:15:00,PA,163,1004,SANTAREM,Falta de Atenção à Condução,Colisão transversal,Com Vítimas Feridas,Pleno dia,Crescente,Céu Claro,Dupla,Interseção de vias,Sim,2,0,1,0,1,0,1,2,-2.43417749,-54.73366598,SR-PA,UOP01,DEL05
281425,2020-04-25,sábado,18:48:00,PA,163,1003,SANTAREM,Falta de Atenção do Pedestre,Atropelamento de Pedestre,Com Vítimas Feridas,Anoitecer,Decrescente,Céu Claro,Dupla,Reta,Sim,2,0,0,1,0,1,1,1,-2.43844298,-54.73292112,SR-PA,UOP01,DEL05
281454,2020-04-25,sábado,20:45:00,PA,163,1003,SANTAREM,Ingestão de Álcool,Colisão transversal,Com Vítimas Feridas,Plena Noite,Crescente,Ignorado,Dupla,Interseção de vias,Sim,3,0,2,1,0,0,3,2,-2.44688525,-54.73048152,SR-PA,UOP01,DEL05
281652,2020-03-29,domingo,10:40:00,PA,10,1.5,DOM ELISEU,Mal Súbito,Atropelamento de Pedestre,Com Vítimas Feridas,Pleno dia,Crescente,Céu Claro,Simples,Reta,Não,2,0,1,1,0,0,2,1,-4.436798,-47.536163,SR-PA,UOP02,DEL02
281731,2020-04-05,domingo,17:48:00,PA,316,22,BENEVIDES,Desobediência às normas de trânsito pelo condutor,Colisão transversal,Sem Vítimas,Pleno dia,Crescente,Chuva,Dupla,Não Informado,Não,2,0,0,0,2,0,0,2,-1.3534463,-48.2570266,SR-PA,UOP01,DEL01
281733,2020-03-17,terça-feira,17:00:00,PA,230,116,MARABA,Ingestão de Álcool,Colisão traseira,Com Vítimas Feridas,Anoitecer,Decrescente,Céu Claro,Dupla,Não Informado,Sim,3,0,1,0,2,0,1,3,-5.35947454,-49.08301084,SR-PA,UOP01,DEL03
281749,2020-04-27,segunda-feira,13:30:00,PA,222,245.2,MARABA,Desobediência às normas de trânsito pelo condutor,Colisão lateral,Com Vítimas Feridas,Pleno dia,Crescente,Sol,Simples,Reta,Sim,2,0,0,1,0,1,1,2,-5.355886,-49.079418,SR-PA,UOP01,DEL03
281805,2020-04-27,segunda-feira,19:30:00,PA,316,35.4,SANTA IZABEL DO PARA,Desobediência às normas de trânsito pelo condutor,Colisão transversal,Com Vítimas Feridas,Plena Noite,Crescente,Nublado,Dupla,Reta,Sim,3,0,0,1,2,0,1,2,-1.29146197,-48.164561,SR-PA,UOP01,DEL01
281854,2020-03-12,quinta-feira,19:30:00,PA,230,120,MARABA,Ingestão de Álcool,Colisão com objeto estático,Sem Vítimas,Plena Noite,Decrescente,Nublado,Dupla,Reta,Sim,2,0,0,0,2,0,0,1,-5.36230193,-49.12410021,SR-PA,UOP01,DEL03
282044,2020-04-29,quarta-feira,16:00:00,PA,316,35.7,SANTA IZABEL DO PARA,Não guardar distância de segurança,Colisão traseira,Sem Vítimas,Pleno dia,Crescente,Nublado,Dupla,Reta,Sim,2,0,0,0,2,0,0,2,-1.289425,-48.154145,SR-PA,UOP01,DEL01
282140,2020-04-30,quinta-feira,11:00:00,PA,230,125,MARABA,Ultrapassagem Indevida,Colisão frontal,Com Vítimas Feridas,Pleno dia,Crescente,Céu Claro,Simples,Reta,Sim,3,0,0,1,2,0,1,3,-5.37652185,-49.14349399,SR-PA,UOP01,DEL03
282155,2020-04-30,quinta-feira,12:20:00,PA,10,18,DOM ELISEU,Falta de Atenção à Condução,Colisão transversal,Com Vítimas Feridas,Pleno dia,Crescente,Sol,Simples,Interseção de vias,Sim,3,0,2,0,1,0,2,2,-4.29024774,-47.55743694,SR-PA,UOP02,DEL02
282160,2020-04-30,quinta-feira,13:30:00,PA,222,238,MARABA,Falta de Atenção à Condução,Colisão lateral,Com Vítimas Feridas,Pleno dia,Crescente,Céu Claro,Simples,Reta,Sim,3,0,1,0,2,0,1,2,-5.301523,-49.072395,SR-PA,UOP01,DEL03
282178,2020-04-30,quinta-feira,17:20:00,PA,230,114,MARABA,Ingestão de Álcool,Colisão traseira,Sem Vítimas,Pleno dia,Decrescente,Céu Claro,Simples,Reta,Não,2,0,0,0,2,0,0,2,-5.36466678,-49.06623294,SR-PA,UOP01,DEL03
282183,2020-04-30,quinta-feira,17:10:00,PA,222,237,MARABA,Desobediência às normas de trânsito pelo condutor,Colisão transversal,Com Vítimas Feridas,Pleno dia,Crescente,Céu Claro,Simples,Reta,Sim,3,0,2,0,1,0,2,2,-5.294009,-49.075771,SR-PA,UOP01,DEL03
282185,2020-04-30,quinta-feira,16:40:00,PA,316,98,SANTA MARIA DO PARA,Defeito na Via,Engavetamento,Sem Vítimas,Pleno dia,Crescente,Nublado,Simples,Reta,Não,3,0,0,0,3,0,0,3,-1.33188337,-47.62160007,SR-PA,UOP02,DEL01
282199,2020-04-30,quinta-feira,19:15:00,PA,222,245,MARABA,Ingestão de Álcool,Colisão traseira,Com Vítimas Feridas,Plena Noite,Decrescente,Céu Claro,Simples,Interseção de vias,Sim,2,0,0,1,1,0,1,2,-5.355886,-49.079418,SR-PA,UOP01,DEL03
282244,2020-05-01,sexta-feira,00:00:00,PA,230,630.5,ALTAMIRA,Ingestão de Álcool,Saída de leito carroçável,Sem Vítimas,Plena Noite,Decrescente,Nublado,Simples,Reta,Não,1,0,0,0,1,0,0,1,-3.17321239,-52.16297998,SR-PA,UOP01,DEL04
282459,2020-05-02,sábado,13:15:00,PA,10,176.1,PARAGOMINAS,Sinalização da via insuficiente ou inadequada,Colisão com objeto estático,Com Vítimas Feridas,Pleno dia,Crescente,Nublado,Simples,Rotatória,Não,3,0,2,0,1,0,2,1,-2.89433295,-47.4335408,SR-PA,UOP01,DEL02
282755,2020-04-21,terça-feira,17:55:00,PA,230,621.5,VITORIA DO XINGU,Avarias e/ou desgaste excessivo no pneu,Colisão frontal,Com Vítimas Fatais,Anoitecer,Decrescente,Chuva,Simples,Reta,Não,3,2,0,0,1,0,0,2,-3.17041082,-52.07942802,SR-PA,UOP01,DEL04
282793,2020-04-16,quinta-feira,14:30:00,PA,10,260,AURORA DO PARA,Animais na Pista,Saída de leito carroçável,Com Vítimas Feridas,Pleno dia,Decrescente,Nublado,Simples,Reta,Não,2,0,2,0,0,0,2,1,-2.15937899,-47.56100024,SR-PA,UOP01,DEL02
282828,2020-05-04,segunda-feira,18:50:00,PA,10,56.4,ULIANOPOLIS,Ingestão de Álcool,Colisão frontal,Com Vítimas Fatais,Plena Noite,Crescente,Céu Claro,Simples,Reta,Sim,2,1,0,0,1,0,0,2,-3.95769094,-47.5412014,SR-PA,UOP02,DEL02
282841,2020-05-04,segunda-feira,10:10:00,PA,163,881.3,BELTERRA,Falta de Atenção à Condução,Tombamento,Com Vítimas Feridas,Pleno dia,Crescente,Chuva,Simples,Curva,Não,3,0,1,0,0,2,1,1,-3.395213,-54.91113399,SR-PA,UOP01,DEL05
282893,2020-05-05,terça-feira,07:30:00,PA,10,246,AURORA DO PARA,Falta de Atenção à Condução,Saída de leito carroçável,Sem Vítimas,Pleno dia,Crescente,Céu Claro,Simples,Desvio Temporário,Não,1,0,0,0,1,0,0,1,-2.287727,-47.563606,SR-PA,UOP01,DEL02
283225,2020-05-07,quinta-feira,08:00:00,PA,316,36,SANTA IZABEL DO PARA,Desobediência às normas de trânsito pelo condutor,Colisão transversal,Com Vítimas Feridas,Pleno dia,Decrescente,Céu Claro,Dupla,Reta,Sim,2,0,1,0,1,0,1,2,-1.29009976,-48.15602469,SR-PA,UOP01,DEL01
283227,2020-05-07,quinta-feira,11:23:00,PA,163,1002,SANTAREM,Falta de Atenção à Condução,Colisão transversal,Com Vítimas Feridas,Pleno dia,Crescente,Chuva,Simples,Reta,Sim,2,0,1,0,1,0,1,2,-2.45567004,-54.72854541,SR-PA,UOP01,DEL05
283706,2020-05-09,sábado,20:00:00,PA,10,265.1,AURORA DO PARA,Defeito na Via,Saída de leito carroçável,Sem Vítimas,Plena Noite,Crescente,Céu Claro,Simples,Desvio Temporário,Não,1,0,0,0,1,0,0,1,-2.114226,-47.560364,SR-PA,UOP01,DEL02
283750,2020-05-10,domingo,12:20:00,PA,10,190,IPIXUNA DO PARA,Falta de Atenção à Condução,Colisão lateral,Com Vítimas Feridas,Pleno dia,Crescente,Céu Claro,Simples,Reta,Não,3,0,1,0,2,0,1,3,-2.76992002,-47.45601211,SR-PA,UOP01,DEL02
283759,2020-05-10,domingo,13:45:00,PA,10,20,DOM ELISEU,Não guardar distância de segurança,Danos eventuais,Com Vítimas Feridas,Pleno dia,Crescente,Sol,Simples,Desvio Temporário,Não,2,0,1,0,0,1,1,2,-4.27528701,-47.5594881,SR-PA,UOP02,DEL02
284104,2020-04-19,domingo,09:40:00,PA,NA,NA,SANTA IZABEL DO PARA,Falta de Atenção à Condução,Tombamento,Com Vítimas Feridas,Pleno dia,Não Informado,Céu Claro,Simples,Não Informado,Sim,1,0,1,0,0,0,1,1,-1.29168535,-48.16354752,SR-PA,UOP01,DEL01
284125,2020-04-02,quinta-feira,03:00:00,PA,316,244,CACHOEIRA DO PIRIA,Condutor Dormindo,Saída de leito carroçável,Com Vítimas Fatais,Plena Noite,Crescente,Nublado,Simples,Reta,Não,2,1,0,1,0,0,1,1,-1.751698,-46.555978,SR-PA,UOP04,DEL01
284349,2020-05-01,sexta-feira,07:45:00,PA,316,57,CASTANHAL,Ingestão de Álcool,Saída de leito carroçável,Com Vítimas Feridas,Pleno dia,Decrescente,Céu Claro,Dupla,Reta,Não,2,0,1,0,1,0,1,1,-1.30088766,-47.98196704,SR-PA,UOP01,DEL01
284370,2020-05-06,quarta-feira,18:00:00,PA,316,68,CASTANHAL,Ingestão de Álcool,Colisão traseira,Sem Vítimas,Plena Noite,Decrescente,Nublado,Dupla,Reta,Sim,2,0,0,0,2,0,0,2,-1.29440507,-47.88382304,SR-PA,UOP01,DEL01
284388,2020-04-25,sábado,03:15:00,PA,316,45,SANTA IZABEL DO PARA,Condutor Dormindo,Saída de leito carroçável,Com Vítimas Feridas,Plena Noite,Crescente,Garoa/Chuvisco,Dupla,Curva,Não,2,0,1,0,0,1,1,1,-1.277567,-48.078326,SR-PA,UOP01,DEL01
284414,2020-03-29,domingo,18:35:00,PA,316,23.9,BENEVIDES,Não guardar distância de segurança,Colisão lateral,Com Vítimas Feridas,Anoitecer,Decrescente,Céu Claro,Dupla,Reta,Sim,3,0,1,0,2,0,1,3,-1.33890124,-48.24317878,SR-PA,UOP01,DEL01
284461,2020-02-08,sábado,16:00:00,PA,163,282.1,NOVO PROGRESSO,Desobediência às normas de trânsito pelo condutor,Saída de leito carroçável,Com Vítimas Feridas,Pleno dia,Decrescente,Céu Claro,Simples,Curva,Não,3,0,1,0,0,2,1,2,-7.27335574,-55.3155918,SR-PA,UOP01,DEL05
284708,2020-05-16,sábado,10:10:00,PA,316,61,CASTANHAL,Desobediência às normas de trânsito pelo condutor,Colisão lateral,Com Vítimas Feridas,Pleno dia,Decrescente,Nublado,Dupla,Reta,Sim,2,0,1,0,1,0,1,2,-1.29686015,-47.94639002,SR-PA,UOP01,DEL01
284781,2020-05-16,sábado,17:20:00,PA,230,113,MARABA,Desobediência às normas de trânsito pelo condutor,Colisão traseira,Com Vítimas Feridas,Pleno dia,Crescente,Céu Claro,Simples,Não Informado,Sim,3,0,1,0,2,0,1,2,-5.36689576,-49.05750094,SR-PA,UOP01,DEL03
284931,2020-05-17,domingo,11:30:00,PA,316,40,SANTA IZABEL DO PARA,Não guardar distância de segurança,Colisão traseira,Com Vítimas Feridas,Pleno dia,Decrescente,Céu Claro,Dupla,Não Informado,Não,2,0,1,0,0,1,1,2,-1.2795637,-48.12243407,SR-PA,UOP01,DEL01
285229,2020-05-19,terça-feira,05:10:00,PA,10,172.3,PARAGOMINAS,Ingestão de Álcool,Colisão traseira,Com Vítimas Fatais,Amanhecer,Decrescente,Céu Claro,Simples,Reta,Não,3,1,2,0,0,0,2,2,-2.97412589,-47.45262345,SR-PA,UOP01,DEL02
285333,2020-05-19,terça-feira,19:40:00,PA,316,75.4,SAO FRANCISCO DO PARA,Desobediência às normas de trânsito pelo condutor,Colisão frontal,Com Vítimas Fatais,Plena Noite,Decrescente,Céu Claro,Simples,Reta,Não,3,1,0,0,1,1,0,2,-1.29446511,-47.82243505,SR-PA,UOP01,DEL01
285412,2020-05-20,quarta-feira,14:55:00,PA,230,116,MARABA,Desobediência às normas de trânsito pelo condutor,Colisão transversal,Com Vítimas Feridas,Pleno dia,Crescente,Céu Claro,Dupla,Desvio Temporário,Sim,2,0,0,1,1,0,1,2,-5.35947454,-49.08301084,SR-PA,UOP01,DEL03
285441,2020-05-20,quarta-feira,17:40:00,PA,NA,NA,PARAGOMINAS,Defeito na Via,Tombamento,Sem Vítimas,Pleno dia,Não Informado,Céu Claro,Simples,Rotatória,Não,1,0,0,0,1,0,0,1,-2.89433295,-47.4335408,SR-PA,UOP01,DEL02
285482,2020-05-20,quarta-feira,22:55:00,PA,230,121,MARABA,Não guardar distância de segurança,Colisão traseira,Com Vítimas Feridas,Plena Noite,Crescente,Céu Claro,Dupla,Reta,Sim,3,0,1,0,2,0,1,2,-5.35297407,-49.12143673,SR-PA,UOP01,DEL03
285610,2020-05-21,quinta-feira,18:00:00,PA,222,19,DOM ELISEU,Falta de Atenção à Condução,Saída de leito carroçável,Com Vítimas Feridas,Anoitecer,Crescente,Céu Claro,Simples,Reta,Sim,2,0,0,2,0,0,2,1,-4.295723,-47.565594,SR-PA,UOP02,DEL02
285722,2020-05-22,sexta-feira,02:20:00,PA,10,278,MAE DO RIO,Defeito na Via,Tombamento,Com Vítimas Feridas,Plena Noite,Crescente,Céu Claro,Simples,Reta,Não,1,0,1,0,0,0,1,1,-1.994895,-47.529464,SR-PA,UOP01,DEL02
285723,2020-05-22,sexta-feira,04:40:00,PA,222,97,RONDON DO PARA,Defeito Mecânico no Veículo,Tombamento,Sem Vítimas,Amanhecer,Crescente,Céu Claro,Simples,Curva,Não,1,0,0,0,1,0,0,1,-4.731023,-48.019905,SR-PA,UOP02,DEL02
285734,2020-05-17,domingo,19:00:00,PA,316,18,BENEVIDES,Defeito na Via,Tombamento,Com Vítimas Feridas,Plena Noite,Decrescente,Garoa/Chuvisco,Dupla,Reta,Não,2,0,2,0,0,0,2,1,-1.36485638,-48.29643999,SR-PA,UOP01,DEL01
285773,2020-04-04,sábado,10:00:00,PA,163,382,NOVO PROGRESSO,Defeito na Via,Tombamento,Sem Vítimas,Pleno dia,Crescente,Ignorado,Simples,Não Informado,Não,1,0,0,0,1,0,0,1,-6.40771753,-55.5635506,SR-PA,UOP01,DEL05
285866,2020-05-14,quinta-feira,19:00:00,PA,316,76,SAO FRANCISCO DO PARA,Ingestão de Álcool,Atropelamento de Pedestre,Com Vítimas Feridas,Plena Noite,Crescente,Céu Claro,Simples,Reta,Não,2,0,2,0,0,0,2,1,-1.29862919,-47.81449908,SR-PA,UOP01,DEL01
285997,2020-05-23,sábado,18:45:00,PA,10,255,AURORA DO PARA,Defeito Mecânico no Veículo,Colisão frontal,Com Vítimas Fatais,Plena Noite,Decrescente,Céu Claro,Simples,Reta,Não,3,2,0,0,1,0,0,2,-2.20453199,-47.56186339,SR-PA,UOP01,DEL02
286208,2020-05-08,sexta-feira,18:30:00,PA,316,65,CASTANHAL,Desobediência às normas de trânsito pelo pedestre,Atropelamento de Pedestre,Sem Vítimas,Anoitecer,Decrescente,Chuva,Dupla,Reta,Sim,2,0,0,0,1,1,0,1,-1.29580361,-47.91084002,SR-PA,UOP01,DEL01
286262,2020-05-25,segunda-feira,11:40:00,PA,230,113,MARABA,Falta de Atenção à Condução,Colisão traseira,Com Vítimas Feridas,Pleno dia,Decrescente,Céu Claro,Simples,Não Informado,Não,3,0,2,0,1,0,2,2,-5.36689576,-49.05750094,SR-PA,UOP01,DEL03
286318,2020-05-25,segunda-feira,14:20:00,PA,222,243,MARABA,Falta de Atenção à Condução,Colisão transversal,Com Vítimas Feridas,Pleno dia,Crescente,Céu Claro,Dupla,Interseção de vias,Sim,2,0,2,0,0,0,2,2,-5.32835118,-49.08632119,SR-PA,UOP01,DEL03
286409,2020-04-18,sábado,17:00:00,PA,230,105,MARABA,Não guardar distância de segurança,Colisão traseira,Com Vítimas Feridas,Pleno dia,Decrescente,Céu Claro,Simples,Reta,Não,3,0,1,0,2,0,1,2,-5.38442309,-48.98761403,SR-PA,UOP01,DEL03
286551,2020-05-26,terça-feira,20:10:00,PA,10,186.4,IPIXUNA DO PARA,Defeito na Via,Colisão frontal,Com Vítimas Feridas,Plena Noite,Crescente,Nublado,Simples,Reta,Não,3,0,0,2,1,0,2,3,-2.80547403,-47.44958518,SR-PA,UOP01,DEL02
286566,2020-04-07,terça-feira,20:15:00,PA,10,226.8,IPIXUNA DO PARA,Defeito na Via,Danos eventuais,Sem Vítimas,Plena Noite,Crescente,Céu Claro,Simples,Reta,Não,2,0,0,0,2,0,0,1,-2.451017,-47.5094508,SR-PA,UOP01,DEL02
286614,2020-05-27,quarta-feira,09:30:00,PA,316,32,SANTA IZABEL DO PARA,Defeito na Via,Colisão lateral,Com Vítimas Feridas,Pleno dia,Decrescente,Céu Claro,Dupla,Reta,Não,5,0,2,0,3,0,2,2,-1.29833956,-48.18889696,SR-PA,UOP01,DEL01