id,data_inversa,dia_semana,horario,uf,br,km,municipio,causa_acidente,tipo_acidente,classificacao_acidente,fase_dia,sentido_via,condicao_metereologica,tipo_pista,tracado_via,uso_solo,pessoas,mortos,feridos_leves,feridos_graves,ilesos,ignorados,feridos,veiculos,latitude,longitude,regional,delegacia,uop
286710,2020-05-27,quarta-feira,20:30:00,PA,308,186,TRACUATEUA,Ingestão de Álcool,Atropelamento de Pedestre,Com Vítimas Fatais,Plena Noite,Crescente,Céu Claro,Simples,Desvio Temporário,Não,3,1,0,2,0,0,2,1,-1.09763992,-46.91167913,SR-PA,UOP03,DEL01
286975,2020-05-25,segunda-feira,23:00:00,PA,155,255,MARABA,Carga excessiva e/ou mal acondicionada,Derramamento de carga,Sem Vítimas,Plena Noite,Crescente,Céu Claro,Simples,Curva,Não,1,0,0,0,1,0,0,1,-5.5428391,-49.0716194,SR-PA,UOP01,DEL03
286977,2020-05-29,sexta-feira,13:00:00,PA,316,96,IGARAPE-ACU,Ultrapassagem Indevida,Colisão frontal,Com Vítimas Feridas,Pleno dia,Decrescente,Nublado,Simples,Não Informado,Não,4,0,2,0,2,0,2,3,-1.32878666,-47.63912194,SR-PA,UOP02,DEL01
287248,2020-05-30,sábado,16:40:00,PA,10,301.1,IRITUIA,Falta de Atenção à Condução,Saída de leito carroçável,Com Vítimas Feridas,Pleno dia,Crescente,Chuva,Simples,Reta,Não,1,0,1,0,0,0,1,1,-1.79908701,-47.51402881,SR-PA,UOP01,DEL02
287388,2020-05-31,domingo,17:20:00,PA,222,243,MARABA,Não guardar distância de segurança,Colisão traseira,Com Vítimas Feridas,Pleno dia,Crescente,Céu Claro,Simples,Curva,Sim,2,0,0,1,0,1,1,2,-5.339671,-49.08239,SR-PA,UOP01,DEL03
287429,2020-05-31,domingo,19:20:00,PA,230,115,MARABA,Desobediência às normas de trânsito pelo condutor,Colisão traseira,Com Vítimas Feridas,Plena Noite,Crescente,Céu Claro,Dupla,Reta,Sim,3,0,1,1,0,1,2,2,-5.36241425,-49.07496007,SR-PA,UOP01,DEL03
287502,2020-03-14,sábado,22:30:00,PA,222,89.1,RONDON DO PARA,Desobediência às normas de trânsito pelo condutor,Colisão frontal,Com Vítimas Fatais,Plena Noite,Decrescente,Chuva,Simples,Reta,Não,2,1,0,0,1,0,0,2,-4.697186,-47.959114,SR-PA,UOP02,DEL02
287566,2020-04-20,segunda-feira,12:30:00,PA,230,92,SAO JOAO DO ARAGUAIA,Desobediência às normas de trânsito pelo condutor,Colisão traseira,Com Vítimas Feridas,Pleno dia,Decrescente,Céu Claro,Simples,Reta,Não,2,0,0,1,0,1,1,2,-5.45190108,-48.89450606,SR-PA,UOP01,DEL03
287597,2020-06-01,segunda-feira,15:10:00,PA,316,68,CASTANHAL,Ultrapassagem Indevida,Colisão lateral,Com Vítimas Feridas,Pleno dia,Decrescente,Nublado,Simples,Reta,Não,4,0,1,0,3,0,1,3,-1.29440507,-47.88382304,SR-PA,UOP01,DEL01
287729,2020-06-02,terça-feira,10:50:00,PA,10,15,DOM ELISEU,Desobediência às normas de trânsito pelo condutor,Colisão transversal,Com Vítimas Feridas,Pleno dia,Decrescente,Sol,Simples,Curva,Sim,2,0,0,1,1,0,1,2,-4.3193663,-47.55226135,SR-PA,UOP02,DEL02
287806,2020-05-27,quarta-feira,11:45:00,PA,316,60.2,CASTANHAL,Desobediência às normas de trânsito pelo condutor,Colisão transversal,Com Vítimas Feridas,Pleno dia,Crescente,Céu Claro,Dupla,Reta,Sim,4,0,0,2,1,1,2,2,-1.29772957,-47.95528793,SR-PA,UOP01,DEL01
287898,2020-06-01,segunda-feira,20:00:00,PA,316,60,CASTANHAL,Não guardar distância de segurança,Colisão traseira,Sem Vítimas,Plena Noite,Decrescente,Garoa/Chuvisco,Dupla,Interseção de vias,Sim,2,0,0,0,1,1,0,2,-1.2977295705,-47.9552879292,SR-PA,UOP01,DEL01
288001,2020-06-03,quarta-feira,21:30:00,PA,222,245,MARABA,Ingestão de Álcool,Saída de leito carroçável,Com Vítimas Feridas,Plena Noite,Decrescente,Céu Claro,Simples,Reta,Sim,1,0,1,0,0,0,1,1,-5.355886,-49.079418,SR-PA,UOP01,DEL03
288076,2020-06-04,quinta-feira,04:30:00,PA,230,177,ITUPIRANGA,Falta de Atenção à Condução,Capotamento,Com Vítimas Fatais,Amanhecer,Crescente,Céu Claro,Simples,Curva,Não,1,1,0,0,0,0,0,1,-5.089035,-49.424954,SR-PA,UOP01,DEL03
288166,2020-05-19,terça-feira,20:00:00,PA,316,36,SANTA IZABEL DO PARA,Desobediência às normas de trânsito pelo condutor,Colisão transversal,Sem Vítimas,Plena Noite,Crescente,Nublado,Dupla,Não Informado,Sim,2,0,0,0,2,0,0,2,-1.29146197,-48.164561,SR-PA,UOP01,DEL01
288199,2020-06-05,sexta-feira,01:30:00,PA,222,239,MARABA,Pista Escorregadia,Tombamento,Com Vítimas Fatais,Plena Noite,Decrescente,Chuva,Dupla,Reta,Sim,1,1,0,0,0,0,0,1,-5.302089,-49.0723,SR-PA,UOP01,DEL03
288270,2020-06-05,sexta-feira,13:05:00,PA,163,1002,SANTAREM,Falta de Atenção à Condução,Colisão transversal,Com Vítimas Feridas,Pleno dia,Decrescente,Céu Claro,Simples,Interseção de vias,Sim,5,0,2,0,3,0,2,2,-2.45567004,-54.72854541,SR-PA,UOP01,DEL05
288320,2020-06-05,sexta-feira,18:30:00,PA,230,122,MARABA,Desobediência às normas de trânsito pelo condutor,Saída de leito carroçável,Sem Vítimas,Plena Noite,Crescente,Céu Claro,Dupla,Retorno Regulamentado,Sim,2,0,0,0,2,0,0,2,-5.36137537,-49.12376139,SR-PA,UOP01,DEL03
288366,2020-06-05,sexta-feira,21:00:00,PA,153,44,SAO DOMINGOS DO ARAGUAIA,Animais na Pista,Atropelamento de Animal,Sem Vítimas,Plena Noite,Crescente,Céu Claro,Simples,Reta,Sim,1,0,0,0,1,0,0,1,-5.507821,-48.73632,SR-PA,UOP01,DEL03
288465,2020-06-06,sábado,10:00:00,PA,316,22.5,BENEVIDES,Não guardar distância de segurança,Colisão traseira,Sem Vítimas,Pleno dia,Crescente,Céu Claro,Dupla,Reta,Não,2,0,0,0,2,0,0,2,-1.3534463,-48.2570266,SR-PA,UOP01,DEL01
288535,2020-06-06,sábado,19:05:00,PA,163,1002,SANTAREM,Desobediência às normas de trânsito pelo condutor,Colisão transversal,Com Vítimas Feridas,Plena Noite,Crescente,Céu Claro,Simples,Não Informado,Não,2,0,1,0,1,0,1,2,-2.45567004,-54.72854541,SR-PA,UOP01,DEL05
288695,2020-05-07,quinta-feira,02:50:00,PA,316,106,SANTA MARIA DO PARA,Não guardar distância de segurança,Colisão traseira,Com Vítimas Feridas,Plena Noite,Decrescente,Céu Claro,Simples,Reta,Sim,3,0,1,0,2,0,1,2,-1.34101996,-47.55122901,SR-PA,UOP02,DEL01
288763,2020-06-07,domingo,18:45:00,PA,163,1002,SANTAREM,Ingestão de Álcool,Colisão lateral,Com Vítimas Feridas,Plena Noite,Crescente,Nublado,Simples,Reta,Não,2,0,0,1,1,0,1,2,-2.45567004,-54.72854541,SR-PA,UOP01,DEL05
288823,2020-06-08,segunda-feira,06:25:00,PA,316,52,SANTA IZABEL DO PARA,Avarias e/ou desgaste excessivo no pneu,Tombamento,Com Vítimas Feridas,Pleno dia,Crescente,Céu Claro,Dupla,Reta,Não,1,0,1,0,0,0,1,1,-1.30732485,-48.02586802,SR-PA,UOP01,DEL01
288844,2020-06-04,quinta-feira,16:55:00,PA,230,116,MARABA,Falta de Atenção à Condução,Colisão lateral,Com Vítimas Feridas,Pleno dia,Crescente,Céu Claro,Dupla,Desvio Temporário,Sim,3,0,1,0,2,0,1,2,-5.3555723,-49.09000397,SR-PA,UOP01,DEL03
289114,2020-06-09,terça-feira,18:45:00,PA,222,245,MARABA,Não guardar distância de segurança,Colisão traseira,Com Vítimas Feridas,Plena Noite,Decrescente,Céu Claro,Simples,Reta,Sim,2,0,1,0,1,0,1,2,-5.355886,-49.079418,SR-PA,UOP01,DEL03
289512,2020-06-11,quinta-feira,19:30:00,PA,316,63,CASTANHAL,Ingestão de Álcool,Colisão traseira,Sem Vítimas,Plena Noite,Crescente,Céu Claro,Dupla,Reta,Sim,2,0,0,0,2,0,0,2,-1.29679363,-47.92878096,SR-PA,UOP01,DEL01
289514,2020-03-15,domingo,06:20:00,PA,230,92,SAO JOAO DO ARAGUAIA,Desobediência às normas de trânsito pelo condutor,Colisão frontal,Com Vítimas Fatais,Amanhecer,Decrescente,Chuva,Simples,Reta,Não,4,1,1,0,0,2,1,2,-5.45190108,-48.89450606,SR-PA,UOP01,DEL03
289581,2020-06-12,sexta-feira,08:20:00,PA,155,325,MARABA,Defeito Mecânico no Veículo,Queda de ocupante de veículo,Com Vítimas Feridas,Pleno dia,Crescente,Sol,Simples,Reta,Não,2,0,2,0,0,0,2,1,-5.53085599,-49.07576984,SR-PA,UOP01,DEL03
289664,2020-06-12,sexta-feira,17:45:00,PA,230,117.7,MARABA,Desobediência às normas de trânsito pelo condutor,Colisão com objeto estático,Sem Vítimas,Anoitecer,Crescente,Céu Claro,Dupla,Reta,Sim,4,0,0,0,4,0,0,2,-5.35569904,-49.09047302,SR-PA,UOP01,DEL03
289769,2020-06-13,sábado,09:05:00,PA,163,1002.5,SANTAREM,Desobediência às normas de trânsito pelo condutor,Colisão frontal,Sem Vítimas,Pleno dia,Crescente,Céu Claro,Simples,Reta,Sim,2,0,0,0,2,0,0,2,-2.450975,-54.729686,SR-PA,UOP01,DEL05
289811,2020-06-13,sábado,14:40:00,PA,230,118,MARABA,Velocidade Incompatível,Saída de leito carroçável,Sem Vítimas,Pleno dia,Decrescente,Céu Claro,Múltipla,Reta,Sim,1,0,0,0,1,0,0,1,-5.35193706,-49.09794103,SR-PA,UOP01,DEL03
289830,2020-06-13,sábado,18:00:00,PA,222,240,MARABA,Não guardar distância de segurança,Colisão lateral,Com Vítimas Feridas,Anoitecer,Crescente,Céu Claro,Simples,Ponte,Sim,2,0,1,0,0,1,1,2,-5.322347,-49.084007,SR-PA,UOP01,DEL03
290101,2020-05-15,sexta-feira,16:00:00,PA,230,122,MARABA,Defeito na Via,Colisão com objeto estático,Sem Vítimas,Pleno dia,Decrescente,Sol,Simples,Reta,Sim,4,0,0,0,3,1,0,2,-5.36137537,-49.12376139,SR-PA,UOP01,DEL03
290102,2020-05-18,segunda-feira,17:17:00,PA,230,116,MARABA,Desobediência às normas de trânsito pelo condutor,Tombamento,Com Vítimas Feridas,Pleno dia,Crescente,Nublado,Dupla,Reta,Sim,2,0,1,0,0,1,1,2,-5.35947454,-49.08301084,SR-PA,UOP01,DEL03
290140,2020-06-15,segunda-feira,12:50:00,PA,230,122,MARABA,Desobediência às normas de trânsito pelo condutor,Colisão traseira,Sem Vítimas,Pleno dia,Decrescente,Sol,Dupla,Reta,Sim,2,0,0,0,2,0,0,2,-5.36137537,-49.12376139,SR-PA,UOP01,DEL03
290164,2020-05-30,sábado,13:10:00,PA,308,151,CAPANEMA,Falta de Atenção à Condução,Saída de leito carroçável,Com Vítimas Feridas,Pleno dia,Crescente,Chuva,Simples,Reta,Sim,3,0,1,0,1,1,1,3,-1.21064,-47.182743,SR-PA,UOP03,DEL01
290171,2020-05-18,segunda-feira,19:55:00,PA,163,1002,SANTAREM,Defeito na Via,Tombamento,Com Vítimas Feridas,Plena Noite,Decrescente,Nublado,Simples,Reta,Sim,1,0,1,0,0,0,1,1,-2.44572691,-54.73080446,SR-PA,UOP01,DEL05
290239,2020-06-16,terça-feira,05:50:00,PA,316,65.8,CASTANHAL,Animais na Pista,Atropelamento de Animal,Sem Vítimas,Amanhecer,Crescente,Céu Claro,Dupla,Reta,Sim,1,0,0,0,0,1,0,1,-1.29580361,-47.91084002,SR-PA,UOP01,DEL01
290495,2020-05-14,quinta-feira,14:40:00,PA,163,1002,SANTAREM,Não guardar distância de segurança,Colisão traseira,Com Vítimas Feridas,Pleno dia,Decrescente,Sol,Simples,Desvio Temporário,Sim,3,0,1,0,2,0,1,3,-2.45567004,-54.72854541,SR-PA,UOP01,DEL05
290508,2020-06-09,terça-feira,15:30:00,PA,230,121,MARABA,Falta de Atenção à Condução,Colisão transversal,Com Vítimas Feridas,Pleno dia,Decrescente,Céu Claro,Múltipla,Interseção de vias,Sim,2,0,1,0,1,0,1,2,-5.36890329,-49.12935734,SR-PA,UOP01,DEL03
290521,2020-06-17,quarta-feira,17:45:00,PA,163,992,SANTAREM,Ingestão de Álcool,Saída de leito carroçável,Sem Vítimas,Anoitecer,Crescente,Nublado,Simples,Reta,Não,2,0,0,0,2,0,0,1,-2.533267,-54.722769,SR-PA,UOP01,DEL05
290536,2020-06-12,sexta-feira,23:40:00,PA,230,114,MARABA,Desobediência às normas de trânsito pelo condutor,Colisão traseira,Sem Vítimas,Plena Noite,Crescente,Céu Claro,Simples,Reta,Sim,2,0,0,0,2,0,0,2,-5.36466678,-49.06623294,SR-PA,UOP01,DEL03
290547,2020-06-17,quarta-feira,15:45:00,PA,316,65,CASTANHAL,Desobediência às normas de trânsito pelo condutor,Colisão transversal,Com Vítimas Feridas,Pleno dia,Decrescente,Nublado,Simples,Reta,Sim,2,0,1,1,0,0,2,2,-1.29580361,-47.91084002,SR-PA,UOP01,DEL01
290608,2020-05-18,segunda-feira,17:00:00,PA,230,121,MARABA,Desobediência às normas de trânsito pelo condutor,Colisão lateral,Com Vítimas Feridas,Anoitecer,Decrescente,Nublado,Múltipla,Reta,Sim,2,0,1,0,1,0,1,2,-5.35297407,-49.12143673,SR-PA,UOP01,DEL03
290624,2020-05-29,sexta-feira,16:40:00,PA,308,168,TRACUATEUA,Falta de Atenção à Condução,Saída de leito carroçável,Sem Vítimas,Pleno dia,Crescente,Nublado,Simples,Reta,Não,1,0,0,0,1,0,0,1,-1.1916249,-47.03576502,SR-PA,UOP03,DEL01
290640,2020-06-18,quinta-feira,12:20:00,PA,10,312,IRITUIA,Falta de Atenção à Condução,Saída de leito carroçável,Com Vítimas Feridas,Pleno dia,Crescente,Nublado,Simples,Reta,Não,2,0,2,0,0,0,2,1,-1.70219802,-47.5023325,SR-PA,UOP02,DEL01
290655,2020-06-18,quinta-feira,14:20:00,PA,10,312,IRITUIA,Falta de Atenção à Condução,Colisão frontal,Com Vítimas Feridas,Pleno dia,Decrescente,Nublado,Simples,Desvio Temporário,Não,8,0,2,4,2,0,6,4,-1.70219802,-47.5023325,SR-PA,UOP02,DEL01
290674,2020-06-18,quinta-feira,18:30:00,PA,230,121,MARABA,Falta de Atenção à Condução,Colisão transversal,Com Vítimas Feridas,Anoitecer,Decrescente,Céu Claro,Dupla,Interseção de vias,Sim,3,0,0,1,2,0,1,3,-5.35297407,-49.12143673,SR-PA,UOP01,DEL03
290758,2020-06-19,sexta-feira,07:15:00,PA,230,117,MARABA,Falta de Atenção à Condução,Colisão lateral,Sem Vítimas,Pleno dia,Decrescente,Céu Claro,Dupla,Reta,Sim,2,0,0,0,2,0,0,2,-5.35569904,-49.09047302,SR-PA,UOP01,DEL03
290907,2020-06-19,sexta-feira,21:35:00,PA,163,1003,SANTAREM,Defeito na Via,Tombamento,Com Vítimas Feridas,Plena Noite,Crescente,Ignorado,Simples,Reta,Sim,1,0,1,0,0,0,1,1,-2.44688525,-54.73048152,SR-PA,UOP01,DEL05
290926,2020-06-19,sexta-feira,23:40:00,PA,163,985.9,SANTAREM,Desobediência às normas de trânsito pelo condutor,Colisão frontal,Com Vítimas Feridas,Plena Noite,Decrescente,Céu Claro,Simples,Reta,Não,6,0,2,0,4,0,2,2,-2.585663,-54.720243,SR-PA,UOP01,DEL05
290957,2020-06-16,terça-feira,07:20:00,PA,155,331,MARABA,Condutor Dormindo,Colisão com objeto estático,Com Vítimas Feridas,Pleno dia,Crescente,Céu Claro,Simples,Não Informado,Não,1,0,1,0,0,0,1,1,-5.47732298,-49.07593648,SR-PA,UOP01,DEL03
290993,2020-06-19,sexta-feira,06:00:00,PA,230,595,VITORIA DO XINGU,Defeito Mecânico no Veículo,Tombamento,Com Vítimas Feridas,Amanhecer,Decrescente,Céu Claro,Simples,Curva,Não,1,0,1,0,0,0,1,1,-3.097301008,-51.8752380045,SR-PA,UOP01,DEL04
291095,2020-06-20,sábado,20:40:00,PA,308,151,CAPANEMA,Falta de Atenção à Condução,Colisão frontal,Sem Vítimas,Plena Noite,Crescente,Nublado,Simples,Reta,Sim,3,0,0,0,3,0,0,3,-1.2095603,-47.18090642,SR-PA,UOP03,DEL01
291122,2020-06-20,sábado,20:10:00,PA,308,150,CAPANEMA,Desobediência às normas de trânsito pelo condutor,Colisão frontal,Com Vítimas Feridas,Plena Noite,Decrescente,Ignorado,Simples,Reta,Sim,2,0,1,0,1,0,1,2,-1.21003692,-47.18198776,SR-PA,UOP03,DEL01
291369,2020-05-30,sábado,07:00:00,PA,10,339,SAO MIGUEL DO GUAMA,Desobediência às normas de trânsito pelo condutor,Colisão transversal,Com Vítimas Feridas,Pleno dia,Crescente,Céu Claro,Simples,Reta,Não,2,0,1,0,1,0,1,2,-1.47568203,-47.53096212,SR-PA,UOP02,DEL01
291381,2020-06-22,segunda-feira,08:15:00,PA,10,243.3,IPIXUNA DO PARA,Carga excessiva e/ou mal acondicionada,Saída de leito carroçável,Com Vítimas Feridas,Pleno dia,Crescente,Céu Claro,Simples,Reta,Não,1,0,1,0,0,0,1,1,-2.31290101,-47.56399577,SR-PA,UOP01,DEL02
291515,2020-06-22,segunda-feira,22:30:00,PA,222,143,ABEL FIGUEIREDO,Ingestão de Álcool,Tombamento,Com Vítimas Feridas,Plena Noite,Crescente,Céu Claro,Simples,Não Informado,Não,1,0,1,0,0,0,1,1,-4.932527,-48.358654,SR-PA,UOP02,DEL02
291584,2020-06-23,terça-feira,14:00:00,PA,316,105,SANTA MARIA DO PARA,Não guardar distância de segurança,Colisão traseira,Com Vítimas Feridas,Pleno dia,Decrescente,Céu Claro,Simples,Curva,Não,3,0,1,0,1,1,1,3,-1.34280151,-47.55991892,SR-PA,UOP02,DEL01
292047,2020-06-26,sexta-feira,13:10:00,PA,222,19.2,DOM ELISEU,Desobediência às normas de trânsito pelo condutor,Colisão traseira,Com Vítimas Feridas,Pleno dia,Crescente,Sol,Simples,Reta,Sim,5,0,4,0,1,0,4,2,-4.295723,-47.565594,SR-PA,UOP02,DEL02
292067,2020-06-26,sexta-feira,16:10:00,PA,10,189,IPIXUNA DO PARA,Ingestão de Álcool,Saída de leito carroçável,Com Vítimas Fatais,Pleno dia,Crescente,Céu Claro,Simples,Reta,Não,1,1,0,0,0,0,0,1,-2.77880807,-47.45440041,SR-PA,UOP01,DEL02
292276,2020-06-27,sábado,08:30:00,PA,222,124,RONDON DO PARA,Defeito Mecânico no Veículo,Saída de leito carroçável,Com Vítimas Feridas,Pleno dia,Crescente,Céu Claro,Simples,Não Informado,Não,1,0,1,0,0,0,1,1,-4.84810152,-48.20354462,SR-PA,UOP02,DEL02
292283,2020-06-27,sábado,15:00:00,PA,316,20.5,BENEVIDES,Ingestão de Álcool,Colisão lateral,Sem Vítimas,Pleno dia,Crescente,Céu Claro,Dupla,Curva,Sim,2,0,0,0,2,0,0,2,-1.3642339,-48.266582,SR-PA,UOP01,DEL01
292313,2020-06-27,sábado,19:10:00,PA,163,1002,SANTAREM,Desobediência às normas de trânsito pelo condutor,Colisão frontal,Com Vítimas Feridas,Plena Noite,Decrescente,Céu Claro,Simples,Reta,Sim,2,0,0,1,1,0,1,2,-2.45567004,-54.72854541,SR-PA,UOP01,DEL05
292495,2020-06-28,domingo,18:45:00,PA,316,167,SANTA LUZIA DO PARA,Falta de Atenção à Condução,Tombamento,Com Vítimas Feridas,Plena Noite,Crescente,Céu Claro,Simples,Reta,Não,1,0,0,1,0,0,1,1,-1.31770897,-47.08364297,SR-PA,UOP03,DEL01
292552,2020-06-29,segunda-feira,03:30:00,PA,308,154.6,CAPANEMA,Defeito na Via,Colisão traseira,Com Vítimas Fatais,Plena Noite,Decrescente,Céu Claro,Simples,Reta,Não,2,1,0,0,0,1,0,2,-1.20937,-47.151227,SR-PA,UOP03,DEL01
292645,2020-06-29,segunda-feira,17:00:00,PA,163,990,SANTAREM,Desobediência às normas de trânsito pelo condutor,Colisão transversal,Sem Vítimas,Pleno dia,Decrescente,Céu Claro,Simples,Reta,Não,2,0,0,0,2,0,0,2,-2.55683598,-54.72216184,SR-PA,UOP01,DEL05
292676,2020-05-02,sábado,03:00:00,PA,163,1001.1,SANTAREM,Defeito na Via,Colisão frontal,Com Vítimas Feridas,Plena Noite,Crescente,Nublado,Simples,Reta,Sim,3,0,0,2,1,0,2,2,-2.45868053,-54.72800732,SR-PA,UOP01,DEL05
292763,2020-06-21,domingo,17:10:00,PA,10,236,IPIXUNA DO PARA,Desobediência às normas de trânsito pelo condutor,Saída de leito carroçável,Com Vítimas Feridas,Pleno dia,Decrescente,Céu Claro,Simples,Reta,Não,2,0,0,1,0,1,1,2,-2.372881,-47.550656,SR-PA,UOP01,DEL02
292992,2020-07-01,quarta-feira,19:35:00,PA,230,124,MARABA,Falta de Atenção à Condução,Colisão transversal,Com Vítimas Feridas,Plena Noite,Decrescente,Céu Claro,Simples,Reta,Sim,3,0,1,2,0,0,3,2,-5.37641353,-49.14706361,SR-PA,UOP01,DEL03
293045,2020-07-02,quinta-feira,09:25:00,PA,163,1000,SANTAREM,Falta de Atenção à Condução,Colisão traseira,Sem Vítimas,Pleno dia,Decrescente,Céu Claro,Simples,Reta,Sim,2,0,0,0,2,0,0,2,-2.47328397,-54.7293664,SR-PA,UOP01,DEL05
293121,2020-07-02,quinta-feira,19:10:00,PA,163,1004.9,SANTAREM,Falta de Atenção à Condução,Colisão transversal,Com Vítimas Feridas,Plena Noite,Decrescente,Ignorado,Dupla,Reta,Sim,2,0,1,0,1,0,1,2,-2.42886005,-54.73489523,SR-PA,UOP01,DEL05
293203,2020-07-03,sexta-feira,07:20:00,PA,316,95,SANTA MARIA DO PARA,Defeito na Via,Tombamento,Com Vítimas Feridas,Pleno dia,Decrescente,Sol,Simples,Reta,Não,2,0,2,0,0,0,2,1,-1.32853999,-47.6404953,SR-PA,UOP02,DEL01
293215,2020-07-03,sexta-feira,08:20:00,PA,316,57,CASTANHAL,Desobediência às normas de trânsito pelo condutor,Colisão transversal,Com Vítimas Feridas,Pleno dia,Crescente,Nublado,Dupla,Não Informado,Não,2,0,0,1,1,0,1,2,-1.30088766,-47.98196704,SR-PA,UOP01,DEL01
293249,2020-07-03,sexta-feira,11:20:00,PA,316,138.4,PEIXE-BOI,Desobediência às normas de trânsito pelo condutor,Colisão frontal,Com Vítimas Feridas,Pleno dia,Crescente,Céu Claro,Dupla,Reta,Não,2,0,1,0,1,0,1,2,-1.27109839,-47.28260377,SR-PA,UOP03,DEL01
293413,2020-07-04,sábado,08:40:00,PA,155,344,MARABA,Desobediência às normas de trânsito pelo condutor,Colisão transversal,Com Vítimas Feridas,Pleno dia,Crescente,Céu Claro,Simples,Não Informado,Não,2,0,1,0,1,0,1,2,-5.36957395,-49.07796968,SR-PA,UOP01,DEL03
293439,2020-07-04,sábado,12:00:00,PA,222,244,MARABA,Falta de Atenção do Pedestre,Atropelamento de Pedestre,Com Vítimas Feridas,Pleno dia,Crescente,Céu Claro,Simples,Reta,Sim,2,0,0,1,1,0,1,1,-5.3569396,-49.07940388,SR-PA,UOP01,DEL03
293441,2020-07-04,sábado,12:00:00,PA,155,329,MARABA,Falta de Atenção à Condução,Saída de leito carroçável,Com Vítimas Feridas,Pleno dia,Crescente,Céu Claro,Simples,Curva,Não,2,0,1,0,1,0,1,1,-5.49522206,-49.07384334,SR-PA,UOP01,DEL03
293442,2020-06-15,segunda-feira,00:40:00,PA,10,354,SANTA MARIA DO PARA,Falta de Atenção à Condução,Colisão traseira,Sem Vítimas,Plena Noite,Crescente,Nublado,Simples,Reta,Sim,2,0,0,0,1,1,0,2,-1.34759789,-47.57735696,SR-PA,UOP02,DEL01
293584,2020-07-04,sábado,22:35:00,PA,230,120,MARABA,Velocidade Incompatível,Colisão traseira,Com Vítimas Fatais,Plena Noite,Crescente,Céu Claro,Dupla,Reta,Sim,4,1,0,1,2,0,1,2,-5.35038318,-49.11434,SR-PA,UOP01,DEL03
293635,2020-07-04,sábado,22:40:00,PA,230,112,MARABA,Ingestão de Álcool,Colisão com objeto estático,Sem Vítimas,Plena Noite,Decrescente,Céu Claro,Simples,Ponte,Sim,1,0,0,0,1,0,0,1,-5.36283602,-49.0747261,SR-PA,UOP01,DEL03
293652,2020-07-05,domingo,10:00:00,PA,316,119,SANTA MARIA DO PARA,Avarias e/ou desgaste excessivo no pneu,Tombamento,Com Vítimas Feridas,Pleno dia,Decrescente,Céu Claro,Simples,Reta,Não,1,0,1,0,0,0,1,1,-1.31094937,-47.44231224,SR-PA,UOP02,DEL01
293692,2020-07-05,domingo,15:30:00,PA,163,970,SANTAREM,Não guardar distância de segurança,Colisão traseira,Com Vítimas Feridas,Pleno dia,Crescente,Nublado,Simples,Curva,Sim,7,0,4,1,2,0,5,2,-2.65533711,-54.83276367,SR-PA,UOP01,DEL05
293782,2020-07-06,segunda-feira,01:20:00,PA,155,292,MARABA,Animais na Pista,Atropelamento de Animal,Sem Vítimas,Plena Noite,Crescente,Ignorado,Simples,Não Informado,Não,4,0,0,0,4,0,0,2,-5.79423227,-49.18035746,SR-PA,UOP01,DEL03
293783,2020-07-06,segunda-feira,00:30:00,PA,10,323.7,SAO MIGUEL DO GUAMA,Ingestão de Álcool,Colisão frontal,Com Vítimas Fatais,Plena Noite,Decrescente,Céu Claro,Simples,Reta,Sim,3,2,0,0,0,1,0,2,-1.6061324,-47.48460531,SR-PA,UOP02,DEL01
293869,2020-07-06,segunda-feira,11:40:00,PA,163,1000,SANTAREM,Desobediência às normas de trânsito pelo condutor,Colisão transversal,Com Vítimas Feridas,Pleno dia,Crescente,Céu Claro,Simples,Reta,Sim,1,0,1,0,0,0,1,1,-2.47328397,-54.7293664,SR-PA,UOP01,DEL05
293879,2020-06-29,segunda-feira,11:30:00,PA,308,151.5,CAPANEMA,Desobediência às normas de trânsito pelo condutor,Colisão transversal,Com Vítimas Feridas,Pleno dia,Crescente,Chuva,Simples,Interseção de vias,Sim,4,0,1,0,3,0,1,3,-1.21064,-47.182743,SR-PA,UOP03,DEL01
294028,2020-07-07,terça-feira,09:20:00,PA,163,1003.9,SANTAREM,Não guardar distância de segurança,Engavetamento,Com Vítimas Feridas,Pleno dia,Crescente,Céu Claro,Dupla,Reta,Sim,4,0,1,0,3,0,1,4,-2.44688525,-54.73048152,SR-PA,UOP01,DEL05
294043,2020-07-07,terça-feira,09:30:00,PA,316,26,BENEVIDES,Desobediência às normas de trânsito pelo condutor,Colisão lateral,Com Vítimas Fatais,Pleno dia,Decrescente,Nublado,Dupla,Reta,Não,4,1,1,0,0,2,1,3,-1.3252697,-48.232117,SR-PA,UOP01,DEL01
294067,2020-07-07,terça-feira,13:00:00,PA,163,1003,SANTAREM,Não guardar distância de segurança,Colisão lateral,Com Vítimas Feridas,Pleno dia,Decrescente,Céu Claro,Dupla,Reta,Sim,3,0,1,0,2,0,1,2,-2.43850729,-54.73289967,SR-PA,UOP01,DEL05
294221,2020-07-08,quarta-feira,10:40:00,PA,10,310.4,IRITUIA,Falta de Atenção à Condução,Atropelamento de Pedestre,Com Vítimas Feridas,Pleno dia,Crescente,Sol,Simples,Não Informado,Sim,2,0,1,0,0,1,1,1,-1.720385,-47.50282289,SR-PA,UOP02,DEL01