id,data_inversa,dia_semana,horario,uf,br,km,municipio,causa_acidente,tipo_acidente,classificacao_acidente,fase_dia,sentido_via,condicao_metereologica,tipo_pista,tracado_via,uso_solo,pessoas,mortos,feridos_leves,feridos_graves,ilesos,ignorados,feridos,veiculos,latitude,longitude,regional,delegacia,uop
294241,2020-07-08,quarta-feira,14:00:00,PA,316,33,SANTA IZABEL DO PARA,Defeito Mecânico no Veículo,Saída de leito carroçável,Com Vítimas Feridas,Pleno dia,Crescente,Céu Claro,Dupla,Reta,Não,3,0,3,0,0,0,3,1,-1.29877612,-48.18005497,SR-PA,UOP01,DEL01
294283,2020-07-08,quarta-feira,14:20:00,PA,316,62.5,CASTANHAL,Desobediência às normas de trânsito pelo condutor,Colisão transversal,Com Vítimas Feridas,Pleno dia,Decrescente,Céu Claro,Dupla,Interseção de vias,Sim,2,0,1,0,1,0,1,2,-1.29786885,-47.93764104,SR-PA,UOP01,DEL01
294288,2020-07-08,quarta-feira,18:30:00,PA,316,106,SANTA MARIA DO PARA,Ultrapassagem Indevida,Atropelamento de Pedestre,Com Vítimas Feridas,Anoitecer,Crescente,Céu Claro,Simples,Reta,Sim,2,0,0,2,0,0,2,1,-1.34101996,-47.55122901,SR-PA,UOP02,DEL01
294289,2020-07-08,quarta-feira,19:20:00,PA,316,97.4,SANTA MARIA DO PARA,Deficiência ou não Acionamento do Sistema de Iluminação/Sinalização do Veículo,Colisão traseira,Com Vítimas Fatais,Plena Noite,Crescente,Céu Claro,Simples,Reta,Não,3,1,0,0,2,0,0,2,-1.3452392,-47.5766756,SR-PA,UOP02,DEL01
294365,2020-05-29,sexta-feira,00:30:00,PA,316,83.6,SAO FRANCISCO DO PARA,Condutor Dormindo,Colisão lateral,Sem Vítimas,Plena Noite,Decrescente,Ignorado,Simples,Reta,Não,2,0,0,0,1,1,0,2,-1.311353,-47.737802,SR-PA,UOP02,DEL01
294366,2020-06-26,sexta-feira,21:20:00,PA,308,173.8,TRACUATEUA,Objeto estático sobre o leito carroçável,Tombamento,Sem Vítimas,Plena Noite,Crescente,Céu Claro,Simples,Reta,Não,3,0,0,0,1,2,0,2,-1.1661187,-46.99043033,SR-PA,UOP03,DEL01
294502,2020-07-10,sexta-feira,06:45:00,PA,316,118,SANTA MARIA DO PARA,Fenômenos da Natureza,Colisão lateral,Com Vítimas Feridas,Amanhecer,Decrescente,Céu Claro,Simples,Reta,Não,2,0,1,0,0,1,1,2,-1.30866922,-47.45203805,SR-PA,UOP02,DEL01
294529,2020-07-10,sexta-feira,09:13:00,PA,230,120.9,MARABA,Desobediência às normas de trânsito pelo condutor,Colisão traseira,Com Vítimas Feridas,Pleno dia,Crescente,Céu Claro,Múltipla,Reta,Sim,2,0,1,0,1,0,1,2,-5.35038318,-49.11434,SR-PA,UOP01,DEL03
294610,2020-07-10,sexta-feira,17:26:00,PA,222,243.3,MARABA,Falta de Atenção à Condução,Colisão transversal,Sem Vítimas,Pleno dia,Decrescente,Céu Claro,Simples,Reta,Sim,3,0,0,0,3,0,0,2,-5.339671,-49.08239,SR-PA,UOP01,DEL03
294613,2020-07-10,sexta-feira,16:15:00,PA,316,100,SANTA MARIA DO PARA,Falta de Atenção à Condução,Colisão transversal,Com Vítimas Feridas,Pleno dia,Decrescente,Céu Claro,Simples,Reta,Não,3,0,1,2,0,0,3,2,-1.335246,-47.602081,SR-PA,UOP02,DEL01
294780,2020-07-11,sábado,12:36:00,PA,163,1005.9,SANTAREM,Desobediência às normas de trânsito pelo condutor,Colisão transversal,Com Vítimas Feridas,Pleno dia,Crescente,Céu Claro,Simples,Interseção de vias,Sim,3,0,2,0,1,0,2,2,-2.42943608,-54.73462738,SR-PA,UOP01,DEL05
294825,2020-07-11,sábado,17:50:00,PA,163,967,BELTERRA,Ingestão de Álcool,Queda de ocupante de veículo,Com Vítimas Feridas,Pleno dia,Decrescente,Céu Claro,Simples,Reta,Sim,1,0,1,0,0,0,1,1,-2.67213695,-54.84204847,SR-PA,UOP01,DEL05
294867,2020-07-11,sábado,20:30:00,PA,10,18,DOM ELISEU,Falta de Atenção à Condução,Colisão transversal,Com Vítimas Feridas,Plena Noite,Crescente,Céu Claro,Simples,Interseção de vias,Sim,2,0,0,1,0,1,1,2,-4.293095,-47.556904,SR-PA,UOP02,DEL02
294876,2020-07-11,sábado,11:48:00,PA,10,51,CASTANHAL,Desobediência às normas de trânsito pelo condutor,Danos eventuais,Com Vítimas Feridas,Pleno dia,Crescente,Céu Claro,Dupla,Reta,Não,3,0,2,0,0,1,2,2,-1.30722844,-48.02946221,SR-PA,UOP02,DEL02
294940,2020-07-12,domingo,01:28:00,PA,163,1003,SANTAREM,Ingestão de Álcool,Colisão com objeto estático,Sem Vítimas,Plena Noite,Decrescente,Céu Claro,Dupla,Reta,Sim,1,0,0,0,1,0,0,1,-2.44688525,-54.73048152,SR-PA,UOP01,DEL05
295011,2020-07-12,domingo,12:45:00,PA,316,57,CASTANHAL,Falta de Atenção à Condução,Colisão com objeto estático,Sem Vítimas,Pleno dia,Decrescente,Sol,Dupla,Reta,Sim,1,0,0,0,0,1,0,1,-1.30088766,-47.98196704,SR-PA,UOP01,DEL01
295021,2020-07-12,domingo,06:20:00,PA,163,877,BELTERRA,Falta de Atenção à Condução,Tombamento,Com Vítimas Feridas,Pleno dia,Crescente,Céu Claro,Simples,Curva,Não,2,0,2,0,0,0,2,1,-3.42813499,-54.90900288,SR-PA,UOP01,DEL05
295057,2020-07-12,domingo,17:35:00,PA,316,28,SANTA IZABEL DO PARA,Defeito Mecânico no Veículo,Tombamento,Com Vítimas Feridas,Pleno dia,Crescente,Céu Claro,Dupla,Reta,Não,2,0,2,0,0,0,2,1,-1.31121896,-48.22115206,SR-PA,UOP01,DEL01
295081,2020-07-12,domingo,19:30:00,PA,222,242,MARABA,Desobediência às normas de trânsito pelo condutor,Colisão lateral,Com Vítimas Feridas,Plena Noite,Crescente,Céu Claro,Simples,Reta,Sim,2,0,0,1,1,0,1,1,-5.331903,-49.085217,SR-PA,UOP01,DEL03
295130,2020-07-12,domingo,22:21:00,PA,316,33.5,SANTA IZABEL DO PARA,Ingestão de Álcool,Atropelamento de Pedestre,Com Vítimas Feridas,Plena Noite,Decrescente,Céu Claro,Dupla,Reta,Sim,7,0,2,0,5,0,2,2,-1.29877612,-48.18005497,SR-PA,UOP01,DEL01
295198,2020-06-11,quinta-feira,18:45:00,PA,10,241,AURORA DO PARA,Ingestão de Álcool,Colisão frontal,Com Vítimas Feridas,Plena Noite,Crescente,Nublado,Simples,Reta,Não,3,0,0,1,2,0,1,2,-2.33096701,-47.56428274,SR-PA,UOP01,DEL02
295233,2020-07-13,segunda-feira,13:15:00,PA,316,85,SAO FRANCISCO DO PARA,Desobediência às normas de trânsito pelo condutor,Colisão frontal,Com Vítimas Feridas,Pleno dia,Decrescente,Sol,Simples,Reta,Não,5,0,5,0,0,0,5,2,-1.31283229,-47.72924608,SR-PA,UOP02,DEL01
295336,2020-07-14,terça-feira,07:15:00,PA,163,1002,SANTAREM,Desobediência às normas de trânsito pelo condutor,Colisão transversal,Com Vítimas Feridas,Pleno dia,Decrescente,Sol,Simples,Rotatória,Sim,3,0,1,0,2,0,1,3,-2.45567004,-54.72854541,SR-PA,UOP01,DEL05
295387,2020-06-04,quinta-feira,16:30:00,PA,230,118,MARABA,Defeito Mecânico no Veículo,Colisão lateral,Sem Vítimas,Pleno dia,Decrescente,Céu Claro,Dupla,Reta,Sim,2,0,0,0,2,0,0,2,-5.35193706,-49.09794103,SR-PA,UOP01,DEL03
295423,2020-07-14,terça-feira,17:30:00,PA,316,105,SANTA MARIA DO PARA,Falta de Atenção à Condução,Colisão transversal,Com Vítimas Feridas,Anoitecer,Crescente,Céu Claro,Simples,Curva,Sim,2,0,0,1,1,0,1,2,-1.34122377,-47.56882496,SR-PA,UOP02,DEL01
295440,2020-07-14,terça-feira,17:07:00,PA,316,77,SAO FRANCISCO DO PARA,Falta de Atenção à Condução,Colisão lateral,Com Vítimas Feridas,Pleno dia,Decrescente,Céu Claro,Simples,Reta,Não,2,0,1,0,1,0,1,2,-1.30223447,-47.80628622,SR-PA,UOP01,DEL01
295662,2020-07-16,quinta-feira,06:40:00,PA,316,126,NOVA TIMBOTEUA,Falta de Atenção à Condução,Colisão traseira,Com Vítimas Fatais,Pleno dia,Crescente,Céu Claro,Simples,Reta,Não,3,1,0,0,2,0,0,2,-1.29395928,-47.36772537,SR-PA,UOP02,DEL01
295743,2020-07-16,quinta-feira,14:00:00,PA,308,175,TRACUATEUA,Falta de Atenção à Condução,Saída de leito carroçável,Com Vítimas Feridas,Pleno dia,Crescente,Sol,Simples,Reta,Não,3,0,1,0,2,0,1,1,-1.15950768,-46.98429937,SR-PA,UOP03,DEL01
295769,2020-06-08,segunda-feira,21:00:00,PA,10,309,IRITUIA,Falta de Atenção à Condução,Saída de leito carroçável,Sem Vítimas,Plena Noite,Crescente,Nublado,Simples,Não Informado,Não,1,0,0,0,1,0,0,1,-1.72948399,-47.50308232,SR-PA,UOP02,DEL01
295776,2020-06-16,terça-feira,05:40:00,PA,10,269,MAE DO RIO,Falta de Atenção à Condução,Atropelamento de Animal,Com Vítimas Fatais,Amanhecer,Crescente,Céu Claro,Simples,Reta,Não,2,1,1,0,0,0,1,1,-2.07810902,-47.55961964,SR-PA,UOP01,DEL02
295790,2020-07-17,sexta-feira,01:40:00,PA,10,256,AURORA DO PARA,Falta de Atenção à Condução,Colisão transversal,Com Vítimas Feridas,Plena Noite,Crescente,Céu Claro,Simples,Reta,Não,2,0,1,0,1,0,1,2,-2.195502,-47.561623,SR-PA,UOP01,DEL02
295846,2020-07-17,sexta-feira,10:42:00,PA,316,63,CASTANHAL,Falta de Atenção à Condução,Colisão lateral,Com Vítimas Feridas,Pleno dia,Crescente,Céu Claro,Simples,Reta,Sim,3,0,0,1,2,0,1,3,-1.3060946,-48.0071211,SR-PA,UOP01,DEL01
295901,2020-07-17,sexta-feira,13:00:00,PA,316,115,SANTA MARIA DO PARA,Falta de Atenção à Condução,Colisão transversal,Com Vítimas Feridas,Pleno dia,Decrescente,Céu Claro,Simples,Reta,Não,4,0,1,0,2,1,1,2,-1.31441706,-47.47771498,SR-PA,UOP02,DEL01
295972,2020-07-09,quinta-feira,15:30:00,PA,10,126,PARAGOMINAS,Falta de Atenção à Condução,Colisão lateral,Com Vítimas Feridas,Pleno dia,Decrescente,Céu Claro,Simples,Reta,Não,3,0,2,0,1,0,2,2,-3.17508192,-47.48783111,SR-PA,UOP01,DEL02
296150,2020-07-18,sábado,15:50:00,PA,316,98,SANTA MARIA DO PARA,Carga excessiva e/ou mal acondicionada,Saída de leito carroçável,Com Vítimas Feridas,Pleno dia,Crescente,Céu Claro,Simples,Reta,Não,3,0,1,0,2,0,1,1,-1.33188337,-47.62160007,SR-PA,UOP02,DEL01
296211,2020-07-18,sábado,22:30:00,PA,163,1002.5,SANTAREM,Falta de Atenção à Condução,Colisão frontal,Com Vítimas Feridas,Plena Noite,Crescente,Céu Claro,Simples,Reta,Não,2,0,1,0,1,0,1,2,-2.45567004,-54.72854541,SR-PA,UOP01,DEL05
296273,2020-06-29,segunda-feira,08:00:00,PA,222,243,MARABA,Desobediência às normas de trânsito pelo condutor,Colisão frontal,Com Vítimas Feridas,Pleno dia,Crescente,Céu Claro,Simples,Reta,Sim,2,0,1,0,0,1,1,2,-5.339671,-49.08239,SR-PA,UOP01,DEL03
296298,2020-06-27,sábado,08:50:00,PA,222,245,MARABA,Desobediência às normas de trânsito pelo condutor,Colisão transversal,Com Vítimas Feridas,Pleno dia,Crescente,Céu Claro,Simples,Não Informado,Sim,2,0,1,0,1,0,1,2,-5.355886,-49.079418,SR-PA,UOP01,DEL03
296301,2020-07-19,domingo,12:30:00,PA,316,38,SANTA IZABEL DO PARA,Falta de Atenção à Condução,Saída de leito carroçável,Com Vítimas Fatais,Pleno dia,Crescente,Céu Claro,Dupla,Reta,Não,5,1,0,3,1,0,3,1,-1.28327779,-48.13995604,SR-PA,UOP01,DEL01
296303,2020-07-19,domingo,12:50:00,PA,230,162,ITUPIRANGA,Falta de Atenção à Condução,Saída de leito carroçável,Com Vítimas Feridas,Pleno dia,Decrescente,Sol,Simples,Não Informado,Não,4,0,3,1,0,0,4,1,-5.19452118,-49.36139931,SR-PA,UOP01,DEL03
296333,2020-07-19,domingo,15:00:00,PA,10,236.4,IPIXUNA DO PARA,Ingestão de Álcool,Tombamento,Com Vítimas Feridas,Pleno dia,Crescente,Céu Claro,Simples,Não Informado,Não,2,0,2,0,0,0,2,1,-2.372881,-47.550656,SR-PA,UOP01,DEL02
296425,2020-07-19,domingo,19:00:00,PA,10,254.6,AURORA DO PARA,Deficiência ou não Acionamento do Sistema de Iluminação/Sinalização do Veículo,Colisão traseira,Com Vítimas Fatais,Plena Noite,Crescente,Céu Claro,Simples,Desvio Temporário,Não,3,1,1,0,1,0,1,2,-2.21356299,-47.56207843,SR-PA,UOP01,DEL02
296433,2020-07-19,domingo,23:05:00,PA,316,88,SAO FRANCISCO DO PARA,Desobediência às normas de trânsito pelo condutor,Colisão transversal,Com Vítimas Feridas,Plena Noite,Crescente,Céu Claro,Simples,Reta,Não,5,0,1,0,4,0,1,2,-1.31634977,-47.70955196,SR-PA,UOP02,DEL01
296521,2020-07-20,segunda-feira,11:25:00,PA,10,52.2,ULIANOPOLIS,Objeto estático sobre o leito carroçável,Colisão com objeto estático,Com Vítimas Feridas,Pleno dia,Crescente,Sol,Simples,Reta,Não,4,0,2,0,2,0,2,1,-3.99250004,-47.54729825,SR-PA,UOP02,DEL02
296551,2020-07-12,domingo,23:00:00,PA,230,116.7,MARABA,Desobediência às normas de trânsito pelo condutor,Colisão transversal,Sem Vítimas,Plena Noite,Crescente,Céu Claro,Dupla,Interseção de vias,Sim,2,0,0,0,2,0,0,2,-5.35034394,-49.1021294,SR-PA,UOP01,DEL03
296563,2020-07-20,segunda-feira,15:30:00,PA,316,65.8,CASTANHAL,Não guardar distância de segurança,Engavetamento,Sem Vítimas,Pleno dia,Decrescente,Céu Claro,Dupla,Reta,Sim,15,0,0,0,15,0,0,4,-1.2958036078,-47.9108400225,SR-PA,UOP01,DEL01
296590,2020-07-20,segunda-feira,18:34:00,PA,316,40.9,SANTA IZABEL DO PARA,Falta de Atenção à Condução,Saída de leito carroçável,Com Vítimas Feridas,Anoitecer,Decrescente,Chuva,Dupla,Reta,Não,2,0,2,0,0,0,2,1,-1.2795637,-48.12243407,SR-PA,UOP01,DEL01
296643,2020-07-21,terça-feira,06:50:00,PA,316,62.5,CASTANHAL,Falta de Atenção à Condução,Engavetamento,Com Vítimas Feridas,Pleno dia,Decrescente,Sol,Dupla,Reta,Sim,12,0,4,0,7,1,4,4,-1.29786885,-47.93764104,SR-PA,UOP01,DEL01
296663,2020-07-21,terça-feira,08:35:00,PA,316,53,CASTANHAL,Falta de Atenção à Condução,Colisão traseira,Com Vítimas Feridas,Pleno dia,Crescente,Céu Claro,Dupla,Reta,Sim,2,0,1,0,1,0,1,2,-1.29377136,-47.92616558,SR-PA,UOP01,DEL01
296681,2020-06-30,terça-feira,15:00:00,PA,316,64,CASTANHAL,Desobediência às normas de trânsito pelo condutor,Colisão transversal,Com Vítimas Feridas,Pleno dia,Crescente,Sol,Dupla,Reta,Sim,2,0,0,1,1,0,1,2,-1.29629557,-47.91983997,SR-PA,UOP01,DEL01
296778,2020-07-21,terça-feira,20:25:00,PA,316,43,SANTA IZABEL DO PARA,Desobediência às normas de trânsito pelo condutor,Colisão traseira,Com Vítimas Fatais,Plena Noite,Crescente,Céu Claro,Dupla,Reta,Não,5,1,0,1,1,2,1,4,-1.276098,-48.085965,SR-PA,UOP01,DEL01
296832,2020-07-22,quarta-feira,09:00:00,PA,316,61.3,CASTANHAL,Falta de Atenção à Condução,Colisão lateral,Com Vítimas Feridas,Pleno dia,Crescente,Céu Claro,Dupla,Reta,Sim,3,0,1,0,2,0,1,2,-1.29686015,-47.94639002,SR-PA,UOP01,DEL01
296842,2020-07-17,sexta-feira,08:48:00,PA,155,292,ELDORADO DO CARAJAS,Desobediência às normas de trânsito pelo condutor,Saída de leito carroçável,Com Vítimas Feridas,Pleno dia,Crescente,Céu Claro,Simples,Reta,Não,5,0,1,1,0,3,2,1,-5.80707849,-49.18639183,SR-PA,UOP01,DEL03
296844,2020-06-10,quarta-feira,09:45:00,PA,316,54,CASTANHAL,Desobediência às normas de trânsito pelo condutor,Colisão lateral,Com Vítimas Feridas,Pleno dia,Crescente,Céu Claro,Dupla,Reta,Não,3,0,0,1,1,1,1,2,-1.30608532,-48.00803597,SR-PA,UOP01,DEL01
297158,2020-07-24,sexta-feira,08:40:00,PA,10,17,DOM ELISEU,Falta de Atenção à Condução,Danos eventuais,Com Vítimas Feridas,Pleno dia,Crescente,Céu Claro,Simples,Reta,Sim,2,0,1,0,1,0,1,2,-4.30201297,-47.55571979,SR-PA,UOP02,DEL02
297212,2020-07-24,sexta-feira,16:20:00,PA,230,122,MARABA,Falta de Atenção à Condução,Colisão lateral,Com Vítimas Feridas,Pleno dia,Decrescente,Céu Claro,Múltipla,Interseção de vias,Sim,2,0,0,1,1,0,1,2,-5.36137537,-49.12376139,SR-PA,UOP01,DEL03
297285,2020-07-24,sexta-feira,21:00:00,PA,163,971,BELTERRA,Falta de Atenção à Condução,Colisão frontal,Com Vítimas Fatais,Plena Noite,Decrescente,Nublado,Simples,Reta,Não,2,1,0,0,0,1,0,2,-2.6515,-54.822193,SR-PA,UOP01,DEL05
297307,2020-07-24,sexta-feira,21:15:00,PA,316,45.3,SANTA IZABEL DO PARA,Falta de Atenção à Condução,Saída de leito carroçável,Com Vítimas Feridas,Plena Noite,Decrescente,Céu Claro,Dupla,Reta,Não,3,0,1,0,2,0,1,1,-1.277567,-48.078326,SR-PA,UOP01,DEL01
297392,2020-07-18,sábado,17:20:00,PA,230,112,MARABA,Ingestão de Álcool,Tombamento,Com Vítimas Feridas,Pleno dia,Crescente,Céu Claro,Simples,Desvio Temporário,Sim,3,0,1,0,1,1,1,1,-5.36913479,-49.04877095,SR-PA,UOP01,DEL03
297406,2020-07-25,sábado,14:45:00,PA,10,248,AURORA DO PARA,Desobediência às normas de trânsito pelo condutor,Tombamento,Com Vítimas Feridas,Pleno dia,Crescente,Sol,Simples,Não Informado,Não,2,0,1,0,0,1,1,2,-2.26775401,-47.56308362,SR-PA,UOP01,DEL02
297436,2020-07-25,sábado,02:30:00,PA,308,207,BRAGANCA,Desobediência às normas de trânsito pelo condutor,Colisão frontal,Com Vítimas Feridas,Plena Noite,Crescente,Ignorado,Simples,Curva,Sim,2,0,0,1,1,0,1,2,-1.1940003,-47.04443392,SR-PA,UOP03,DEL01
297452,2020-07-25,sábado,18:00:00,PA,316,20,BENEVIDES,Falta de Atenção à Condução,Colisão lateral,Com Vítimas Feridas,Plena Noite,Decrescente,Céu Claro,Dupla,Reta,Não,2,0,1,0,1,0,1,2,-1.3642339,-48.266582,SR-PA,UOP01,DEL01
297525,2020-07-26,domingo,00:00:00,PA,10,0,DOM ELISEU,Falta de Atenção à Condução,Colisão frontal,Com Vítimas Feridas,Plena Noite,Crescente,Céu Claro,Simples,Ponte,Não,3,0,1,2,0,0,3,2,-4.443685,-47.532195,SR-PA,UOP02,DEL02
297625,2020-07-26,domingo,14:37:00,PA,163,1001.1,SANTAREM,Falta de Atenção à Condução,Colisão transversal,Com Vítimas Feridas,Pleno dia,Crescente,Céu Claro,Simples,Reta,Sim,3,0,2,0,1,0,2,2,-2.462382,-54.727247,SR-PA,UOP01,DEL05
297697,2020-07-26,domingo,18:50:00,PA,316,96,SANTA MARIA DO PARA,Defeito na Via,Saída de leito carroçável,Com Vítimas Feridas,Plena Noite,Decrescente,Céu Claro,Simples,Reta,Não,2,0,2,0,0,0,2,1,-1.32878666,-47.63912194,SR-PA,UOP02,DEL01
297720,2020-07-26,domingo,20:00:00,PA,308,185,TRACUATEUA,Ingestão de Álcool,Colisão frontal,Sem Vítimas,Plena Noite,Crescente,Céu Claro,Simples,Reta,Sim,3,0,0,0,3,0,0,2,-1.10396268,-46.91769519,SR-PA,UOP03,DEL01
297738,2020-07-26,domingo,22:15:00,PA,316,24,BENEVIDES,Ingestão de álcool e/ou substâncias psicoativas pelo pedestre,Atropelamento de Pedestre,Com Vítimas Feridas,Plena Noite,Decrescente,Céu Claro,Dupla,Reta,Sim,3,0,1,0,2,0,1,1,-1.34599732,-48.25152822,SR-PA,UOP01,DEL01
297819,2020-07-24,sexta-feira,07:00:00,PA,163,561,TRAIRAO,Falta de Atenção à Condução,Colisão lateral,Sem Vítimas,Pleno dia,Decrescente,Céu Claro,Simples,Não Informado,Não,3,0,0,0,3,0,0,2,-5.11358599,-56.11720698,SR-PA,UOP01,DEL05
297821,2020-07-27,segunda-feira,10:00:00,PA,230,116,MARABA,Não guardar distância de segurança,Colisão traseira,Com Vítimas Feridas,Pleno dia,Crescente,Sol,Dupla,Não Informado,Sim,3,0,1,1,1,0,2,2,-5.35947454,-49.08301084,SR-PA,UOP01,DEL03
297827,2020-07-24,sexta-feira,07:50:00,PA,316,23,BENEVIDES,Falta de Atenção à Condução,Colisão lateral,Com Vítimas Feridas,Pleno dia,Crescente,Céu Claro,Dupla,Reta,Sim,2,0,1,0,1,0,1,2,-1.34599732,-48.25152822,SR-PA,UOP01,DEL01
297854,2020-07-27,segunda-feira,11:00:00,PA,222,79.7,RONDON DO PARA,Velocidade Incompatível,Saída de leito carroçável,Com Vítimas Fatais,Pleno dia,Crescente,Céu Claro,Simples,Reta,Não,4,1,1,2,0,0,3,1,-4.631418,-47.898033,SR-PA,UOP02,DEL02
297882,2020-07-27,segunda-feira,16:55:00,PA,316,35,SANTA IZABEL DO PARA,Falta de Atenção à Condução,Colisão lateral,Com Vítimas Feridas,Pleno dia,Crescente,Céu Claro,Dupla,Reta,Sim,2,0,1,0,1,0,1,2,-1.29146197,-48.164561,SR-PA,UOP01,DEL01
297900,2020-07-27,segunda-feira,18:30:00,PA,222,243,MARABA,Desobediência às normas de trânsito pelo condutor,Colisão lateral,Com Vítimas Feridas,Anoitecer,Decrescente,Céu Claro,Simples,Reta,Sim,2,0,1,0,1,0,1,2,-5.339671,-49.08239,SR-PA,UOP01,DEL03
297928,2020-06-28,domingo,18:35:00,PA,222,243,MARABA,Falta de Atenção à Condução,Colisão transversal,Com Vítimas Feridas,Plena Noite,Crescente,Ignorado,Simples,Reta,Sim,3,0,2,0,1,0,2,2,-5.339671,-49.08239,SR-PA,UOP01,DEL03
297972,2020-06-01,segunda-feira,05:30:00,PA,316,96,IGARAPE-ACU,Defeito na Via,Tombamento,Com Vítimas Feridas,Amanhecer,Decrescente,Nublado,Simples,Não Informado,Não,2,0,1,0,0,1,1,1,-1.32878666,-47.63912194,SR-PA,UOP02,DEL01
297973,2020-07-27,segunda-feira,20:00:00,PA,153,58,SAO DOMINGOS DO ARAGUAIA,Falta de Atenção à Condução,Colisão frontal,Com Vítimas Fatais,Plena Noite,Crescente,Céu Claro,Simples,Curva,Não,2,1,0,0,1,0,0,2,-5.628605,-48.708134,SR-PA,UOP01,DEL03
297991,2020-07-28,terça-feira,07:15:00,PA,230,115,MARABA,Falta de Atenção à Condução,Colisão lateral,Com Vítimas Feridas,Pleno dia,Decrescente,Céu Claro,Dupla,Retorno Regulamentado,Não,2,0,1,0,1,0,1,2,-5.35913524,-49.08386892,SR-PA,UOP01,DEL03
298016,2020-07-28,terça-feira,11:45:00,PA,230,120,MARABA,Desobediência às normas de trânsito pelo condutor,Colisão transversal,Sem Vítimas,Pleno dia,Crescente,Céu Claro,Dupla,Interseção de vias,Sim,2,0,0,0,1,1,0,2,-5.35038318,-49.11434,SR-PA,UOP01,DEL03
298045,2020-07-28,terça-feira,15:40:00,PA,316,25,BENEVIDES,Desobediência às normas de trânsito pelo condutor,Colisão transversal,Com Vítimas Feridas,Pleno dia,Crescente,Céu Claro,Dupla,Reta,Sim,5,0,1,0,4,0,1,3,-1.3252697,-48.232117,SR-PA,UOP01,DEL01
298049,2020-07-28,terça-feira,16:50:00,PA,230,115,MARABA,Falta de Atenção à Condução,Colisão lateral,Com Vítimas Feridas,Pleno dia,Crescente,Céu Claro,Dupla,Reta,Sim,3,0,1,0,1,1,1,2,-5.36241425,-49.07496007,SR-PA,UOP01,DEL03
298166,2020-06-04,quinta-feira,22:45:00,PA,163,998,SANTAREM,Animais na Pista,Atropelamento de Animal,Com Vítimas Feridas,Plena Noite,Decrescente,Céu Claro,Simples,Reta,Não,1,0,1,0,0,0,1,1,-2.49064036,-54.73373352,SR-PA,UOP01,DEL05
298185,2020-07-29,quarta-feira,13:10:00,PA,316,65,CASTANHAL,Ultrapassagem Indevida,Colisão lateral,Com Vítimas Feridas,Pleno dia,Crescente,Céu Claro,Simples,Reta,Sim,3,0,2,0,1,0,2,2,-1.29580361,-47.91084002,SR-PA,UOP01,DEL01
298240,2020-07-29,quarta-feira,18:40:00,PA,163,960,BELTERRA,Animais na Pista,Atropelamento de Animal,Com Vítimas Feridas,Anoitecer,Crescente,Céu Claro,Simples,Curva,Não,4,0,3,1,0,0,4,1,-2.71293896,-54.9001872,SR-PA,UOP01,DEL05
298263,2020-07-29,quarta-feira,20:30:00,PA,10,342,SANTA MARIA DO PARA,Restrição de Visibilidade,Atropelamento de Pedestre,Com Vítimas Fatais,Plena Noite,Crescente,Ignorado,Dupla,Reta,Não,2,1,0,0,0,1,0,1,-1.45010301,-47.54006802,SR-PA,UOP02,DEL01
298298,2020-07-21,terça-feira,19:30:00,PA,10,116,PARAGOMINAS,Não guardar distância de segurança,Colisão traseira,Com Vítimas Feridas,Plena Noite,Decrescente,Céu Claro,Simples,Não Informado,Não,3,0,1,0,1,1,1,3,-3.42710287,-47.45522033,SR-PA,UOP01,DEL02
298330,2020-07-30,quinta-feira,11:50:00,PA,163,1002,SANTAREM,Falta de Atenção à Condução,Colisão transversal,Com Vítimas Feridas,Pleno dia,Decrescente,Sol,Simples,Interseção de vias,Sim,2,0,0,1,1,0,1,2,-2.45567004,-54.72854541,SR-PA,UOP01,DEL05
298410,2020-07-30,quinta-feira,19:20:00,PA,316,30,SANTA IZABEL DO PARA,Não guardar distância de segurança,Colisão lateral,Com Vítimas Feridas,Plena Noite,Crescente,Ignorado,Dupla,Reta,Não,4,0,2,1,1,0,3,3,-1.30554344,-48.20423126,SR-PA,UOP01,DEL01
298453,2020-07-31,sexta-feira,02:40:00,PA,10,120,PARAGOMINAS,Falta de Atenção à Condução,Tombamento,Com Vítimas Feridas,Plena Noite,Decrescente,Ignorado,Simples,Curva,Não,2,0,1,1,0,0,2,1,-3.392432,-47.444252,SR-PA,UOP01,DEL02
298542,2020-07-31,sexta-feira,13:30:00,PA,222,240,MARABA,Desobediência às normas de trânsito pelo condutor,Colisão traseira,Com Vítimas Feridas,Pleno dia,Decrescente,Céu Claro,Simples,Reta,Não,2,0,1,0,1,0,1,2,-5.322347,-49.084007,SR-PA,UOP01,DEL03
298731,2020-08-01,sábado,10:30:00,PA,316,74,SAO FRANCISCO DO PARA,Falta de Atenção à Condução,Saída de leito carroçável,Sem Vítimas,Pleno dia,Crescente,Céu Claro,Simples,Reta,Não,1,0,0,0,1,0,0,1,-1.29446511,-47.82243505,SR-PA,UOP01,DEL01
298794,2020-08-01,sábado,16:39:00,PA,316,7,ANANINDEUA,Falta de Atenção do Pedestre,Atropelamento de Pedestre,Com Vítimas Feridas,Pleno dia,Decrescente,Céu Claro,Múltipla,Reta,Sim,2,0,0,1,0,1,1,1,-1.37246314,-48.38458692,SR-PA,UOP01,DEL01