id,data_inversa,dia_semana,horario,uf,br,km,municipio,causa_acidente,tipo_acidente,classificacao_acidente,fase_dia,sentido_via,condicao_metereologica,tipo_pista,tracado_via,uso_solo,pessoas,mortos,feridos_leves,feridos_graves,ilesos,ignorados,feridos,veiculos,latitude,longitude,regional,delegacia,uop
306017,2020-09-05,sábado,17:00:00,PA,10,323,SAO MIGUEL DO GUAMA,Ultrapassagem Indevida,Colisão frontal,Com Vítimas Feridas,Anoitecer,Decrescente,Céu Claro,Simples,Reta,Sim,3,0,0,2,1,0,2,2,-1.61088202,-47.48281005,SR-PA,UOP02,DEL01
306107,2020-09-06,domingo,07:00:00,PA,10,336.7,SANTA MARIA DO PARA,Avarias e/ou desgaste excessivo no pneu,Colisão transversal,Com Vítimas Feridas,Amanhecer,Decrescente,Céu Claro,Simples,Reta,Não,2,0,1,0,1,0,1,2,-1.50210904,-47.52450816,SR-PA,UOP02,DEL01
306146,2020-09-06,domingo,12:30:00,PA,316,63.7,CASTANHAL,Desobediência às normas de trânsito pelo condutor,Colisão transversal,Com Vítimas Feridas,Pleno dia,Crescente,Nublado,Dupla,Reta,Sim,3,0,1,1,1,0,2,3,-1.29679363,-47.92878096,SR-PA,UOP01,DEL01
306160,2020-09-06,domingo,14:10:00,PA,163,981,SANTAREM,Desobediência às normas de trânsito pelo condutor,Colisão frontal,Com Vítimas Feridas,Pleno dia,Decrescente,Céu Claro,Simples,Reta,Não,5,0,3,0,1,1,3,2,-2.62917092,-54.74150509,SR-PA,UOP01,DEL05
306161,2020-08-21,sexta-feira,09:00:00,PA,316,74,SAO FRANCISCO DO PARA,Falta de Atenção à Condução,Colisão transversal,Com Vítimas Feridas,Pleno dia,Crescente,Céu Claro,Simples,Reta,Não,2,0,0,1,1,0,1,2,-1.29131621,-47.83082209,SR-PA,UOP01,DEL01
306173,2020-08-21,sexta-feira,16:35:00,PA,316,64,CASTANHAL,Desobediência às normas de trânsito pelo condutor,Colisão lateral,Com Vítimas Fatais,Pleno dia,Decrescente,Céu Claro,Dupla,Reta,Sim,2,1,0,0,1,0,0,2,-1.29580361,-47.91084002,SR-PA,UOP01,DEL01
306265,2020-09-06,domingo,18:30:00,PA,316,68,CASTANHAL,Falta de Atenção à Condução,Saída de leito carroçável,Com Vítimas Fatais,Plena Noite,Decrescente,Céu Claro,Simples,Reta,Sim,5,2,0,3,0,0,3,1,-1.29440507,-47.88382304,SR-PA,UOP01,DEL01
306314,2020-07-06,segunda-feira,22:00:00,PA,155,255,ELDORADO DO CARAJAS,Falta de Atenção à Condução,Colisão frontal,Com Vítimas Feridas,Plena Noite,Crescente,Céu Claro,Simples,Curva,Não,5,0,1,1,1,2,2,4,-6.08510399,-49.31872679,SR-PA,UOP01,DEL03
306358,2020-09-07,segunda-feira,10:30:00,PA,222,245,MARABA,Falta de Atenção à Condução,Queda de ocupante de veículo,Com Vítimas Feridas,Pleno dia,Crescente,Céu Claro,Simples,Desvio Temporário,Sim,2,0,1,0,1,0,1,2,-5.355886,-49.079418,SR-PA,UOP01,DEL03
306469,2020-09-07,segunda-feira,19:20:00,PA,308,154,CAPANEMA,Ingestão de Álcool,Saída de leito carroçável,Com Vítimas Feridas,Plena Noite,Decrescente,Céu Claro,Simples,Reta,Não,2,0,2,0,0,0,2,1,-1.20692778,-47.15832092,SR-PA,UOP03,DEL01
306661,2020-09-08,terça-feira,16:05:00,PA,316,56.6,CASTANHAL,Ingestão de Álcool,Capotamento,Com Vítimas Feridas,Pleno dia,Decrescente,Garoa/Chuvisco,Dupla,Reta,Sim,1,0,1,0,0,0,1,1,-1.30296976,-47.99063907,SR-PA,UOP01,DEL01
306724,2020-09-08,terça-feira,21:35:00,PA,230,61.3,SAO DOMINGOS DO ARAGUAIA,Defeito Mecânico no Veículo,Incêndio,Sem Vítimas,Plena Noite,Crescente,Céu Claro,Simples,Reta,Não,1,0,0,0,1,0,0,1,-5.53974481,-48.64338197,SR-PA,UOP01,DEL03
306853,2020-08-23,domingo,15:30:00,PA,316,240,CACHOEIRA DO PIRIA,Falta de Atenção à Condução,Tombamento,Com Vítimas Feridas,Pleno dia,Crescente,Céu Claro,Simples,Ponte,Não,1,0,0,1,0,0,1,1,-1.7354367,-46.5924439,SR-PA,UOP04,DEL01
306896,2020-09-09,quarta-feira,19:30:00,PA,316,63,CASTANHAL,Falta de Atenção à Condução,Colisão transversal,Com Vítimas Feridas,Plena Noite,Crescente,Céu Claro,Dupla,Reta,Sim,2,0,1,0,1,0,1,2,-1.29679363,-47.92878096,SR-PA,UOP01,DEL01
306946,2020-09-10,quinta-feira,00:00:00,PA,230,627,ALTAMIRA,Ingestão de Álcool,Queda de ocupante de veículo,Com Vítimas Feridas,Amanhecer,Decrescente,Nublado,Simples,Reta,Não,1,0,1,0,0,0,1,1,-3.17171109,-52.13253021,SR-PA,UOP01,DEL04
306978,2020-09-10,quinta-feira,09:00:00,PA,163,1001.9,SANTAREM,Falta de Atenção à Condução,Colisão transversal,Com Vítimas Feridas,Pleno dia,Crescente,Céu Claro,Simples,Interseção de vias,Sim,2,0,0,1,1,0,1,2,-2.464507,-54.72745295,SR-PA,UOP01,DEL05
306981,2020-09-10,quinta-feira,09:25:00,PA,163,996,SANTAREM,Objeto estático sobre o leito carroçável,Tombamento,Com Vítimas Feridas,Pleno dia,Crescente,Céu Claro,Simples,Não Informado,Não,1,0,1,0,0,0,1,1,-2.49701097,-54.73526001,SR-PA,UOP01,DEL05
307170,2020-09-11,sexta-feira,11:35:00,PA,163,1002,SANTAREM,Falta de Atenção à Condução,Colisão transversal,Com Vítimas Feridas,Pleno dia,Crescente,Céu Claro,Simples,Reta,Sim,3,0,1,1,1,0,2,2,-2.45567004,-54.72854541,SR-PA,UOP01,DEL05
307190,2020-09-11,sexta-feira,10:20:00,PA,230,719,MEDICILANDIA,Defeito na Via,Capotamento,Sem Vítimas,Pleno dia,Crescente,Sol,Simples,Reta,Não,3,0,0,0,2,1,0,2,-3.38421466,-52.68072914,SR-PA,UOP01,DEL04
307406,2020-08-22,sábado,16:30:00,PA,308,199,BRAGANCA,Ultrapassagem Indevida,Colisão lateral,Com Vítimas Feridas,Pleno dia,Decrescente,Céu Claro,Simples,Reta,Não,4,0,3,0,1,0,3,2,-1.06393128,-46.80393098,SR-PA,UOP03,DEL01
307415,2020-08-22,sábado,15:00:00,PA,230,618.5,VITORIA DO XINGU,Defeito Mecânico no Veículo,Colisão com objeto estático,Com Vítimas Feridas,Pleno dia,Decrescente,Chuva,Simples,Reta,Não,4,0,1,0,3,0,1,1,-3.17076331,-52.05155899,SR-PA,UOP01,DEL04
307421,2020-09-12,sábado,09:45:00,PA,316,61,CASTANHAL,Falta de Atenção à Condução,Colisão lateral,Com Vítimas Feridas,Pleno dia,Decrescente,Céu Claro,Dupla,Interseção de vias,Sim,3,0,1,0,1,1,1,2,-1.29686015,-47.94639002,SR-PA,UOP01,DEL01
307470,2020-09-12,sábado,15:40:00,PA,316,31,SANTA IZABEL DO PARA,Pista Escorregadia,Saída de leito carroçável,Sem Vítimas,Pleno dia,Decrescente,Chuva,Dupla,Curva,Não,1,0,0,0,1,0,0,1,-1.298408,-48.1895,SR-PA,UOP01,DEL01
307513,2020-09-12,sábado,18:45:00,PA,222,243,MARABA,Ingestão de Álcool,Colisão frontal,Com Vítimas Feridas,Plena Noite,Decrescente,Céu Claro,Simples,Reta,Não,2,0,0,1,1,0,1,2,-5.339671,-49.08239,SR-PA,UOP01,DEL03
307573,2020-09-12,sábado,20:50:00,PA,308,205.3,BRAGANCA,Desobediência às normas de trânsito pelo condutor,Colisão transversal,Com Vítimas Feridas,Plena Noite,Crescente,Céu Claro,Simples,Reta,Não,4,0,2,0,0,2,2,2,-1.06224412,-46.75386429,SR-PA,UOP03,DEL01
307640,2020-09-13,domingo,06:45:00,PA,316,112,SANTA MARIA DO PARA,Defeito Mecânico no Veículo,Tombamento,Com Vítimas Feridas,Amanhecer,Crescente,Céu Claro,Dupla,Reta,Não,1,0,1,0,0,0,1,1,-1.31658095,-47.504261,SR-PA,UOP02,DEL01
307676,2020-09-13,domingo,10:40:00,PA,230,580,VITORIA DO XINGU,Velocidade Incompatível,Colisão traseira,Com Vítimas Feridas,Pleno dia,Crescente,Sol,Simples,Reta,Não,3,0,2,0,1,0,2,2,-3.12133433,-51.76934004,SR-PA,UOP01,DEL04
307677,2020-09-13,domingo,12:30:00,PA,163,878,BELTERRA,Velocidade Incompatível,Tombamento,Sem Vítimas,Pleno dia,Crescente,Céu Claro,Simples,Não Informado,Não,2,0,0,0,0,2,0,1,-3.41588142,-54.9145174,SR-PA,UOP01,DEL05
307796,2020-09-13,domingo,22:20:00,PA,222,245,MARABA,Desobediência às normas de trânsito pelo condutor,Colisão lateral,Com Vítimas Feridas,Plena Noite,Decrescente,Céu Claro,Simples,Reta,Sim,3,0,2,0,1,0,2,2,-5.355886,-49.079418,SR-PA,UOP01,DEL03
307827,2020-09-14,segunda-feira,02:50:00,PA,163,994,SANTAREM,Falta de Atenção à Condução,Saída de leito carroçável,Sem Vítimas,Plena Noite,Crescente,Céu Claro,Simples,Curva,Não,1,0,0,0,0,1,0,1,-2.52083003,-54.72278618,SR-PA,UOP01,DEL05
307998,2020-09-13,domingo,19:30:00,PA,230,470,PACAJA,Ultrapassagem Indevida,Colisão frontal,Com Vítimas Fatais,Plena Noite,Decrescente,Ignorado,Simples,Não Informado,Não,2,1,0,0,0,1,0,2,-3.604835,-51.034335,SR-PA,UOP01,DEL04
308071,2020-09-15,terça-feira,12:45:00,PA,230,121,MARABA,Falta de Atenção à Condução,Colisão lateral,Com Vítimas Feridas,Pleno dia,Crescente,Céu Claro,Dupla,Retorno Regulamentado,Não,3,0,1,0,2,0,1,2,-5.36110756,-49.12378572,SR-PA,UOP01,DEL03
308161,2020-09-15,terça-feira,15:30:00,PA,158,688,SANTA MARIA DAS BARREIRAS,Defeito na Via,Danos eventuais,Sem Vítimas,Pleno dia,Decrescente,Céu Claro,Simples,Ponte,Não,1,0,0,0,1,0,0,1,-8.6848311,-50.43882876,SR-PA,UOP01,DEL03
308192,2020-09-16,quarta-feira,04:20:00,PA,222,245,MARABA,Ingestão de Álcool,Colisão lateral,Sem Vítimas,Amanhecer,Decrescente,Céu Claro,Simples,Reta,Sim,4,0,0,0,4,0,0,2,-5.35390591,-49.07970428,SR-PA,UOP01,DEL03
308210,2020-09-16,quarta-feira,00:30:00,PA,10,333,SAO MIGUEL DO GUAMA,Objeto estático sobre o leito carroçável,Colisão traseira,Sem Vítimas,Plena Noite,Crescente,Nublado,Simples,Ponte,Sim,2,0,0,0,1,1,0,2,-1.52847611,-47.51785935,SR-PA,UOP02,DEL01
308252,2020-06-02,terça-feira,11:00:00,PA,222,235,MARABA,Desobediência às normas de trânsito pelo condutor,Colisão lateral,Com Vítimas Feridas,Pleno dia,Decrescente,Céu Claro,Simples,Reta,Sim,3,0,2,0,0,1,2,2,-5.277493,-49.072708,SR-PA,UOP01,DEL03
308271,2020-09-16,quarta-feira,14:00:00,PA,163,1003.4,SANTAREM,Falta de Atenção à Condução,Colisão transversal,Com Vítimas Feridas,Pleno dia,Crescente,Céu Claro,Dupla,Interseção de vias,Sim,4,0,1,0,3,0,1,2,-2.44688525,-54.73048152,SR-PA,UOP01,DEL05
308314,2020-09-16,quarta-feira,19:01:00,PA,230,120,MARABA,Falta de Atenção à Condução,Colisão com objeto estático,Com Vítimas Feridas,Plena Noite,Crescente,Céu Claro,Dupla,Reta,Sim,2,0,1,0,1,0,1,2,-5.35038318,-49.11434,SR-PA,UOP01,DEL03
308322,2020-09-16,quarta-feira,19:00:00,PA,230,119,MARABA,Desobediência às normas de trânsito pelo condutor,Colisão transversal,Com Vítimas Feridas,Plena Noite,Decrescente,Céu Claro,Simples,Reta,Sim,3,0,1,0,2,0,1,2,-5.350407,-49.105981,SR-PA,UOP01,DEL03
308386,2020-09-17,quinta-feira,07:50:00,PA,155,343,MARABA,Ultrapassagem Indevida,Colisão transversal,Com Vítimas Feridas,Pleno dia,Crescente,Céu Claro,Simples,Reta,Não,2,0,1,0,1,0,1,2,-5.36957395,-49.07796968,SR-PA,UOP01,DEL03
308404,2020-09-17,quinta-feira,08:59:00,PA,163,1004,SANTAREM,Falta de Atenção à Condução,Engavetamento,Sem Vítimas,Pleno dia,Crescente,Céu Claro,Dupla,Reta,Sim,3,0,0,0,3,0,0,3,-2.43824523,-54.73276577,SR-PA,UOP01,DEL05
308460,2020-09-17,quinta-feira,10:00:00,PA,230,180,ITUPIRANGA,Falta de Atenção à Condução,Colisão frontal,Com Vítimas Feridas,Pleno dia,Crescente,Céu Claro,Simples,Curva,Não,4,0,2,0,2,0,2,2,-5.06711689,-49.4369727,SR-PA,UOP01,DEL03
308476,2020-09-17,quinta-feira,14:00:00,PA,308,157,CAPANEMA,Desobediência às normas de trânsito pelo condutor,Colisão frontal,Com Vítimas Feridas,Pleno dia,Decrescente,Sol,Simples,Interseção de vias,Não,4,0,1,0,3,0,1,2,-1.21124791,-47.132118,SR-PA,UOP03,DEL01
308485,2020-08-18,terça-feira,22:00:00,PA,230,470,ANAPU,Desobediência às normas de trânsito pelo condutor,Colisão frontal,Com Vítimas Feridas,Anoitecer,Crescente,Sol,Simples,Ponte,Sim,2,0,0,1,0,1,1,2,-3.474316,-51.196683,SR-PA,UOP01,DEL04
308487,2020-09-17,quinta-feira,16:55:00,PA,155,344,MARABA,Restrição de Visibilidade,Colisão transversal,Com Vítimas Feridas,Pleno dia,Decrescente,Céu Claro,Simples,Reta,Sim,2,0,0,1,1,0,1,2,-5.36957395,-49.07796968,SR-PA,UOP01,DEL03
308490,2020-06-22,segunda-feira,11:30:00,PA,230,116,MARABA,Falta de Atenção à Condução,Colisão transversal,Com Vítimas Feridas,Pleno dia,Crescente,Céu Claro,Dupla,Desvio Temporário,Sim,2,0,1,0,1,0,1,2,-5.35947454,-49.08301084,SR-PA,UOP01,DEL03
308651,2020-06-25,quinta-feira,13:30:00,PA,222,100,RONDON DO PARA,Defeito Mecânico no Veículo,Saída de leito carroçável,Com Vítimas Feridas,Pleno dia,Crescente,Céu Claro,Simples,Reta,Não,1,0,0,1,0,0,1,1,-4.750449,-48.037624,SR-PA,UOP02,DEL02
308694,2020-09-18,sexta-feira,16:30:00,PA,316,51.1,CASTANHAL,Falta de Atenção à Condução,Colisão traseira,Com Vítimas Feridas,Pleno dia,Decrescente,Céu Claro,Dupla,Desvio Temporário,Não,2,0,1,0,1,0,1,2,-1.30696138,-48.03478,SR-PA,UOP01,DEL01
308723,2020-09-18,sexta-feira,18:50:00,PA,222,18.5,DOM ELISEU,Desobediência às normas de trânsito pelo condutor,Colisão transversal,Com Vítimas Feridas,Plena Noite,Decrescente,Céu Claro,Simples,Reta,Sim,2,0,0,1,1,0,1,2,-4.293095,-47.556904,SR-PA,UOP02,DEL02
308996,2020-09-19,sábado,23:40:00,PA,316,63,CASTANHAL,Desobediência às normas de trânsito pelo condutor,Colisão com objeto estático,Com Vítimas Feridas,Plena Noite,Decrescente,Céu Claro,Dupla,Reta,Sim,2,0,2,0,0,0,2,1,-1.29679363,-47.92878096,SR-PA,UOP01,DEL01
309044,2020-09-20,domingo,06:30:00,PA,316,51,CASTANHAL,Não guardar distância de segurança,Colisão traseira,Com Vítimas Feridas,Pleno dia,Crescente,Céu Claro,Dupla,Curva,Não,2,0,1,0,1,0,1,2,-1.304277,-48.04272,SR-PA,UOP01,DEL01
309062,2020-09-20,domingo,09:54:00,PA,163,1005,SANTAREM,Falta de Atenção à Condução,Colisão transversal,Com Vítimas Feridas,Pleno dia,Crescente,Sol,Dupla,Interseção de vias,Sim,2,0,0,1,1,0,1,2,-2.42943608,-54.73462738,SR-PA,UOP01,DEL05
309063,2020-09-20,domingo,09:55:00,PA,163,1003,SANTAREM,Desobediência às normas de trânsito pelo condutor,Colisão transversal,Com Vítimas Feridas,Pleno dia,Decrescente,Céu Claro,Dupla,Reta,Sim,5,0,2,0,3,0,2,2,-2.42943608,-54.73462738,SR-PA,UOP01,DEL05
309140,2020-09-20,domingo,16:34:00,PA,222,238,MARABA,Ultrapassagem Indevida,Colisão transversal,Sem Vítimas,Pleno dia,Crescente,Céu Claro,Simples,Não Informado,Não,2,0,0,0,2,0,0,2,-5.30498026,-49.07180786,SR-PA,UOP01,DEL03
309181,2020-09-20,domingo,19:05:00,PA,230,115,MARABA,Ingestão de Álcool,Colisão traseira,Com Vítimas Feridas,Anoitecer,Decrescente,Céu Claro,Dupla,Reta,Sim,3,0,2,0,1,0,2,2,-5.36104146,-49.0814209,SR-PA,UOP01,DEL03
309298,2020-09-21,segunda-feira,08:05:00,PA,316,55.8,CASTANHAL,Desobediência às normas de trânsito pelo condutor,Danos eventuais,Com Vítimas Feridas,Pleno dia,Decrescente,Céu Claro,Dupla,Curva,Não,4,0,2,0,0,2,2,2,-1.30561339,-47.99919919,SR-PA,UOP01,DEL01
309299,2020-08-25,terça-feira,13:00:00,PA,10,226,IPIXUNA DO PARA,Defeito Mecânico no Veículo,Tombamento,Com Vítimas Feridas,Pleno dia,Decrescente,Céu Claro,Simples,Não Informado,Não,2,0,2,0,0,0,2,1,-2.451017,-47.5094508,SR-PA,UOP01,DEL02
309321,2020-09-21,segunda-feira,09:30:00,PA,163,881,BELTERRA,Velocidade Incompatível,Saída de leito carroçável,Com Vítimas Fatais,Pleno dia,Crescente,Céu Claro,Simples,Não Informado,Não,1,1,0,0,0,0,0,1,-3.41900382,-54.91020625,SR-PA,UOP01,DEL05
309394,2020-08-13,quinta-feira,12:45:00,PA,316,37.6,SANTA IZABEL DO PARA,Desobediência às normas de trânsito pelo condutor,Colisão lateral,Com Vítimas Feridas,Pleno dia,Crescente,Céu Claro,Dupla,Reta,Não,3,0,1,0,2,0,1,2,-1.28522594,-48.14868959,SR-PA,UOP01,DEL01
309475,2020-09-21,segunda-feira,16:30:00,PA,222,238,MARABA,Falta de Atenção à Condução,Colisão traseira,Sem Vítimas,Pleno dia,Decrescente,Céu Claro,Dupla,Reta,Sim,2,0,0,0,2,0,0,2,-5.301523,-49.072395,SR-PA,UOP01,DEL03
309548,2020-09-22,terça-feira,09:10:00,PA,316,65,CASTANHAL,Desobediência às normas de trânsito pelo condutor,Colisão transversal,Com Vítimas Feridas,Pleno dia,Crescente,Céu Claro,Dupla,Reta,Sim,3,0,1,0,2,0,1,2,-1.29504362,-47.89749753,SR-PA,UOP01,DEL01
309563,2020-09-22,terça-feira,09:30:00,PA,10,206.6,IPIXUNA DO PARA,Falta de Atenção à Condução,Colisão lateral,Com Vítimas Feridas,Pleno dia,Decrescente,Céu Claro,Simples,Não Informado,Não,6,0,3,1,2,0,4,2,-2.627702,-47.48165701,SR-PA,UOP01,DEL02
309577,2020-09-22,terça-feira,14:30:00,PA,163,1002.3,SANTAREM,Falta de Atenção à Condução,Colisão transversal,Com Vítimas Feridas,Pleno dia,Crescente,Sol,Simples,Reta,Sim,3,0,2,0,1,0,2,2,-2.45567004,-54.72854541,SR-PA,UOP01,DEL05
309593,2020-07-16,quinta-feira,17:30:00,PA,158,735,SANTANA DO ARAGUAIA,Ultrapassagem Indevida,Saída de leito carroçável,Com Vítimas Feridas,Pleno dia,Crescente,Céu Claro,Simples,Reta,Não,2,0,1,0,0,1,1,2,-9.41112931,-50.42449951,SR-PA,UOP01,DEL03
309616,2020-09-05,sábado,06:15:00,PA,10,181.6,IPIXUNA DO PARA,Falta de Atenção à Condução,Colisão traseira,Com Vítimas Feridas,Pleno dia,Crescente,Céu Claro,Simples,Não Informado,Não,2,0,0,1,0,1,1,2,-2.84993498,-47.44165687,SR-PA,UOP01,DEL02
309627,2020-08-27,quinta-feira,23:20:00,PA,10,301,IRITUIA,Falta de Atenção à Condução,Colisão traseira,Com Vítimas Feridas,Plena Noite,Crescente,Céu Claro,Simples,Reta,Não,2,0,1,0,1,0,1,2,-1.79908701,-47.51402881,SR-PA,UOP01,DEL02
309634,2020-09-22,terça-feira,12:00:00,PA,230,762,MEDICILANDIA,Defeito Mecânico no Veículo,Capotamento,Com Vítimas Feridas,Pleno dia,Decrescente,Sol,Simples,Desvio Temporário,Não,4,0,0,3,0,1,3,1,-3.50066848,-53.04893602,SR-PA,UOP01,DEL04
309681,2020-09-23,quarta-feira,06:45:00,PA,316,50,SANTA IZABEL DO PARA,Objeto estático sobre o leito carroçável,Colisão com objeto em movimento,Com Vítimas Feridas,Amanhecer,Crescente,Sol,Dupla,Reta,Não,3,0,1,0,1,1,1,2,-1.304277,-48.04272,SR-PA,UOP01,DEL01
309711,2020-09-07,segunda-feira,22:00:00,PA,230,596,VITORIA DO XINGU,Falta de Atenção à Condução,Tombamento,Com Vítimas Feridas,Plena Noite,Decrescente,Céu Claro,Simples,Curva,Não,1,0,1,0,0,0,1,1,-3.085771,-51.896348,SR-PA,UOP01,DEL04
309735,2020-09-07,segunda-feira,21:20:00,PA,316,84,SAO FRANCISCO DO PARA,Defeito Mecânico no Veículo,Tombamento,Com Vítimas Feridas,Plena Noite,Decrescente,Céu Claro,Simples,Reta,Não,2,0,2,0,0,0,2,1,-1.3101929,-47.74456398,SR-PA,UOP02,DEL01
309753,2020-09-23,quarta-feira,11:00:00,PA,222,133,RONDON DO PARA,Velocidade Incompatível,Saída de leito carroçável,Com Vítimas Fatais,Pleno dia,Decrescente,Sol,Simples,Curva,Não,2,1,0,1,0,0,1,1,-4.891366,-48.283676,SR-PA,UOP02,DEL02
309812,2020-09-23,quarta-feira,19:10:00,PA,163,1000,SANTAREM,Desobediência às normas de trânsito pelo pedestre,Atropelamento de Pedestre,Com Vítimas Feridas,Plena Noite,Decrescente,Céu Claro,Simples,Reta,Não,2,0,1,0,1,0,1,1,-2.47328397,-54.7293664,SR-PA,UOP01,DEL05
309821,2020-09-23,quarta-feira,20:30:00,PA,163,988,SANTAREM,Animais na Pista,Atropelamento de Animal,Com Vítimas Feridas,Plena Noite,Crescente,Céu Claro,Simples,Reta,Não,1,0,1,0,0,0,1,1,-2.574782,-54.720886,SR-PA,UOP01,DEL05
309829,2020-09-23,quarta-feira,16:10:00,PA,222,245,MARABA,Falta de Atenção à Condução,Colisão transversal,Sem Vítimas,Pleno dia,Decrescente,Céu Claro,Simples,Reta,Sim,2,0,0,0,2,0,0,2,-5.355886,-49.079418,SR-PA,UOP01,DEL03
309902,2020-08-11,terça-feira,16:55:00,PA,230,860,URUARA,Ingestão de Álcool,Colisão frontal,Sem Vítimas,Pleno dia,Decrescente,Sol,Simples,Reta,Não,2,0,0,0,1,1,0,2,-3.68664423,-53.56733501,SR-PA,UOP01,DEL04
309939,2020-09-22,terça-feira,21:30:00,PA,230,1111,ITAITUBA,Falta de Atenção à Condução,Colisão traseira,Sem Vítimas,Plena Noite,Decrescente,Garoa/Chuvisco,Simples,Desvio Temporário,Não,3,0,0,0,2,1,0,2,-4.33498503,-55.76756698,SR-PA,UOP01,DEL05
309950,2020-08-23,domingo,04:30:00,PA,155,268,ELDORADO DO CARAJAS,Desobediência às normas de trânsito pelo condutor,Colisão frontal,Com Vítimas Feridas,Plena Noite,Crescente,Céu Claro,Simples,Reta,Não,3,0,0,2,0,1,2,2,-5.99430078,-49.24530826,SR-PA,UOP01,DEL03
310010,2020-08-08,sábado,01:00:00,PA,10,66,DOM ELISEU,Falta de Atenção à Condução,Colisão lateral,Com Vítimas Feridas,Plena Noite,Decrescente,Céu Claro,Simples,Reta,Não,2,0,2,0,0,0,2,2,-4.2845854,-47.5581334,SR-PA,UOP02,DEL02
310018,2020-08-23,domingo,01:30:00,PA,230,121.8,MARABA,Desobediência às normas de trânsito pelo condutor,Colisão traseira,Sem Vítimas,Plena Noite,Decrescente,Ignorado,Dupla,Reta,Sim,2,0,0,0,2,0,0,2,-5.35297407,-49.12143673,SR-PA,UOP01,DEL03
310021,2020-09-24,quinta-feira,19:30:00,PA,155,287,MARABA,Ingestão de Álcool,Saída de leito carroçável,Com Vítimas Feridas,Plena Noite,Crescente,Nublado,Simples,Reta,Não,1,0,0,1,0,0,1,1,-5.83507028,-49.19377136,SR-PA,UOP01,DEL03
310029,2020-08-15,sábado,19:30:00,PA,163,992,SANTAREM,Desobediência às normas de trânsito pelo condutor,Colisão frontal,Com Vítimas Feridas,Plena Noite,Decrescente,Céu Claro,Simples,Reta,Não,4,0,2,0,2,0,2,2,-2.532579,-54.722563,SR-PA,UOP01,DEL05
310117,2020-09-04,sexta-feira,09:20:00,PA,163,1002,SANTAREM,Desobediência às normas de trânsito pelo condutor,Colisão frontal,Com Vítimas Feridas,Pleno dia,Decrescente,Céu Claro,Simples,Reta,Sim,2,0,1,0,0,1,1,2,-2.450918,-54.729773,SR-PA,UOP01,DEL05
310135,2020-09-05,sábado,20:00:00,PA,163,993,SANTAREM,Desobediência às normas de trânsito pelo condutor,Colisão frontal,Com Vítimas Feridas,Plena Noite,Decrescente,Céu Claro,Simples,Reta,Sim,3,0,0,2,1,0,2,2,-2.529841,-54.722595,SR-PA,UOP01,DEL05
310152,2020-08-17,segunda-feira,15:00:00,PA,155,114,XINGUARA,Defeito na Via,Colisão lateral,Sem Vítimas,Plena Noite,Crescente,Céu Claro,Simples,Reta,Não,3,0,0,0,3,0,0,3,-7.07516207,-49.91827491,SR-PA,UOP01,DEL03
310225,2020-09-25,sexta-feira,17:15:00,PA,316,64.4,CASTANHAL,Desobediência às normas de trânsito pelo condutor,Colisão transversal,Com Vítimas Feridas,Pleno dia,Decrescente,Céu Claro,Dupla,Reta,Sim,2,0,0,1,1,0,1,2,-1.29554189,-47.90790265,SR-PA,UOP01,DEL01
310332,2020-09-25,sexta-feira,04:35:00,PA,155,292,MARABA,Condutor Dormindo,Colisão com objeto estático,Com Vítimas Fatais,Amanhecer,Decrescente,Nublado,Simples,Desvio Temporário,Não,2,1,0,1,0,0,1,1,-5.79423227,-49.18035746,SR-PA,UOP01,DEL03
310351,2020-09-26,sábado,10:05:00,PA,316,67.3,CASTANHAL,Desobediência às normas de trânsito pelo condutor,Colisão transversal,Com Vítimas Feridas,Pleno dia,Decrescente,Céu Claro,Simples,Reta,Sim,2,0,1,0,1,0,1,2,-1.2948794,-47.89280703,SR-PA,UOP01,DEL01
310356,2020-09-26,sábado,10:35:00,PA,230,110,MARABA,Desobediência às normas de trânsito pelo condutor,Colisão lateral,Com Vítimas Feridas,Pleno dia,Crescente,Céu Claro,Simples,Reta,Não,2,0,1,0,1,0,1,2,-5.37342727,-49.03126806,SR-PA,UOP01,DEL03
310556,2020-09-27,domingo,01:20:00,PA,155,325,MARABA,Animais na Pista,Atropelamento de Animal,Sem Vítimas,Plena Noite,Decrescente,Céu Claro,Simples,Reta,Não,3,0,0,0,3,0,0,1,-5.53085599,-49.07576984,SR-PA,UOP01,DEL03
310557,2020-08-05,quarta-feira,16:22:00,PA,10,21.8,DOM ELISEU,Desobediência às normas de trânsito pelo condutor,Colisão lateral,Com Vítimas Feridas,Pleno dia,Decrescente,Sol,Simples,Reta,Não,4,0,2,1,1,0,3,2,-4.26636302,-47.56070012,SR-PA,UOP02,DEL02
310573,2020-08-14,sexta-feira,05:30:00,PA,230,68,SAO DOMINGOS DO ARAGUAIA,Desobediência às normas de trânsito pelo condutor,Colisão frontal,Com Vítimas Feridas,Amanhecer,Crescente,Ignorado,Simples,Reta,Não,3,0,1,0,2,0,1,2,-5.5103213,-48.69786207,SR-PA,UOP01,DEL03
310608,2020-09-27,domingo,07:30:00,PA,230,470,PACAJA,Falta de Atenção à Condução,Tombamento,Sem Vítimas,Pleno dia,Crescente,Ignorado,Dupla,Desvio Temporário,Não,1,0,0,0,0,1,0,1,-3.84674951,-50.51717203,SR-PA,UOP01,DEL04