id,data_inversa,dia_semana,horario,uf,br,km,municipio,causa_acidente,tipo_acidente,classificacao_acidente,fase_dia,sentido_via,condicao_metereologica,tipo_pista,tracado_via,uso_solo,pessoas,mortos,feridos_leves,feridos_graves,ilesos,ignorados,feridos,veiculos,latitude,longitude,regional,delegacia,uop
310636,2020-09-27,domingo,14:50:00,PA,230,105,MARABA,Desobediência às normas de trânsito pelo condutor,Colisão frontal,Com Vítimas Fatais,Pleno dia,Crescente,Céu Claro,Simples,Reta,Não,7,1,1,5,0,0,6,2,-5.38442309,-48.98761403,SR-PA,UOP01,DEL03
310748,2020-09-27,domingo,18:00:00,PA,316,81,SAO FRANCISCO DO PARA,Não guardar distância de segurança,Colisão traseira,Com Vítimas Feridas,Plena Noite,Decrescente,Céu Claro,Simples,Reta,Não,5,0,2,1,2,0,3,2,-1.30556013,-47.77095402,SR-PA,UOP02,DEL01
310827,2020-09-27,domingo,18:30:00,PA,10,265.8,AURORA DO PARA,Não guardar distância de segurança,Engavetamento,Com Vítimas Feridas,Plena Noite,Crescente,Chuva,Simples,Reta,Não,3,0,0,1,2,0,1,3,-2.114226,-47.560364,SR-PA,UOP01,DEL02
310905,2020-09-28,segunda-feira,15:59:00,PA,163,1004,SANTAREM,Falta de Atenção à Condução,Colisão traseira,Com Vítimas Feridas,Pleno dia,Decrescente,Sol,Dupla,Reta,Sim,3,0,1,0,2,0,1,3,-2.43824523,-54.73276577,SR-PA,UOP01,DEL05
310908,2020-09-28,segunda-feira,15:40:00,PA,316,180,SANTA LUZIA DO PARA,Falta de Atenção à Condução,Saída de leito carroçável,Sem Vítimas,Pleno dia,Crescente,Céu Claro,Simples,Reta,Não,1,0,0,0,1,0,0,1,-1.40583911,-47.00639613,SR-PA,UOP03,DEL01
311001,2020-09-29,terça-feira,06:20:00,PA,230,122,MARABA,Falta de Atenção do Pedestre,Atropelamento de Pedestre,Com Vítimas Fatais,Amanhecer,Decrescente,Céu Claro,Múltipla,Reta,Sim,3,1,0,0,1,1,0,1,-5.36137537,-49.12376139,SR-PA,UOP01,DEL03
311307,2020-09-18,sexta-feira,19:25:00,PA,163,1002.4,SANTAREM,Falta de Atenção do Pedestre,Atropelamento de Pedestre,Com Vítimas Feridas,Plena Noite,Crescente,Céu Claro,Simples,Reta,Sim,4,0,0,1,3,0,1,1,-2.45567004,-54.72854541,SR-PA,UOP01,DEL05
311311,2020-09-30,quarta-feira,16:30:00,PA,163,26.7,NOVO PROGRESSO,Falta de Atenção à Condução,Colisão lateral,Com Vítimas Fatais,Pleno dia,Crescente,Céu Claro,Simples,Não Informado,Não,3,1,1,0,1,0,1,3,-9.343867,-54.844828,SR-PA,UOP01,DEL05
311333,2020-09-30,quarta-feira,23:41:00,PA,163,1002,SANTAREM,Desobediência às normas de trânsito pelo condutor,Colisão frontal,Com Vítimas Feridas,Plena Noite,Decrescente,Céu Claro,Simples,Não Informado,Sim,6,0,0,2,4,0,2,2,-2.45446797,-54.72899437,SR-PA,UOP01,DEL05
311589,2020-08-24,segunda-feira,10:00:00,PA,316,31,SANTA IZABEL DO PARA,Falta de Atenção à Condução,Colisão traseira,Com Vítimas Feridas,Pleno dia,Decrescente,Céu Claro,Dupla,Reta,Sim,2,0,1,0,1,0,1,2,-1.3025866,-48.1965672,SR-PA,UOP01,DEL01
311649,2020-06-27,sábado,13:20:00,PA,222,243,MARABA,Desobediência às normas de trânsito pelo condutor,Colisão transversal,Com Vítimas Feridas,Pleno dia,Decrescente,Céu Claro,Simples,Reta,Sim,2,0,1,0,1,0,1,2,-5.339671,-49.08239,SR-PA,UOP01,DEL03
311697,2020-10-02,sexta-feira,18:35:00,PA,316,78.6,SAO FRANCISCO DO PARA,Falta de Atenção do Pedestre,Atropelamento de Pedestre,Com Vítimas Fatais,Plena Noite,Decrescente,Céu Claro,Simples,Reta,Não,2,1,0,0,0,1,0,1,-1.30378018,-47.797609,SR-PA,UOP01,DEL01
311813,2020-08-20,quinta-feira,16:30:00,PA,222,156.2,ABEL FIGUEIREDO,Falta de Atenção à Condução,Tombamento,Com Vítimas Feridas,Pleno dia,Crescente,Céu Claro,Simples,Curva,Não,5,0,4,1,0,0,5,2,-4.988525,-48.458538,SR-PA,UOP01,DEL03
311980,2020-09-06,domingo,16:55:00,PA,316,61,CASTANHAL,Falta de Atenção à Condução,Colisão traseira,Sem Vítimas,Pleno dia,Decrescente,Céu Claro,Dupla,Reta,Sim,2,0,0,0,2,0,0,2,-1.29686015,-47.94639002,SR-PA,UOP01,DEL01
312051,2020-08-19,quarta-feira,13:45:00,PA,230,116,MARABA,Falta de Atenção à Condução,Colisão traseira,Sem Vítimas,Pleno dia,Crescente,Céu Claro,Dupla,Não Informado,Sim,3,0,0,0,3,0,0,2,-5.35947454,-49.08301084,SR-PA,UOP01,DEL03
312125,2020-09-06,domingo,12:20:00,PA,163,986,SANTAREM,Falta de Atenção à Condução,Saída de leito carroçável,Com Vítimas Feridas,Pleno dia,Decrescente,Céu Claro,Simples,Reta,Sim,2,0,2,0,0,0,2,1,-2.59271401,-54.71976013,SR-PA,UOP01,DEL05
312128,2020-10-04,domingo,11:30:00,PA,316,69.3,CASTANHAL,Falta de Atenção à Condução,Colisão lateral,Com Vítimas Feridas,Pleno dia,Crescente,Sol,Simples,Reta,Não,3,0,2,0,0,1,2,2,-1.2915,-47.8648,SR-PA,UOP01,DEL01
312213,2020-10-04,domingo,19:45:00,PA,163,1002,SANTAREM,Desobediência às normas de trânsito pelo condutor,Colisão transversal,Com Vítimas Feridas,Plena Noite,Crescente,Céu Claro,Simples,Reta,Sim,2,0,1,0,1,0,1,2,-2.45044834,-54.72985268,SR-PA,UOP01,DEL05
312220,2020-10-04,domingo,20:15:00,PA,316,50,CASTANHAL,Falta de Atenção à Condução,Colisão lateral,Com Vítimas Feridas,Plena Noite,Decrescente,Céu Claro,Dupla,Reta,Não,6,0,1,3,1,1,4,2,-1.306664,-48.031169,SR-PA,UOP01,DEL01
312375,2020-08-19,quarta-feira,06:30:00,PA,230,111,MARABA,Falta de Atenção à Condução,Tombamento,Com Vítimas Feridas,Amanhecer,Decrescente,Ignorado,Simples,Reta,Sim,1,0,0,1,0,0,1,1,-5.36780485,-49.05397881,SR-PA,UOP01,DEL03
312391,2020-10-05,segunda-feira,15:15:00,PA,163,1002,SANTAREM,Desobediência às normas de trânsito pelo condutor,Colisão transversal,Com Vítimas Feridas,Pleno dia,Crescente,Céu Claro,Simples,Interseção de vias,Sim,2,0,1,0,1,0,1,2,-2.45567004,-54.72854541,SR-PA,UOP01,DEL05
312406,2020-10-05,segunda-feira,15:30:00,PA,316,22,BENEVIDES,Falta de Atenção à Condução,Colisão lateral,Com Vítimas Feridas,Pleno dia,Crescente,Chuva,Dupla,Reta,Sim,3,0,1,0,2,0,1,2,-1.3534463,-48.2570266,SR-PA,UOP01,DEL01
312437,2020-10-05,segunda-feira,19:20:00,PA,230,117,MARABA,Ingestão de álcool e/ou substâncias psicoativas pelo pedestre,Atropelamento de Pedestre,Com Vítimas Feridas,Plena Noite,Crescente,Ignorado,Dupla,Reta,Sim,2,0,0,1,1,0,1,1,-5.35569904,-49.09047302,SR-PA,UOP01,DEL03
312519,2020-09-07,segunda-feira,16:00:00,PA,316,110,SANTA MARIA DO PARA,Falta de Atenção à Condução,Colisão traseira,Com Vítimas Feridas,Pleno dia,Decrescente,Nublado,Simples,Reta,Não,3,0,1,0,2,0,1,2,-1.32235116,-47.52052288,SR-PA,UOP02,DEL01
312564,2020-10-06,terça-feira,14:20:00,PA,230,115,MARABA,Não guardar distância de segurança,Colisão traseira,Com Vítimas Feridas,Pleno dia,Crescente,Céu Claro,Múltipla,Retorno Regulamentado,Sim,2,0,1,0,1,0,1,2,-5.36241425,-49.07496007,SR-PA,UOP01,DEL03
312634,2020-08-22,sábado,08:30:00,PA,155,313,MARABA,Avarias e/ou desgaste excessivo no pneu,Tombamento,Com Vítimas Feridas,Pleno dia,Decrescente,Céu Claro,Simples,Curva,Não,2,0,2,0,0,0,2,1,-5.60032605,-49.08154094,SR-PA,UOP01,DEL03
312657,2020-10-07,quarta-feira,01:30:00,PA,230,73,SAO DOMINGOS DO ARAGUAIA,Não guardar distância de segurança,Colisão traseira,Com Vítimas Feridas,Plena Noite,Decrescente,Céu Claro,Simples,Reta,Não,2,0,1,0,1,0,1,2,-5.49009572,-48.73379489,SR-PA,UOP01,DEL03
312674,2020-10-07,quarta-feira,07:35:00,PA,316,47,SANTA IZABEL DO PARA,Desobediência às normas de trânsito pelo condutor,Colisão transversal,Com Vítimas Fatais,Pleno dia,Crescente,Céu Claro,Dupla,Reta,Não,2,1,0,0,1,0,0,2,-1.2853682,-48.06269824,SR-PA,UOP01,DEL01
312679,2020-09-21,segunda-feira,20:30:00,PA,155,268.8,ELDORADO DO CARAJAS,Desobediência às normas de trânsito pelo condutor,Colisão frontal,Com Vítimas Feridas,Plena Noite,Crescente,Céu Claro,Simples,Ponte,Não,2,0,1,0,1,0,1,2,-5.99430078,-49.24530826,SR-PA,UOP01,DEL03
312709,2020-09-24,quinta-feira,02:20:00,PA,222,245,MARABA,Desobediência às normas de trânsito pelo condutor,Colisão transversal,Com Vítimas Feridas,Plena Noite,Crescente,Céu Claro,Simples,Interseção de vias,Sim,2,0,1,0,1,0,1,2,-5.355886,-49.079418,SR-PA,UOP01,DEL03
312765,2020-10-07,quarta-feira,16:56:00,PA,163,1005,SANTAREM,Desobediência às normas de trânsito pelo condutor,Colisão transversal,Com Vítimas Feridas,Pleno dia,Decrescente,Céu Claro,Dupla,Não Informado,Sim,2,0,1,0,1,0,1,2,-2.42459967,-54.73578757,SR-PA,UOP01,DEL05
312780,2020-10-07,quarta-feira,16:00:00,PA,316,88.4,SAO FRANCISCO DO PARA,Falta de Atenção à Condução,Colisão traseira,Com Vítimas Feridas,Pleno dia,Decrescente,Céu Claro,Simples,Reta,Não,2,0,1,0,1,0,1,2,-1.31634977,-47.70955196,SR-PA,UOP02,DEL01
312900,2020-03-13,sexta-feira,05:30:00,PA,155,288,ELDORADO DO CARAJAS,Defeito na Via,Colisão traseira,Com Vítimas Feridas,Pleno dia,Decrescente,Céu Claro,Simples,Reta,Não,2,0,1,0,1,0,1,2,-5.82720397,-49.19523606,SR-PA,UOP01,DEL03
313276,2020-10-09,sexta-feira,21:10:00,PA,222,243,MARABA,Ingestão de Álcool,Colisão frontal,Sem Vítimas,Plena Noite,Crescente,Céu Claro,Simples,Reta,Não,4,0,0,0,4,0,0,2,-5.339671,-49.08239,SR-PA,UOP01,DEL03
313492,2020-10-10,sábado,15:45:00,PA,316,84.6,SAO FRANCISCO DO PARA,Desobediência às normas de trânsito pelo condutor,Colisão frontal,Com Vítimas Feridas,Pleno dia,Decrescente,Céu Claro,Simples,Não Informado,Não,7,0,3,4,0,0,7,2,-1.3101929,-47.74456398,SR-PA,UOP02,DEL01
313731,2020-10-10,sábado,21:30:00,PA,230,624,VITORIA DO XINGU,Ingestão de Álcool,Colisão traseira,Sem Vítimas,Plena Noite,Crescente,Céu Claro,Simples,Não Informado,Não,5,0,0,0,3,2,0,2,-3.17028984,-52.10729301,SR-PA,UOP01,DEL04
313832,2020-10-11,domingo,01:45:00,PA,163,1001,SANTAREM,Falta de Atenção à Condução,Colisão frontal,Com Vítimas Feridas,Anoitecer,Crescente,Céu Claro,Simples,Reta,Sim,2,0,0,1,0,1,1,2,-2.464507,-54.72745295,SR-PA,UOP01,DEL05
313922,2020-10-11,domingo,05:35:00,PA,316,24,BENEVIDES,Falta de Atenção à Condução,Saída de leito carroçável,Sem Vítimas,Amanhecer,Decrescente,Nublado,Dupla,Reta,Não,1,0,0,0,0,1,0,1,-1.34599732,-48.25152822,SR-PA,UOP01,DEL01
314262,2020-10-08,quinta-feira,19:00:00,PA,153,63,SAO DOMINGOS DO ARAGUAIA,Condutor Dormindo,Colisão frontal,Com Vítimas Fatais,Plena Noite,Crescente,Céu Claro,Simples,Curva,Não,6,4,0,1,0,1,1,2,-5.672504,-48.700462,SR-PA,UOP01,DEL03
314301,2020-10-10,sábado,00:25:00,PA,222,244,MARABA,Falta de Atenção à Condução,Colisão lateral,Com Vítimas Feridas,Plena Noite,Decrescente,Céu Claro,Simples,Reta,Não,4,0,2,0,2,0,2,2,-5.347676,-49.080456,SR-PA,UOP01,DEL03
314491,2020-10-13,terça-feira,08:35:00,PA,316,90,SAO FRANCISCO DO PARA,Avarias e/ou desgaste excessivo no pneu,Saída de leito carroçável,Com Vítimas Feridas,Pleno dia,Decrescente,Céu Claro,Simples,Reta,Não,2,0,2,0,0,0,2,1,-1.31943462,-47.69193093,SR-PA,UOP02,DEL01
314521,2020-10-04,domingo,18:10:00,PA,10,264,AURORA DO PARA,Desobediência às normas de trânsito pelo condutor,Colisão frontal,Com Vítimas Feridas,Anoitecer,Crescente,Chuva,Simples,Reta,Sim,2,0,0,1,1,0,1,2,-2.12325701,-47.56058366,SR-PA,UOP01,DEL02
314559,2020-09-25,sexta-feira,13:16:00,PA,316,58,CASTANHAL,Defeito Mecânico no Veículo,Colisão com objeto estático,Com Vítimas Feridas,Pleno dia,Crescente,Céu Claro,Dupla,Reta,Sim,1,0,0,1,0,0,1,1,-1.2998299,-47.97307488,SR-PA,UOP01,DEL01
314613,2020-10-13,terça-feira,05:10:00,PA,155,270,ELDORADO DO CARAJAS,Defeito Mecânico no Veículo,Saída de leito carroçável,Sem Vítimas,Amanhecer,Decrescente,Ignorado,Simples,Ponte,Não,2,0,0,0,2,0,0,2,-5.9805958,-49.23350923,SR-PA,UOP01,DEL03
314727,2020-10-10,sábado,18:30:00,PA,316,174.6,SANTA LUZIA DO PARA,Falta de Atenção à Condução,Colisão traseira,Com Vítimas Fatais,Plena Noite,Decrescente,Céu Claro,Simples,Reta,Não,3,1,0,0,1,1,0,2,-1.36507619,-47.04194222,SR-PA,UOP03,DEL01
314901,2020-10-09,sexta-feira,14:30:00,PA,10,318,IRITUIA,Falta de Atenção à Condução,Colisão traseira,Com Vítimas Feridas,Pleno dia,Crescente,Céu Claro,Simples,Reta,Não,2,0,1,0,1,0,1,2,-1.65093714,-47.49023165,SR-PA,UOP02,DEL01
314974,2020-10-15,quinta-feira,18:30:00,PA,230,113,MARABA,Desobediência às normas de trânsito pelo condutor,Colisão transversal,Com Vítimas Feridas,Plena Noite,Crescente,Céu Claro,Simples,Desvio Temporário,Sim,3,0,0,2,1,0,2,2,-5.3642033,-49.06846046,SR-PA,UOP01,DEL03
315079,2020-10-16,sexta-feira,10:50:00,PA,230,121,MARABA,Desobediência às normas de trânsito pelo condutor,Colisão transversal,Com Vítimas Feridas,Pleno dia,Decrescente,Céu Claro,Dupla,Reta,Sim,2,0,1,0,1,0,1,2,-5.35297407,-49.12143673,SR-PA,UOP01,DEL03
315275,2020-10-17,sábado,08:30:00,PA,163,987,SANTAREM,Desobediência às normas de trânsito pelo condutor,Colisão lateral,Com Vítimas Feridas,Pleno dia,Decrescente,Sol,Simples,Reta,Não,3,0,2,0,1,0,2,2,-2.583771,-54.720398,SR-PA,UOP01,DEL05
315403,2020-10-17,sábado,19:30:00,PA,222,239,MARABA,Desobediência às normas de trânsito pelo condutor,Colisão frontal,Com Vítimas Feridas,Plena Noite,Decrescente,Céu Claro,Simples,Curva,Sim,3,0,0,2,0,1,2,2,-5.302089,-49.0723,SR-PA,UOP01,DEL03
315483,2020-10-18,domingo,02:50:00,PA,10,308.4,IRITUIA,Deficiência ou não Acionamento do Sistema de Iluminação/Sinalização do Veículo,Colisão traseira,Com Vítimas Fatais,Plena Noite,Decrescente,Céu Claro,Simples,Não Informado,Não,2,1,0,0,0,1,0,2,-1.73858302,-47.50333712,SR-PA,UOP02,DEL01
315688,2020-10-19,segunda-feira,06:50:00,PA,230,116,MARABA,Desobediência às normas de trânsito pelo condutor,Colisão traseira,Com Vítimas Feridas,Pleno dia,Crescente,Céu Claro,Dupla,Desvio Temporário,Sim,2,0,1,0,1,0,1,2,-5.355206,-49.091111,SR-PA,UOP01,DEL03
315691,2020-10-19,segunda-feira,07:05:00,PA,163,1003,SANTAREM,Falta de Atenção à Condução,Colisão lateral,Com Vítimas Feridas,Pleno dia,Crescente,Céu Claro,Simples,Reta,Sim,2,0,0,1,1,0,1,2,-2.44142289,-54.73161221,SR-PA,UOP01,DEL05
315737,2020-10-11,domingo,19:00:00,PA,10,316,IRITUIA,Desobediência às normas de trânsito pelo condutor,Colisão lateral,Com Vítimas Fatais,Plena Noite,Crescente,Céu Claro,Simples,Reta,Não,3,1,0,1,1,0,1,3,-1.66735091,-47.49702422,SR-PA,UOP02,DEL01
315787,2020-10-19,segunda-feira,15:30:00,PA,316,43.9,SANTA IZABEL DO PARA,Falta de Atenção à Condução,Saída de leito carroçável,Sem Vítimas,Pleno dia,Decrescente,Céu Claro,Dupla,Reta,Não,1,0,0,0,0,1,0,1,-1.27585585,-48.09602201,SR-PA,UOP01,DEL01
315822,2020-10-19,segunda-feira,20:40:00,PA,222,245,MARABA,Não guardar distância de segurança,Colisão traseira,Com Vítimas Feridas,Plena Noite,Crescente,Céu Claro,Simples,Reta,Sim,2,0,1,0,1,0,1,2,-5.355886,-49.079418,SR-PA,UOP01,DEL03
315823,2020-10-19,segunda-feira,19:00:00,PA,316,38.1,SANTA IZABEL DO PARA,Desobediência às normas de trânsito pelo condutor,Colisão transversal,Com Vítimas Fatais,Plena Noite,Crescente,Céu Claro,Dupla,Reta,Não,2,1,0,0,1,0,0,2,-1.282963,-48.138511,SR-PA,UOP01,DEL01
315876,2020-10-20,terça-feira,07:30:00,PA,316,120,SANTA MARIA DO PARA,Desobediência às normas de trânsito pelo condutor,Colisão transversal,Com Vítimas Feridas,Amanhecer,Decrescente,Céu Claro,Simples,Reta,Não,3,0,0,1,2,0,1,2,-1.31293404,-47.43460301,SR-PA,UOP02,DEL01
315878,2020-10-08,quinta-feira,14:30:00,PA,163,608,TRAIRAO,Carga excessiva e/ou mal acondicionada,Tombamento,Sem Vítimas,Pleno dia,Crescente,Sol,Simples,Reta,Não,1,0,0,0,1,0,0,1,-4.78380574,-56.11178536,SR-PA,UOP01,DEL05
315963,2020-10-20,terça-feira,15:55:00,PA,163,985.4,SANTAREM,Falta de Atenção à Condução,Colisão transversal,Com Vítimas Feridas,Pleno dia,Decrescente,Céu Claro,Simples,Interseção de vias,Sim,2,0,1,0,1,0,1,2,-2.60170904,-54.7193154,SR-PA,UOP01,DEL05
315997,2020-10-20,terça-feira,18:40:00,PA,222,238,MARABA,Desobediência às normas de trânsito pelo condutor,Colisão traseira,Sem Vítimas,Plena Noite,Decrescente,Céu Claro,Simples,Reta,Sim,2,0,0,0,2,0,0,2,-5.301523,-49.072395,SR-PA,UOP01,DEL03
316022,2020-10-20,terça-feira,21:30:00,PA,316,80,CASTANHAL,Falta de Atenção do Pedestre,Atropelamento de Pedestre,Com Vítimas Feridas,Plena Noite,Decrescente,Céu Claro,Simples,Reta,Não,2,0,1,0,1,0,1,1,-1.304008,-47.780147,SR-PA,UOP02,DEL01
316041,2020-10-20,terça-feira,21:45:00,PA,155,238,ELDORADO DO CARAJAS,Não guardar distância de segurança,Colisão traseira,Com Vítimas Feridas,Plena Noite,Crescente,Céu Claro,Simples,Reta,Não,2,0,1,0,1,0,1,2,-6.20284299,-49.36671397,SR-PA,UOP01,DEL03
316107,2020-09-14,segunda-feira,11:00:00,PA,163,116,ALTAMIRA,Defeito Mecânico no Veículo,Incêndio,Sem Vítimas,Pleno dia,Crescente,Céu Claro,Simples,Reta,Não,1,0,0,0,1,0,0,1,-8.65146224,-55.02321927,SR-PA,UOP01,DEL05
316121,2020-10-21,quarta-feira,11:09:00,PA,NA,NA,BELEM,Defeito Mecânico no Veículo,Danos eventuais,Sem Vítimas,Pleno dia,Não Informado,Céu Claro,Dupla,Reta,Sim,1,0,0,0,1,0,0,1,-1.416757,-48.440131,SR-PA,PA,SOPE-PA
316136,2020-10-21,quarta-feira,12:25:00,PA,10,224,IPIXUNA DO PARA,Falta de Atenção à Condução,Tombamento,Com Vítimas Feridas,Pleno dia,Crescente,Céu Claro,Simples,Reta,Não,1,0,0,1,0,0,1,1,-2.46907501,-47.50995468,SR-PA,UOP01,DEL02
316210,2020-10-21,quarta-feira,11:30:00,PA,163,36.5,NOVO PROGRESSO,Falta de Atenção à Condução,Colisão com objeto estático,Com Vítimas Feridas,Pleno dia,Crescente,Sol,Simples,Curva,Não,1,0,0,1,0,0,1,1,-9.26214276,-54.8350963,SR-PA,UOP01,DEL05
316236,2020-10-22,quinta-feira,02:40:00,PA,163,1002,SANTAREM,Ingestão de Álcool,Queda de ocupante de veículo,Com Vítimas Feridas,Plena Noite,Decrescente,Céu Claro,Simples,Reta,Sim,1,0,0,1,0,0,1,1,-2.45567004,-54.72854541,SR-PA,UOP01,DEL05
316303,2020-08-21,sexta-feira,03:30:00,PA,155,95,BREJO GRANDE DO ARAGUAIA,Condutor Dormindo,Saída de leito carroçável,Com Vítimas Feridas,Plena Noite,Crescente,Céu Claro,Simples,Desvio Temporário,Não,1,0,1,0,0,0,1,1,-5.92883,-48.620212,SR-PA,UOP01,DEL03
316398,2020-10-22,quinta-feira,21:00:00,PA,316,27.2,BENEVIDES,Desobediência às normas de trânsito pelo condutor,Colisão frontal,Com Vítimas Fatais,Plena Noite,Crescente,Céu Claro,Dupla,Reta,Não,3,1,0,0,2,0,0,2,-1.31824794,-48.22663008,SR-PA,UOP01,DEL01
316475,2020-10-23,sexta-feira,09:10:00,PA,316,68,CASTANHAL,Falta de Atenção à Condução,Colisão transversal,Com Vítimas Feridas,Pleno dia,Crescente,Céu Claro,Dupla,Reta,Sim,3,0,1,1,1,0,2,2,-1.29440507,-47.88382304,SR-PA,UOP01,DEL01
316544,2020-10-23,sexta-feira,17:10:00,PA,10,291,MAE DO RIO,Desobediência às normas de trânsito pelo condutor,Colisão lateral,Com Vítimas Feridas,Pleno dia,Crescente,Céu Claro,Simples,Desvio Temporário,Não,5,0,2,0,3,0,2,3,-1.88753098,-47.52195782,SR-PA,UOP01,DEL02
316742,2020-10-12,segunda-feira,15:15:00,PA,308,175,TRACUATEUA,Falta de Atenção à Condução,Colisão lateral,Com Vítimas Feridas,Pleno dia,Decrescente,Céu Claro,Simples,Curva,Não,8,0,2,1,5,0,3,2,-1.15950768,-46.98429937,SR-PA,UOP03,DEL01
316747,2020-10-11,domingo,23:10:00,PA,230,583,VITORIA DO XINGU,Ingestão de Álcool,Colisão traseira,Sem Vítimas,Plena Noite,Decrescente,Céu Claro,Simples,Reta,Não,2,0,0,0,2,0,0,2,-3.12462012,-51.78255196,SR-PA,UOP01,DEL04
316767,2020-10-05,segunda-feira,17:25:00,PA,222,243.4,MARABA,Desobediência às normas de trânsito pelo condutor,Colisão transversal,Com Vítimas Feridas,Anoitecer,Decrescente,Céu Claro,Simples,Reta,Sim,2,0,0,1,1,0,1,2,-5.339671,-49.08239,SR-PA,UOP01,DEL03
317026,2020-10-25,domingo,12:30:00,PA,316,238,CACHOEIRA DO PIRIA,Falta de Atenção à Condução,Colisão transversal,Sem Vítimas,Pleno dia,Decrescente,Nublado,Simples,Reta,Não,2,0,0,0,1,1,0,2,-1.72837916,-46.60893907,SR-PA,UOP04,DEL01
317185,2020-10-26,segunda-feira,07:30:00,PA,155,344,MARABA,Falta de Atenção à Condução,Colisão transversal,Com Vítimas Feridas,Pleno dia,Decrescente,Céu Claro,Simples,Reta,Não,3,0,0,2,1,0,2,2,-5.36957395,-49.07796968,SR-PA,UOP01,DEL03
317278,2020-10-26,segunda-feira,16:00:00,PA,230,114,MARABA,Não guardar distância de segurança,Engavetamento,Sem Vítimas,Anoitecer,Crescente,Céu Claro,Simples,Reta,Sim,3,0,0,0,3,0,0,3,-5.36466678,-49.06623294,SR-PA,UOP01,DEL03
317321,2020-10-23,sexta-feira,14:00:00,PA,10,17,DOM ELISEU,Desobediência às normas de trânsito pelo condutor,Colisão transversal,Com Vítimas Feridas,Pleno dia,Decrescente,Céu Claro,Simples,Reta,Sim,2,0,1,1,0,0,2,2,-4.30201297,-47.55571979,SR-PA,UOP02,DEL02
317333,2020-10-10,sábado,03:51:00,PA,230,120,MARABA,Ingestão de Álcool,Tombamento,Com Vítimas Feridas,Amanhecer,Crescente,Céu Claro,Dupla,Ponte,Sim,1,0,1,0,0,0,1,1,-5.35038318,-49.11434,SR-PA,UOP01,DEL03
317415,2020-10-09,sexta-feira,08:55:00,PA,316,61.6,CASTANHAL,Não guardar distância de segurança,Colisão traseira,Com Vítimas Feridas,Pleno dia,Crescente,Céu Claro,Dupla,Reta,Sim,3,0,1,0,1,1,1,2,-1.29686015,-47.94639002,SR-PA,UOP01,DEL01
317418,2020-06-21,domingo,19:10:00,PA,230,120,MARABA,Falta de Atenção à Condução,Colisão lateral,Com Vítimas Feridas,Plena Noite,Decrescente,Ignorado,Dupla,Ponte,Sim,2,0,1,1,0,0,2,2,-5.35706422,-49.12299931,SR-PA,UOP01,DEL03
317425,2020-10-27,terça-feira,13:50:00,PA,163,1001.6,SANTAREM,Falta de Atenção à Condução,Colisão lateral,Com Vítimas Feridas,Pleno dia,Crescente,Céu Claro,Simples,Reta,Sim,2,0,1,0,1,0,1,2,-2.464507,-54.72745295,SR-PA,UOP01,DEL05
317426,2020-10-27,terça-feira,08:30:00,PA,230,114,MARABA,Falta de Atenção à Condução,Engavetamento,Sem Vítimas,Pleno dia,Crescente,Céu Claro,Simples,Reta,Não,3,0,0,0,2,1,0,3,-5.36466678,-49.06623294,SR-PA,UOP01,DEL03
317540,2020-10-11,domingo,19:00:00,PA,155,216,ELDORADO DO CARAJAS,Defeito Mecânico no Veículo,Danos eventuais,Sem Vítimas,Pleno dia,Crescente,Céu Claro,Simples,Reta,Não,1,0,0,0,1,0,0,1,-6.38662494,-49.40703721,SR-PA,UOP01,DEL03
317644,2020-10-28,quarta-feira,18:15:00,PA,163,1003,SANTAREM,Falta de Atenção à Condução,Colisão traseira,Com Vítimas Feridas,Anoitecer,Crescente,Céu Claro,Simples,Reta,Sim,2,0,2,0,0,0,2,2,-2.44688525,-54.73048152,SR-PA,UOP01,DEL05
317695,2020-10-28,quarta-feira,21:15:00,PA,10,165.8,PARAGOMINAS,Desobediência às normas de trânsito pelo condutor,Colisão transversal,Com Vítimas Feridas,Plena Noite,Crescente,Nublado,Simples,Reta,Sim,2,0,1,0,0,1,1,2,-2.99184245,-47.45688018,SR-PA,UOP01,DEL02
317719,2020-10-29,quinta-feira,06:20:00,PA,163,1003.3,SANTAREM,Desobediência às normas de trânsito pelo condutor,Colisão transversal,Com Vítimas Feridas,Pleno dia,Decrescente,Céu Claro,Simples,Interseção de vias,Sim,3,0,0,1,1,1,1,2,-2.44688525,-54.73048152,SR-PA,UOP01,DEL05
317754,2020-10-29,quinta-feira,07:30:00,PA,222,218,BOM JESUS DO TOCANTINS,Falta de Atenção à Condução,Saída de leito carroçável,Com Vítimas Feridas,Pleno dia,Decrescente,Céu Claro,Simples,Reta,Não,2,0,2,0,0,0,2,1,-5.180754,-48.979069,SR-PA,UOP01,DEL03
317755,2020-10-13,terça-feira,02:50:00,PA,316,58,CASTANHAL,Ingestão de Álcool,Colisão frontal,Sem Vítimas,Anoitecer,Decrescente,Nublado,Dupla,Reta,Sim,2,0,0,0,2,0,0,2,-1.2998299,-47.97307488,SR-PA,UOP01,DEL01
317809,2020-10-10,sábado,11:30:00,PA,10,310,IRITUIA,Desobediência às normas de trânsito pelo condutor,Colisão traseira,Com Vítimas Feridas,Pleno dia,Crescente,Céu Claro,Simples,Reta,Não,3,0,2,0,1,0,2,2,-1.720385,-47.50282289,SR-PA,UOP02,DEL01