id,data_inversa,dia_semana,horario,uf,br,km,municipio,causa_acidente,tipo_acidente,classificacao_acidente,fase_dia,sentido_via,condicao_metereologica,tipo_pista,tracado_via,uso_solo,pessoas,mortos,feridos_leves,feridos_graves,ilesos,ignorados,feridos,veiculos,latitude,longitude,regional,delegacia,uop
317817,2020-10-14,quarta-feira,19:30:00,PA,222,233,MARABA,Ingestão de Álcool,Colisão lateral,Com Vítimas Feridas,Plena Noite,Decrescente,Céu Claro,Simples,Reta,Sim,2,0,1,0,1,0,1,2,-5.260967,-49.068123,SR-PA,UOP01,DEL03
317824,2020-10-12,segunda-feira,15:55:00,PA,316,76.6,SAO FRANCISCO DO PARA,Defeito Mecânico no Veículo,Saída de leito carroçável,Com Vítimas Feridas,Pleno dia,Crescente,Sol,Simples,Reta,Não,2,0,2,0,0,0,2,1,-1.29862919,-47.81449908,SR-PA,UOP01,DEL01
317838,2020-10-29,quinta-feira,19:20:00,PA,163,1002,SANTAREM,Restrição de Visibilidade,Colisão transversal,Com Vítimas Feridas,Plena Noite,Decrescente,Céu Claro,Simples,Reta,Sim,2,0,1,0,1,0,1,2,-2.45567004,-54.72854541,SR-PA,UOP01,DEL05
317897,2020-10-30,sexta-feira,03:10:00,PA,163,976,SANTAREM,Sinalização da via insuficiente ou inadequada,Colisão lateral,Com Vítimas Feridas,Plena Noite,Decrescente,Céu Claro,Simples,Reta,Não,2,0,1,0,1,0,1,2,-2.63482156,-54.74836014,SR-PA,UOP01,DEL05
318038,2020-10-30,sexta-feira,16:40:00,PA,316,24,BENEVIDES,Avarias e/ou desgaste excessivo no pneu,Tombamento,Com Vítimas Feridas,Pleno dia,Decrescente,Céu Claro,Dupla,Reta,Sim,2,0,2,0,0,0,2,1,-1.34599732,-48.25152822,SR-PA,UOP01,DEL01
318254,2020-10-31,sábado,10:20:00,PA,163,988,SANTAREM,Ingestão de Álcool,Engavetamento,Sem Vítimas,Pleno dia,Crescente,Céu Claro,Simples,Reta,Não,5,0,0,0,5,0,0,3,-2.574782,-54.720886,SR-PA,UOP01,DEL05
318269,2020-10-31,sábado,09:30:00,PA,10,317.4,SAO MIGUEL DO GUAMA,Desobediência às normas de trânsito pelo condutor,Colisão transversal,Com Vítimas Feridas,Pleno dia,Decrescente,Céu Claro,Simples,Reta,Não,3,0,2,0,1,0,2,2,-1.65914611,-47.49362371,SR-PA,UOP02,DEL01
318932,2020-10-28,quarta-feira,16:25:00,PA,230,631,ALTAMIRA,Avarias e/ou desgaste excessivo no pneu,Tombamento,Sem Vítimas,Pleno dia,Crescente,Chuva,Simples,Curva,Sim,2,0,0,0,2,0,0,1,-3.17369255,-52.17226002,SR-PA,UOP01,DEL04
318942,2020-10-04,domingo,02:00:00,PA,230,740,MEDICILANDIA,Velocidade Incompatível,Tombamento,Com Vítimas Feridas,Plena Noite,Decrescente,Céu Claro,Simples,Curva,Não,1,0,1,0,0,0,1,1,-3.43908141,-52.87512794,SR-PA,UOP01,DEL04
319150,2020-11-04,quarta-feira,18:00:00,PA,163,982,SANTAREM,Ultrapassagem Indevida,Colisão frontal,Com Vítimas Fatais,Anoitecer,Crescente,Céu Claro,Simples,Reta,Não,4,1,0,0,1,2,0,2,-2.6226074,-54.73532058,SR-PA,UOP01,DEL05
319196,2020-11-04,quarta-feira,18:23:00,PA,230,760,MEDICILANDIA,Pista Escorregadia,Colisão lateral,Sem Vítimas,Anoitecer,Crescente,Chuva,Simples,Desvio Temporário,Não,3,0,0,0,3,0,0,2,-3.50598706,-53.02863702,SR-PA,UOP01,DEL04
319197,2020-11-04,quarta-feira,17:20:00,PA,222,245,MARABA,Ingestão de Álcool,Colisão transversal,Com Vítimas Feridas,Anoitecer,Decrescente,Céu Claro,Simples,Reta,Sim,2,0,0,1,1,0,1,2,-5.355886,-49.079418,SR-PA,UOP01,DEL03
319495,2020-11-06,sexta-feira,06:45:00,PA,230,785.3,URUARA,Ultrapassagem Indevida,Colisão frontal,Com Vítimas Fatais,Amanhecer,Decrescente,Nublado,Simples,Reta,Sim,2,1,0,0,0,1,0,2,-3.626817,-53.392146,SR-PA,UOP01,DEL04
319735,2020-11-07,sábado,19:18:00,PA,163,1003,SANTAREM,Falta de Atenção à Condução,Colisão transversal,Com Vítimas Feridas,Plena Noite,Crescente,Céu Claro,Dupla,Interseção de vias,Sim,2,0,1,0,1,0,1,2,-2.43417191,-54.73372763,SR-PA,UOP01,DEL05
319802,2020-11-07,sábado,21:20:00,PA,316,151.4,CAPANEMA,Falta de Atenção do Pedestre,Atropelamento de Pedestre,Com Vítimas Feridas,Plena Noite,Decrescente,Céu Claro,Simples,Reta,Não,2,0,0,1,0,1,1,1,-1.21596964,-47.17673432,SR-PA,UOP03,DEL01
319821,2020-11-07,sábado,23:30:00,PA,316,61.3,CASTANHAL,Falta de Atenção à Condução,Colisão transversal,Com Vítimas Feridas,Plena Noite,Crescente,Céu Claro,Dupla,Interseção de vias,Sim,2,0,1,0,1,0,1,2,-1.29686015,-47.94639002,SR-PA,UOP01,DEL01
320115,2020-11-08,domingo,23:40:00,PA,222,243.5,MARABA,Desobediência às normas de trânsito pelo condutor,Colisão lateral,Com Vítimas Feridas,Plena Noite,Crescente,Céu Claro,Simples,Curva,Sim,2,0,1,0,1,0,1,2,-5.339671,-49.08239,SR-PA,UOP01,DEL03
320274,2020-11-09,segunda-feira,16:20:00,PA,230,141,MARABA,Restrição de Visibilidade,Saída de leito carroçável,Com Vítimas Feridas,Pleno dia,Crescente,Céu Claro,Simples,Desvio Temporário,Não,1,0,1,0,0,0,1,1,-5.31494261,-49.24743251,SR-PA,UOP01,DEL03
320444,2020-05-16,sábado,11:45:00,PA,10,0,DOM ELISEU,Desobediência às normas de trânsito pelo condutor,Colisão transversal,Com Vítimas Feridas,Pleno dia,Decrescente,Sol,Simples,Reta,Sim,2,0,0,1,1,0,1,2,-4.44328592,-47.53372192,SR-PA,UOP02,DEL02
320551,2020-11-10,terça-feira,18:30:00,PA,230,113,MARABA,Falta de Atenção à Condução,Tombamento,Com Vítimas Feridas,Plena Noite,Crescente,Céu Claro,Simples,Reta,Não,2,0,1,0,0,1,1,1,-5.36689576,-49.05750094,SR-PA,UOP01,DEL03
320612,2020-10-16,sexta-feira,11:14:00,PA,316,62,CASTANHAL,Desobediência às normas de trânsito pelo condutor,Colisão transversal,Com Vítimas Feridas,Pleno dia,Decrescente,Céu Claro,Simples,Interseção de vias,Sim,3,0,0,1,1,1,1,2,-1.29786885,-47.93764104,SR-PA,UOP01,DEL01
320621,2020-11-11,quarta-feira,12:40:00,PA,316,21,BENEVIDES,Falta de Atenção à Condução,Queda de ocupante de veículo,Com Vítimas Feridas,Pleno dia,Crescente,Chuva,Dupla,Reta,Sim,1,0,1,0,0,0,1,1,-1.36097138,-48.26241527,SR-PA,UOP01,DEL01
321149,2020-10-09,sexta-feira,12:00:00,PA,163,730,RUROPOLIS,Defeito Mecânico no Veículo,Saída de leito carroçável,Com Vítimas Feridas,Pleno dia,Decrescente,Céu Claro,Simples,Reta,Não,1,0,0,1,0,0,1,1,-4.16454738,-55.34230493,SR-PA,UOP01,DEL05
321435,2020-11-14,sábado,19:45:00,PA,230,114,MARABA,Falta de Atenção à Condução,Colisão transversal,Com Vítimas Feridas,Plena Noite,Crescente,Céu Claro,Simples,Reta,Sim,2,0,0,1,1,0,1,2,-5.36466678,-49.06623294,SR-PA,UOP01,DEL03
321437,2020-11-14,sábado,18:30:00,PA,230,120,MARABA,Ingestão de Álcool,Colisão com objeto estático,Com Vítimas Feridas,Plena Noite,Crescente,Céu Claro,Múltipla,Reta,Não,1,0,1,0,0,0,1,1,-5.35038318,-49.11434,SR-PA,UOP01,DEL03
321452,2020-11-14,sábado,16:55:00,PA,163,1002,SANTAREM,Desobediência às normas de trânsito pelo condutor,Colisão transversal,Com Vítimas Feridas,Pleno dia,Decrescente,Céu Claro,Simples,Interseção de vias,Sim,2,0,1,0,1,0,1,2,-2.45567004,-54.72854541,SR-PA,UOP01,DEL05
321782,2020-11-16,segunda-feira,07:59:00,PA,10,64,CASTANHAL,Desobediência às normas de trânsito pelo condutor,Colisão transversal,Com Vítimas Feridas,Pleno dia,Decrescente,Céu Claro,Dupla,Reta,Sim,2,0,0,1,1,0,1,2,-1.295975,-47.915425,SR-PA,UOP02,DEL02
321793,2020-11-01,domingo,10:00:00,PA,316,24.8,BENEVIDES,Falta de Atenção à Condução,Saída de leito carroçável,Com Vítimas Feridas,Pleno dia,Crescente,Nublado,Dupla,Reta,Não,1,0,1,0,0,0,1,1,-1.34599732,-48.25152822,SR-PA,UOP01,DEL01
321873,2020-10-03,sábado,16:00:00,PA,163,670,ITAITUBA,Não guardar distância de segurança,Colisão traseira,Com Vítimas Feridas,Pleno dia,Decrescente,Céu Claro,Simples,Reta,Não,2,0,1,0,0,1,1,2,-4.373165,-55.785782,SR-PA,UOP01,DEL05
321892,2020-11-01,domingo,01:30:00,PA,230,119,MARABA,Velocidade Incompatível,Colisão com objeto estático,Sem Vítimas,Plena Noite,Crescente,Céu Claro,Dupla,Curva,Sim,1,0,0,0,0,1,0,1,-5.35138494,-49.12081718,SR-PA,UOP01,DEL03
321963,2020-11-01,domingo,16:50:00,PA,316,77,SAO FRANCISCO DO PARA,Desobediência às normas de trânsito pelo condutor,Colisão frontal,Com Vítimas Feridas,Pleno dia,Decrescente,Céu Claro,Simples,Reta,Não,4,0,2,0,2,0,2,3,-1.30223447,-47.80628622,SR-PA,UOP01,DEL01
322084,2020-11-17,terça-feira,19:00:00,PA,10,301,IRITUIA,Falta de Atenção à Condução,Colisão frontal,Com Vítimas Fatais,Plena Noite,Crescente,Céu Claro,Simples,Reta,Não,4,1,0,1,2,0,1,3,-1.79908701,-47.51402881,SR-PA,UOP01,DEL02
322105,2020-11-17,terça-feira,22:30:00,PA,155,307,MARABA,Desobediência às normas de trânsito pelo condutor,Colisão frontal,Sem Vítimas,Plena Noite,Decrescente,Céu Claro,Simples,Reta,Não,3,0,0,0,2,1,0,3,-5.67838705,-49.11460166,SR-PA,UOP01,DEL03
322259,2020-11-18,quarta-feira,17:00:00,PA,316,55.8,CASTANHAL,Pista Escorregadia,Saída de leito carroçável,Com Vítimas Feridas,Pleno dia,Decrescente,Chuva,Dupla,Não Informado,Não,3,0,2,1,0,0,3,1,-1.30561339,-47.99919919,SR-PA,UOP01,DEL01
322407,2020-11-19,quinta-feira,07:30:00,PA,10,304,IRITUIA,Falta de Atenção à Condução,Tombamento,Com Vítimas Feridas,Pleno dia,Decrescente,Nublado,Simples,Curva,Não,1,0,1,0,0,0,1,1,-1.771484,-47.5131752,SR-PA,UOP01,DEL02
322437,2020-10-30,sexta-feira,17:15:00,PA,155,328,MARABA,Falta de Atenção à Condução,Queda de ocupante de veículo,Com Vítimas Feridas,Anoitecer,Crescente,Céu Claro,Simples,Reta,Não,1,0,1,0,0,0,1,1,-5.504199,-49.073174,SR-PA,UOP01,DEL03
322563,2020-10-31,sábado,23:00:00,PA,316,97,SANTA MARIA DO PARA,Restrição de Visibilidade,Colisão traseira,Com Vítimas Feridas,Plena Noite,Decrescente,Céu Claro,Simples,Reta,Não,4,0,0,2,2,0,2,2,-1.33032929,-47.63036005,SR-PA,UOP02,DEL01
322622,2020-11-12,quinta-feira,21:00:00,PA,155,235,ELDORADO DO CARAJAS,Defeito Mecânico no Veículo,Colisão com objeto em movimento,Sem Vítimas,Plena Noite,Crescente,Céu Claro,Simples,Reta,Sim,1,0,0,0,1,0,0,1,-6.22920094,-49.36917881,SR-PA,UOP01,DEL03
322647,2020-11-20,sexta-feira,08:40:00,PA,153,149,SAO GERALDO DO ARAGUAIA,Falta de Atenção à Condução,Colisão transversal,Com Vítimas Feridas,Pleno dia,Crescente,Céu Claro,Simples,Curva,Sim,2,0,0,1,1,0,1,2,-6.38525,-48.571873,SR-PA,UOP01,DEL03
322667,2020-11-20,sexta-feira,13:00:00,PA,155,296,MARABA,Defeito Mecânico no Veículo,Incêndio,Sem Vítimas,Pleno dia,Decrescente,Céu Claro,Simples,Reta,Não,1,0,0,0,1,0,0,1,-5.761941,-49.164041,SR-PA,UOP01,DEL03
322703,2020-11-16,segunda-feira,18:00:00,PA,316,111,SANTA MARIA DO PARA,Falta de Atenção à Condução,Colisão transversal,Sem Vítimas,Plena Noite,Decrescente,Céu Claro,Simples,Interseção de vias,Não,4,0,0,0,3,1,0,2,-1.31708992,-47.51316503,SR-PA,UOP02,DEL01
322709,2020-11-20,sexta-feira,18:45:00,PA,230,125,MARABA,Não guardar distância de segurança,Colisão frontal,Com Vítimas Feridas,Plena Noite,Crescente,Céu Claro,Simples,Desvio Temporário,Sim,3,0,0,1,1,1,1,2,-5.37652185,-49.14349399,SR-PA,UOP01,DEL03
322726,2020-11-20,sexta-feira,12:40:00,PA,230,332,NOVO REPARTIMENTO,Desobediência às normas de trânsito pelo condutor,Colisão lateral,Com Vítimas Feridas,Pleno dia,Crescente,Céu Claro,Simples,Reta,Não,2,0,0,1,1,0,1,2,-4.107424,-50.27412415,SR-PA,UOP01,DEL03
322754,2020-11-21,sábado,02:50:00,PA,10,48,SANTA IZABEL DO PARA,Animais na Pista,Atropelamento de Animal,Com Vítimas Feridas,Plena Noite,Decrescente,Céu Claro,Dupla,Não Informado,Não,1,0,1,0,0,0,1,1,-1.300038,-48.046893,SR-PA,UOP02,DEL02
322804,2020-10-31,sábado,14:35:00,PA,230,232,NOVO REPARTIMENTO,Desobediência às normas de trânsito pelo condutor,Colisão lateral,Com Vítimas Feridas,Pleno dia,Decrescente,Céu Claro,Simples,Túnel,Não,3,0,1,0,2,0,1,2,-4.74157922,-49.63689319,SR-PA,UOP01,DEL03
322870,2020-11-21,sábado,16:45:00,PA,316,29,SANTA IZABEL DO PARA,Não guardar distância de segurança,Colisão traseira,Com Vítimas Feridas,Pleno dia,Crescente,Chuva,Dupla,Reta,Não,2,0,0,1,1,0,1,2,-1.30798228,-48.21336896,SR-PA,UOP01,DEL01
323047,2020-11-22,domingo,09:00:00,PA,163,879,BELTERRA,Velocidade Incompatível,Capotamento,Com Vítimas Fatais,Pleno dia,Crescente,Chuva,Simples,Curva,Não,1,1,0,0,0,0,0,1,-3.41298,-54.914062,SR-PA,UOP01,DEL05
323211,2020-11-23,segunda-feira,00:30:00,PA,316,64,CASTANHAL,Ingestão de Álcool,Colisão frontal,Com Vítimas Fatais,Plena Noite,Decrescente,Chuva,Dupla,Reta,Sim,2,1,0,0,1,0,0,2,-1.29629557,-47.91983997,SR-PA,UOP01,DEL01
323220,2020-11-23,segunda-feira,02:30:00,PA,316,162,CAPANEMA,Defeito Mecânico no Veículo,Saída de leito carroçável,Com Vítimas Feridas,Plena Noite,Decrescente,Chuva,Dupla,Reta,Não,2,0,0,1,0,1,1,1,-1.28399693,-47.11355092,SR-PA,UOP03,DEL01
323312,2020-11-23,segunda-feira,12:25:00,PA,10,354.9,SANTA MARIA DO PARA,Desobediência às normas de trânsito pelo condutor,Colisão transversal,Com Vítimas Feridas,Pleno dia,Crescente,Nublado,Simples,Reta,Sim,2,0,0,1,1,0,1,2,-1.34759789,-47.57735696,SR-PA,UOP02,DEL01
323333,2020-11-06,sexta-feira,18:10:00,PA,316,101,SANTA MARIA DO PARA,Desobediência às normas de trânsito pelo condutor,Colisão frontal,Com Vítimas Feridas,Plena Noite,Crescente,Garoa/Chuvisco,Simples,Reta,Não,4,0,1,0,3,0,1,2,-1.337402,-47.59,SR-PA,UOP02,DEL01
323378,2020-11-03,terça-feira,16:55:00,PA,316,41,SANTA IZABEL DO PARA,Falta de Atenção à Condução,Saída de leito carroçável,Com Vítimas Feridas,Pleno dia,Crescente,Céu Claro,Dupla,Reta,Não,2,0,2,0,0,0,2,1,-1.27865788,-48.113552,SR-PA,UOP01,DEL01
323385,2020-11-23,segunda-feira,18:30:00,PA,316,50,SANTA IZABEL DO PARA,Falta de Atenção do Pedestre,Atropelamento de Pedestre,Com Vítimas Fatais,Plena Noite,Decrescente,Chuva,Simples,Reta,Sim,2,1,0,0,1,0,0,1,-1.30696138,-48.03478,SR-PA,UOP01,DEL01
323476,2020-11-13,sexta-feira,05:15:00,PA,10,353,SANTA MARIA DO PARA,Desobediência às normas de trânsito pelo condutor,Colisão frontal,Com Vítimas Feridas,Amanhecer,Decrescente,Céu Claro,Simples,Reta,Sim,2,0,1,0,0,1,1,2,-1.35646249,-47.57423141,SR-PA,UOP02,DEL01
323530,2020-11-24,terça-feira,14:30:00,PA,316,49.4,SANTA IZABEL DO PARA,Pista Escorregadia,Saída de leito carroçável,Com Vítimas Feridas,Pleno dia,Decrescente,Céu Claro,Dupla,Retorno Regulamentado,Não,2,0,0,1,1,0,1,1,-1.29792183,-48.04943584,SR-PA,UOP01,DEL01
323547,2020-11-02,segunda-feira,20:02:00,PA,316,45,SANTA IZABEL DO PARA,Defeito na Via,Danos eventuais,Com Vítimas Feridas,Plena Noite,Decrescente,Céu Claro,Dupla,Reta,Não,2,0,2,0,0,0,2,1,-1.277567,-48.078326,SR-PA,UOP01,DEL01
323645,2020-11-25,quarta-feira,00:30:00,PA,230,609,VITORIA DO XINGU,Falta de Atenção à Condução,Queda de ocupante de veículo,Com Vítimas Feridas,Plena Noite,Decrescente,Céu Claro,Simples,Reta,Não,1,0,0,1,0,0,1,1,-3.154873,-51.986583,SR-PA,UOP01,DEL04
323703,2020-11-12,quinta-feira,17:30:00,PA,230,588,VITORIA DO XINGU,Defeito Mecânico no Veículo,Saída de leito carroçável,Com Vítimas Feridas,Anoitecer,Decrescente,Céu Claro,Simples,Desvio Temporário,Não,1,0,1,0,0,0,1,1,-3.10829174,-51.82971954,SR-PA,UOP01,DEL04
323749,2020-09-26,sábado,13:30:00,PA,316,14,MARITUBA,Falta de Atenção à Condução,Colisão traseira,Com Vítimas Feridas,Pleno dia,Decrescente,Ignorado,Dupla,Reta,Sim,3,0,1,0,1,1,1,2,-1.36623271,-48.3146169,SR-PA,UOP01,DEL01
323828,2020-11-14,sábado,00:30:00,PA,222,177,BOM JESUS DO TOCANTINS,Ingestão de Álcool,Colisão lateral,Com Vítimas Feridas,Plena Noite,Decrescente,Céu Claro,Simples,Reta,Não,4,0,2,1,1,0,3,2,-5.058796,-48.634888,SR-PA,UOP01,DEL03
323866,2020-11-05,quinta-feira,16:40:00,PA,316,85,SAO FRANCISCO DO PARA,Defeito na Via,Saída de leito carroçável,Com Vítimas Feridas,Pleno dia,Crescente,Chuva,Simples,Reta,Não,1,0,1,0,0,0,1,1,-1.313948,-47.72335,SR-PA,UOP02,DEL01
323920,2020-11-26,quinta-feira,17:00:00,PA,230,115,MARABA,Desobediência às normas de trânsito pelo condutor,Colisão traseira,Com Vítimas Feridas,Anoitecer,Crescente,Nublado,Dupla,Reta,Sim,2,0,1,0,1,0,1,2,-5.36241425,-49.07496007,SR-PA,UOP01,DEL03
323931,2020-11-26,quinta-feira,15:30:00,PA,163,1002,SANTAREM,Velocidade Incompatível,Colisão transversal,Com Vítimas Feridas,Pleno dia,Crescente,Céu Claro,Simples,Reta,Sim,3,0,2,0,0,1,2,2,-2.45567004,-54.72854541,SR-PA,UOP01,DEL05
323943,2020-11-26,quinta-feira,17:20:00,PA,163,1000,SANTAREM,Animais na Pista,Atropelamento de Animal,Com Vítimas Feridas,Anoitecer,Crescente,Céu Claro,Simples,Curva,Sim,1,0,1,0,0,0,1,1,-2.47328397,-54.7293664,SR-PA,UOP01,DEL05
323960,2020-11-26,quinta-feira,19:00:00,PA,230,121,MARABA,Desobediência às normas de trânsito pelo condutor,Colisão transversal,Com Vítimas Feridas,Plena Noite,Decrescente,Garoa/Chuvisco,Dupla,Reta,Sim,2,0,0,1,1,0,1,2,-5.35297407,-49.12143673,SR-PA,UOP01,DEL03
323983,2020-11-26,quinta-feira,23:45:00,PA,230,112,MARABA,Desobediência às normas de trânsito pelo condutor,Colisão transversal,Sem Vítimas,Plena Noite,Crescente,Céu Claro,Simples,Desvio Temporário,Não,2,0,0,0,1,1,0,2,-5.36913479,-49.04877095,SR-PA,UOP01,DEL03
324076,2020-11-12,quinta-feira,07:05:00,PA,316,60,CASTANHAL,Desobediência às normas de trânsito pelo condutor,Colisão transversal,Com Vítimas Feridas,Pleno dia,Crescente,Céu Claro,Dupla,Reta,Sim,2,0,0,1,1,0,1,2,-1.29772957,-47.95528793,SR-PA,UOP01,DEL01
324087,2020-11-27,sexta-feira,13:40:00,PA,163,1001,SANTAREM,Falta de Atenção à Condução,Colisão transversal,Com Vítimas Feridas,Pleno dia,Crescente,Nublado,Simples,Reta,Sim,2,0,1,0,1,0,1,2,-2.45868053,-54.72802877,SR-PA,UOP01,DEL05
324106,2020-11-07,sábado,22:20:00,PA,163,1001,SANTAREM,Falta de Atenção à Condução,Colisão transversal,Com Vítimas Feridas,Plena Noite,Crescente,Ignorado,Simples,Interseção de vias,Não,3,0,1,0,0,2,1,2,-2.464507,-54.72745295,SR-PA,UOP01,DEL05
324156,2020-11-27,sexta-feira,06:30:00,PA,316,71,CASTANHAL,Falta de Atenção à Condução,Colisão frontal,Com Vítimas Feridas,Amanhecer,Crescente,Sol,Simples,Reta,Não,2,0,2,0,0,0,2,2,-1.29062917,-47.85733898,SR-PA,UOP01,DEL01
324347,2020-11-04,quarta-feira,07:43:00,PA,163,1003,SANTAREM,Desobediência às normas de trânsito pelo condutor,Colisão transversal,Com Vítimas Feridas,Amanhecer,Crescente,Céu Claro,Simples,Reta,Sim,2,0,2,0,0,0,2,2,-2.44688525,-54.73048152,SR-PA,UOP01,DEL05
324356,2020-11-16,segunda-feira,18:45:00,PA,163,1000,SANTAREM,Ingestão de Álcool,Colisão frontal,Sem Vítimas,Plena Noite,Crescente,Céu Claro,Simples,Reta,Sim,2,0,0,0,2,0,0,2,-2.47328397,-54.7293664,SR-PA,UOP01,DEL05
324365,2020-11-28,sábado,15:05:00,PA,163,991,SANTAREM,Falta de Atenção do Pedestre,Atropelamento de Pedestre,Com Vítimas Fatais,Pleno dia,Crescente,Céu Claro,Simples,Reta,Não,4,1,0,0,1,2,0,1,-2.547851,-54.72278,SR-PA,UOP01,DEL05
324468,2020-11-28,sábado,18:05:00,PA,222,226,MARABA,Desobediência às normas de trânsito pelo condutor,Colisão frontal,Com Vítimas Feridas,Plena Noite,Crescente,Céu Claro,Simples,Reta,Sim,2,0,0,1,1,0,1,2,-5.211151,-49.042042,SR-PA,UOP01,DEL03
324531,2020-11-29,domingo,07:50:00,PA,230,114,MARABA,Desobediência às normas de trânsito pelo condutor,Colisão transversal,Com Vítimas Feridas,Pleno dia,Crescente,Céu Claro,Dupla,Reta,Sim,3,0,0,1,2,0,1,2,-5.36466678,-49.06623294,SR-PA,UOP01,DEL03
324613,2020-11-29,domingo,15:25:00,PA,155,320,MARABA,Não guardar distância de segurança,Colisão traseira,Com Vítimas Feridas,Pleno dia,Decrescente,Céu Claro,Simples,Desvio Temporário,Não,3,0,2,0,1,0,2,2,-5.574905,-49.08032,SR-PA,UOP01,DEL03
324776,2020-11-29,domingo,22:30:00,PA,10,273,MAE DO RIO,Ultrapassagem Indevida,Colisão frontal,Com Vítimas Fatais,Plena Noite,Crescente,Céu Claro,Simples,Reta,Não,3,1,0,1,1,0,1,2,-2.040023,-47.547375,SR-PA,UOP01,DEL02
324780,2020-11-03,terça-feira,14:40:00,PA,155,306,MARABA,Desobediência às normas de trânsito pelo condutor,Colisão traseira,Com Vítimas Feridas,Pleno dia,Crescente,Garoa/Chuvisco,Simples,Reta,Sim,2,0,1,0,1,0,1,2,-5.68730699,-49.11611506,SR-PA,UOP01,DEL03
324787,2020-11-23,segunda-feira,19:30:00,PA,222,237,MARABA,Não guardar distância de segurança,Engavetamento,Sem Vítimas,Plena Noite,Decrescente,Céu Claro,Simples,Reta,Sim,3,0,0,0,3,0,0,3,-5.294009,-49.075771,SR-PA,UOP01,DEL03
324849,2020-11-30,segunda-feira,17:45:00,PA,308,151,CAPANEMA,Não guardar distância de segurança,Colisão traseira,Com Vítimas Feridas,Anoitecer,Decrescente,Céu Claro,Simples,Reta,Sim,2,0,1,0,1,0,1,2,-1.21064,-47.182743,SR-PA,UOP03,DEL01
324855,2020-11-05,quinta-feira,07:45:00,PA,163,961,BELTERRA,Falta de Atenção à Condução,Colisão com objeto estático,Sem Vítimas,Amanhecer,Decrescente,Céu Claro,Simples,Reta,Não,2,0,0,0,2,0,0,2,-2.70553458,-54.8954743,SR-PA,UOP01,DEL05
324857,2020-11-30,segunda-feira,16:48:00,PA,316,60.5,CASTANHAL,Falta de Atenção à Condução,Atropelamento de Pedestre,Com Vítimas Feridas,Pleno dia,Crescente,Nublado,Dupla,Reta,Sim,2,0,1,0,1,0,1,1,-1.29772957,-47.95528793,SR-PA,UOP01,DEL01
324895,2020-11-30,segunda-feira,15:00:00,PA,230,120.6,MARABA,Desobediência às normas de trânsito pelo condutor,Colisão lateral,Sem Vítimas,Pleno dia,Crescente,Céu Claro,Dupla,Reta,Sim,2,0,0,0,1,1,0,2,-5.35038318,-49.11434,SR-PA,UOP01,DEL03
324957,2020-11-07,sábado,10:05:00,PA,316,29.4,SANTA IZABEL DO PARA,Desobediência às normas de trânsito pelo condutor,Colisão traseira,Com Vítimas Feridas,Pleno dia,Decrescente,Sol,Dupla,Reta,Não,3,0,0,1,2,0,1,2,-1.30798228,-48.21336896,SR-PA,UOP01,DEL01
324967,2020-11-19,quinta-feira,08:40:00,PA,163,1002,SANTAREM,Falta de Atenção à Condução,Colisão transversal,Com Vítimas Feridas,Pleno dia,Crescente,Nublado,Simples,Rotatória,Sim,3,0,2,0,1,0,2,2,-2.464507,-54.72745295,SR-PA,UOP01,DEL05
325007,2020-11-03,terça-feira,15:30:00,PA,155,333,MARABA,Objeto estático sobre o leito carroçável,Colisão com objeto estático,Com Vítimas Feridas,Pleno dia,Crescente,Nublado,Simples,Desvio Temporário,Não,2,0,1,0,1,0,1,2,-5.459225,-49.07589009,SR-PA,UOP01,DEL03
325144,2020-12-02,quarta-feira,08:30:00,PA,316,19,BENEVIDES,Desobediência às normas de trânsito pelo condutor,Colisão traseira,Com Vítimas Feridas,Pleno dia,Decrescente,Céu Claro,Dupla,Reta,Sim,6,0,3,0,3,0,3,3,-1.3642339,-48.266582,SR-PA,UOP01,DEL01
325162,2020-11-07,sábado,22:25:00,PA,163,999,SANTAREM,Restrição de Visibilidade,Colisão traseira,Com Vítimas Feridas,Plena Noite,Crescente,Céu Claro,Simples,Reta,Não,2,0,0,1,0,1,1,2,-2.48200297,-54.73142511,SR-PA,UOP01,DEL05
325177,2020-12-02,quarta-feira,14:00:00,PA,230,118,MARABA,Falta de Atenção à Condução,Engavetamento,Sem Vítimas,Pleno dia,Crescente,Céu Claro,Dupla,Não Informado,Sim,3,0,0,0,3,0,0,3,-5.35193706,-49.09794103,SR-PA,UOP01,DEL03
325535,2020-10-30,sexta-feira,22:00:00,PA,10,293.5,MAE DO RIO,Falta de Atenção à Condução,Colisão traseira,Com Vítimas Feridas,Plena Noite,Decrescente,Céu Claro,Simples,Reta,Não,2,0,0,1,0,1,1,2,-1.862579,-47.524168,SR-PA,UOP01,DEL02
325624,2020-12-04,sexta-feira,20:40:00,PA,316,42,SANTA IZABEL DO PARA,Não guardar distância de segurança,Colisão lateral,Com Vítimas Feridas,Plena Noite,Crescente,Nublado,Dupla,Reta,Sim,2,0,1,0,1,0,1,2,-1.27648404,-48.104951,SR-PA,UOP01,DEL01