id,data_inversa,dia_semana,horario,uf,br,km,municipio,causa_acidente,tipo_acidente,classificacao_acidente,fase_dia,sentido_via,condicao_metereologica,tipo_pista,tracado_via,uso_solo,pessoas,mortos,feridos_leves,feridos_graves,ilesos,ignorados,feridos,veiculos,latitude,longitude,regional,delegacia,uop
325636,2020-12-04,sexta-feira,21:12:00,PA,230,149,MARABA,Falta de Atenção à Condução,Capotamento,Com Vítimas Fatais,Plena Noite,Crescente,Nublado,Simples,Reta,Não,1,1,0,0,0,0,0,1,-5.27761542,-49.29880032,SR-PA,UOP01,DEL03
325883,2020-12-05,sábado,18:40:00,PA,163,991,SANTAREM,Falta de Atenção à Condução,Colisão transversal,Com Vítimas Feridas,Plena Noite,Crescente,Céu Claro,Simples,Reta,Não,3,0,1,2,0,0,3,2,-2.547851,-54.72278,SR-PA,UOP01,DEL05
325900,2020-12-05,sábado,19:50:00,PA,222,245,MARABA,Desobediência às normas de trânsito pelo condutor,Colisão transversal,Com Vítimas Feridas,Plena Noite,Crescente,Céu Claro,Simples,Reta,Sim,2,0,0,1,1,0,1,2,-5.355886,-49.079418,SR-PA,UOP01,DEL03
326255,2020-12-07,segunda-feira,07:30:00,PA,316,54,CASTANHAL,Defeito Mecânico no Veículo,Queda de ocupante de veículo,Com Vítimas Feridas,Pleno dia,Crescente,Céu Claro,Dupla,Reta,Não,2,0,2,0,0,0,2,1,-1.30608532,-48.00803597,SR-PA,UOP01,DEL01
326307,2020-12-07,segunda-feira,11:45:00,PA,316,60.6,CASTANHAL,Falta de Atenção à Condução,Colisão traseira,Sem Vítimas,Pleno dia,Decrescente,Céu Claro,Dupla,Reta,Sim,3,0,0,0,3,0,0,2,-1.29772957,-47.95528793,SR-PA,UOP01,DEL01
326346,2020-11-18,quarta-feira,04:30:00,PA,316,111,SANTA MARIA DO PARA,Falta de Atenção à Condução,Colisão traseira,Com Vítimas Feridas,Amanhecer,Crescente,Nublado,Simples,Reta,Não,2,0,1,1,0,0,2,2,-1.32235116,-47.52052288,SR-PA,UOP02,DEL01
326409,2020-12-07,segunda-feira,21:30:00,PA,163,1004.9,SANTAREM,Falta de Atenção do Pedestre,Atropelamento de Pedestre,Com Vítimas Feridas,Plena Noite,Crescente,Céu Claro,Dupla,Reta,Sim,2,0,1,0,1,0,1,1,-2.42986766,-54.73463774,SR-PA,UOP01,DEL05
326438,2020-12-08,terça-feira,04:30:00,PA,163,992,SANTAREM,Objeto estático sobre o leito carroçável,Colisão com objeto estático,Sem Vítimas,Plena Noite,Crescente,Chuva,Simples,Reta,Não,2,0,0,0,2,0,0,2,-2.538837,-54.722717,SR-PA,UOP01,DEL05
327008,2020-12-10,quinta-feira,21:00:00,PA,222,31.3,DOM ELISEU,Sinalização da via insuficiente ou inadequada,Capotamento,Com Vítimas Feridas,Plena Noite,Decrescente,Nublado,Dupla,Reta,Não,1,0,0,1,0,0,1,1,-4.325198,-47.669346,SR-PA,UOP02,DEL02
327286,2020-12-12,sábado,06:10:00,PA,316,131.7,PEIXE-BOI,Falta de Atenção à Condução,Colisão lateral,Com Vítimas Feridas,Pleno dia,Decrescente,Céu Claro,Simples,Reta,Não,3,0,1,1,1,0,2,2,-1.28603025,-47.342764,SR-PA,UOP03,DEL01
327297,2020-12-11,sexta-feira,05:00:00,PA,158,654,SANTA MARIA DAS BARREIRAS,Falta de Atenção à Condução,Saída de leito carroçável,Sem Vítimas,Amanhecer,Crescente,Nevoeiro/Neblina,Simples,Reta,Não,1,0,0,0,1,0,0,1,-8.41166205,-50.36505579,SR-PA,UOP01,DEL03
327298,2020-12-12,sábado,05:35:00,PA,316,63.3,CASTANHAL,Falta de Atenção à Condução,Queda de ocupante de veículo,Com Vítimas Feridas,Amanhecer,Crescente,Céu Claro,Dupla,Reta,Sim,3,0,0,2,0,1,2,2,-1.29679363,-47.92878096,SR-PA,UOP01,DEL01
327342,2020-12-12,sábado,11:40:00,PA,163,1002,SANTAREM,Desobediência às normas de trânsito pelo condutor,Colisão transversal,Com Vítimas Feridas,Pleno dia,Crescente,Sol,Simples,Reta,Sim,2,0,1,0,1,0,1,2,-2.45567004,-54.72854541,SR-PA,UOP01,DEL05
327787,2020-12-13,domingo,22:00:00,PA,316,139.9,PEIXE-BOI,Desobediência às normas de trânsito pelo condutor,Colisão frontal,Com Vítimas Fatais,Plena Noite,Decrescente,Céu Claro,Simples,Reta,Não,2,1,0,0,1,0,0,2,-1.26637177,-47.27492515,SR-PA,UOP03,DEL01
327875,2020-12-14,segunda-feira,11:40:00,PA,230,138,MARABA,Desobediência às normas de trânsito pelo condutor,Colisão traseira,Com Vítimas Feridas,Pleno dia,Crescente,Nublado,Simples,Reta,Não,4,0,2,0,2,0,2,2,-5.33109916,-49.22971507,SR-PA,UOP01,DEL03
327908,2020-12-14,segunda-feira,14:55:00,PA,10,188.7,IPIXUNA DO PARA,Falta de Atenção à Condução,Saída de leito carroçável,Com Vítimas Feridas,Pleno dia,Crescente,Céu Claro,Simples,Não Informado,Não,3,0,3,0,0,0,3,1,-2.78769702,-47.45279611,SR-PA,UOP01,DEL02
328445,2020-11-28,sábado,00:20:00,PA,10,314,IRITUIA,Desobediência às normas de trânsito pelo condutor,Colisão frontal,Com Vítimas Feridas,Plena Noite,Crescente,Céu Claro,Simples,Desvio Temporário,Não,4,0,0,2,2,0,2,2,-1.68419203,-47.50193678,SR-PA,UOP02,DEL01
328446,2020-12-17,quinta-feira,10:50:00,PA,163,1002,SANTAREM,Falta de Atenção à Condução,Colisão transversal,Com Vítimas Feridas,Pleno dia,Decrescente,Céu Claro,Simples,Interseção de vias,Sim,2,0,1,0,1,0,1,2,-2.45567004,-54.72854541,SR-PA,UOP01,DEL05
328450,2020-11-13,sexta-feira,12:20:00,PA,163,1003,SANTAREM,Falta de Atenção à Condução,Colisão traseira,Com Vítimas Feridas,Pleno dia,Decrescente,Céu Claro,Dupla,Reta,Sim,2,0,1,0,1,0,1,2,-2.44045332,-54.73210758,SR-PA,UOP01,DEL05
328656,2020-11-21,sábado,06:10:00,PA,316,55,CASTANHAL,Falta de Atenção à Condução,Colisão traseira,Com Vítimas Feridas,Amanhecer,Decrescente,Céu Claro,Dupla,Curva,Não,4,0,1,3,0,0,4,2,-1.30561339,-47.99919919,SR-PA,UOP01,DEL01
328773,2020-12-18,sexta-feira,22:50:00,PA,316,25,BENEVIDES,Falta de Atenção à Condução,Saída de leito carroçável,Com Vítimas Feridas,Plena Noite,Crescente,Nublado,Dupla,Reta,Não,3,0,2,0,0,1,2,2,-1.3252697,-48.232117,SR-PA,UOP01,DEL01
328803,2020-12-19,sábado,01:00:00,PA,163,864,BELTERRA,Condutor Dormindo,Saída de leito carroçável,Com Vítimas Fatais,Plena Noite,Crescente,Céu Claro,Simples,Reta,Não,3,2,0,0,0,1,0,1,-3.600905,-54.837368,SR-PA,UOP01,DEL05
328935,2020-12-19,sábado,15:00:00,PA,316,61,CASTANHAL,Falta de Atenção à Condução,Colisão transversal,Sem Vítimas,Pleno dia,Crescente,Nublado,Dupla,Interseção de vias,Sim,3,0,0,0,3,0,0,3,-1.29686015,-47.94639002,SR-PA,UOP01,DEL01
328951,2020-12-19,sábado,16:30:00,PA,316,18,BENEVIDES,Ingestão de Álcool,Colisão lateral,Sem Vítimas,Pleno dia,Crescente,Céu Claro,Dupla,Reta,Sim,2,0,0,0,2,0,0,2,-1.36485638,-48.29643999,SR-PA,UOP01,DEL01
329028,2020-12-19,sábado,16:30:00,PA,316,179,SANTA LUZIA DO PARA,Desobediência às normas de trânsito pelo condutor,Colisão transversal,Com Vítimas Feridas,Pleno dia,Crescente,Céu Claro,Simples,Reta,Não,6,0,2,2,1,1,4,2,-1.39917458,-47.01244951,SR-PA,UOP03,DEL01
329357,2020-12-20,domingo,23:00:00,PA,10,18,DOM ELISEU,Desobediência às normas de trânsito pelo condutor,Colisão lateral,Com Vítimas Feridas,Plena Noite,Crescente,Céu Claro,Simples,Reta,Não,2,0,0,1,1,0,1,2,-4.293095,-47.556904,SR-PA,UOP02,DEL02
329432,2020-12-20,domingo,17:50:00,PA,308,208,BRAGANCA,Ingestão de Álcool,Colisão frontal,Com Vítimas Fatais,Pleno dia,Crescente,Céu Claro,Simples,Reta,Não,2,1,1,0,0,0,1,2,-1.05720747,-46.73031994,SR-PA,UOP03,DEL01
329453,2020-12-21,segunda-feira,06:00:00,PA,155,221,ELDORADO DO CARAJAS,Falta de Atenção à Condução,Saída de leito carroçável,Com Vítimas Feridas,Amanhecer,Crescente,Céu Claro,Simples,Reta,Não,1,0,1,0,0,0,1,1,-6.34552309,-49.3896339,SR-PA,UOP01,DEL03
329472,2020-10-30,sexta-feira,18:50:00,PA,316,65,CASTANHAL,Não guardar distância de segurança,Colisão lateral,Com Vítimas Feridas,Plena Noite,Crescente,Nublado,Dupla,Reta,Sim,3,0,1,0,2,0,1,2,-1.29580361,-47.91084002,SR-PA,UOP01,DEL01
329635,2020-12-22,terça-feira,07:30:00,PA,163,995,SANTAREM,Falta de Atenção à Condução,Colisão transversal,Com Vítimas Feridas,Pleno dia,Crescente,Céu Claro,Simples,Rotatória,Não,3,0,2,0,1,0,2,2,-2.50707575,-54.72534657,SR-PA,UOP01,DEL05
329657,2020-12-22,terça-feira,08:45:00,PA,316,62,CASTANHAL,Falta de Atenção à Condução,Colisão lateral,Com Vítimas Feridas,Pleno dia,Crescente,Céu Claro,Dupla,Reta,Sim,2,0,0,1,1,0,1,2,-1.29786885,-47.93764104,SR-PA,UOP01,DEL01
329673,2020-08-15,sábado,21:40:00,PA,222,238,MARABA,Falta de Atenção à Condução,Colisão transversal,Sem Vítimas,Plena Noite,Crescente,Céu Claro,Simples,Reta,Sim,2,0,0,0,2,0,0,2,-5.301523,-49.072395,SR-PA,UOP01,DEL03
329843,2020-12-22,terça-feira,18:40:00,PA,163,1003,SANTAREM,Falta de Atenção à Condução,Colisão lateral,Com Vítimas Feridas,Anoitecer,Crescente,Céu Claro,Simples,Reta,Sim,3,0,2,0,1,0,2,2,-2.44337377,-54.73105431,SR-PA,UOP01,DEL05
330028,2020-12-23,quarta-feira,19:40:00,PA,316,21,BENEVIDES,Ingestão de álcool ou de substâncias psicoativas pelo pedestre,Atropelamento de Pedestre,Com Vítimas Feridas,Plena Noite,Crescente,Chuva,Dupla,Reta,Sim,2,0,0,1,1,0,1,1,-1.36097138,-48.26241527,SR-PA,UOP01,DEL01
330047,2020-12-23,quarta-feira,21:15:00,PA,163,934,BELTERRA,Avarias e/ou desgaste excessivo no pneu,Capotamento,Com Vítimas Feridas,Plena Noite,Decrescente,Céu Claro,Simples,Reta,Não,5,0,3,0,2,0,3,1,-2.93783608,-54.92847968,SR-PA,UOP01,DEL05
330091,2020-12-23,quarta-feira,22:15:00,PA,316,169.6,SANTA LUZIA DO PARA,Falta de Atenção à Condução,Atropelamento de Pedestre,Com Vítimas Fatais,Plena Noite,Crescente,Céu Claro,Simples,Reta,Não,2,1,0,0,0,1,0,1,-1.33124,-47.071727,SR-PA,UOP03,DEL01
330351,2020-12-24,quinta-feira,21:30:00,PA,316,32.5,SANTA IZABEL DO PARA,Falta de Atenção à Condução,Capotamento,Com Vítimas Feridas,Plena Noite,Crescente,Céu Claro,Dupla,Curva,Sim,2,0,1,0,1,0,1,2,-1.29833956,-48.18889696,SR-PA,UOP01,DEL01
330359,2020-12-24,quinta-feira,18:45:00,PA,308,203,BRAGANCA,Falta de Atenção à Condução,Colisão transversal,Com Vítimas Feridas,Anoitecer,Crescente,Céu Claro,Simples,Rotatória,Sim,2,0,1,0,1,0,1,2,-1.06623619,-46.76866019,SR-PA,UOP03,DEL01
330521,2020-12-25,sexta-feira,20:00:00,PA,308,206.6,BRAGANCA,Ingestão de Álcool,Colisão frontal,Com Vítimas Feridas,Plena Noite,Crescente,Céu Claro,Simples,Reta,Sim,4,0,0,1,1,2,1,2,-1.06698544,-46.74708366,SR-PA,UOP03,DEL01
330614,2020-12-26,sábado,11:50:00,PA,155,157,SAPUCAIA,Falta de Atenção à Condução,Colisão frontal,Com Vítimas Fatais,Pleno dia,Crescente,Céu Claro,Simples,Reta,Não,8,2,2,0,4,0,2,2,-6.85525278,-49.60402422,SR-PA,UOP01,DEL03
330866,2020-12-27,domingo,17:10:00,PA,316,55,CASTANHAL,Falta de Atenção à Condução,Saída de leito carroçável,Com Vítimas Feridas,Pleno dia,Decrescente,Sol,Dupla,Reta,Não,5,0,1,0,3,1,1,1,-1.30561339,-47.99919919,SR-PA,UOP01,DEL01
331032,2020-12-28,segunda-feira,09:18:00,PA,230,116,MARABA,Falta de Atenção à Condução,Colisão transversal,Com Vítimas Feridas,Pleno dia,Decrescente,Céu Claro,Múltipla,Reta,Sim,2,0,1,0,1,0,1,2,-5.35049257,-49.10232281,SR-PA,UOP01,DEL03
331033,2020-10-10,sábado,12:42:00,PA,222,238,MARABA,Desobediência às normas de trânsito pelo condutor,Tombamento,Com Vítimas Fatais,Pleno dia,Crescente,Sol,Simples,Reta,Sim,3,1,0,0,0,2,0,3,-5.301523,-49.072395,SR-PA,UOP01,DEL03
331058,2020-12-23,quarta-feira,23:30:00,PA,163,90,ALTAMIRA,Desobediência às normas de trânsito pelo condutor,Colisão frontal,Com Vítimas Fatais,Plena Noite,Crescente,Ignorado,Simples,Curva,Não,2,1,0,0,1,0,0,2,-8.850357,-54.963057,SR-PA,UOP01,DEL05
331149,2020-12-29,terça-feira,03:00:00,PA,230,126,MARABA,Desobediência às normas de trânsito pelo condutor,Colisão traseira,Com Vítimas Feridas,Plena Noite,Crescente,Céu Claro,Simples,Não Informado,Não,3,0,0,1,1,1,1,3,-5.37587385,-49.15164398,SR-PA,UOP01,DEL03
331253,2020-12-28,segunda-feira,17:40:00,PA,10,88.1,RONDON DO PARA,Falta de Atenção à Condução,Colisão frontal,Com Vítimas Feridas,Anoitecer,Decrescente,Céu Claro,Simples,Reta,Sim,2,0,0,1,1,0,1,2,-4.681649,-47.944794,SR-PA,UOP02,DEL02
331591,2020-12-31,quinta-feira,13:15:00,PA,163,990,SANTAREM,Falta de Atenção à Condução,Colisão transversal,Com Vítimas Feridas,Pleno dia,Crescente,Nublado,Simples,Reta,Não,2,0,1,0,1,0,1,2,-2.55683598,-54.72216184,SR-PA,UOP01,DEL05
332579,2020-12-13,domingo,16:30:00,PA,308,157,CAPANEMA,Ultrapassagem Indevida,Colisão transversal,Sem Vítimas,Anoitecer,Decrescente,Céu Claro,Simples,Reta,Não,4,0,0,0,2,2,0,4,-1.21124791,-47.132118,SR-PA,UOP03,DEL01
332767,2020-12-04,sexta-feira,21:30:00,PA,10,78.3,ULIANOPOLIS,Desobediência às normas de trânsito pelo condutor,Colisão transversal,Com Vítimas Feridas,Plena Noite,Crescente,Céu Claro,Simples,Reta,Sim,2,0,0,1,0,1,1,2,-3.76491806,-47.50060976,SR-PA,UOP02,DEL02
332781,2020-12-01,terça-feira,21:42:00,PA,163,1000,SANTAREM,Ingestão de Álcool,Colisão frontal,Com Vítimas Feridas,Plena Noite,Crescente,Céu Claro,Simples,Interseção de vias,Sim,3,0,1,0,1,1,1,3,-2.47328397,-54.7293664,SR-PA,UOP01,DEL05
332865,2020-12-05,sábado,04:45:00,PA,10,64.9,ULIANOPOLIS,Condutor Dormindo,Saída de leito carroçável,Com Vítimas Feridas,Plena Noite,Decrescente,Céu Claro,Simples,Desvio Temporário,Não,2,0,1,0,1,0,1,1,-3.887833,-47.524143,SR-PA,UOP02,DEL02
332901,2020-12-04,sexta-feira,09:40:00,PA,10,224,IPIXUNA DO PARA,Falta de Atenção à Condução,Colisão frontal,Com Vítimas Feridas,Pleno dia,Decrescente,Sol,Simples,Reta,Sim,2,0,0,1,1,0,1,2,-2.384074,-47.543552,SR-PA,UOP01,DEL02
332910,2020-12-06,domingo,11:25:00,PA,230,110,MARABA,Desobediência às normas de trânsito pelo condutor,Colisão frontal,Com Vítimas Feridas,Pleno dia,Crescente,Céu Claro,Simples,Reta,Sim,2,0,0,1,1,0,1,2,-5.37342727,-49.03126806,SR-PA,UOP01,DEL03
332913,2020-12-19,sábado,06:10:00,PA,10,244.5,AURORA DO PARA,Condutor Dormindo,Saída de leito carroçável,Com Vítimas Feridas,Amanhecer,Crescente,Sol,Simples,Reta,Não,5,0,5,0,0,0,5,1,-2.303868,-47.56388595,SR-PA,UOP01,DEL02
332915,2020-12-19,sábado,20:15:00,PA,10,305.6,IRITUIA,Transitar no acostamento,Tombamento,Com Vítimas Feridas,Plena Noite,Decrescente,Céu Claro,Simples,Curva,Não,1,0,1,0,0,0,1,1,-1.758308,-47.504403,SR-PA,UOP01,DEL02
332926,2020-12-01,terça-feira,09:40:00,PA,230,117,MARABA,Desobediência às normas de trânsito pelo condutor,Colisão traseira,Com Vítimas Feridas,Pleno dia,Decrescente,Sol,Simples,Reta,Sim,2,0,1,0,1,0,1,2,-5.35569904,-49.09047302,SR-PA,UOP01,DEL03
332945,2020-12-30,quarta-feira,11:40:00,PA,316,100,SANTA MARIA DO PARA,Condutor deixou de manter distância do veículo da frente,Colisão traseira,Com Vítimas Feridas,Pleno dia,Crescente,Céu Claro,Simples,Reta,Sim,3,0,1,0,2,0,1,2,-1.33498375,-47.60407895,SR-PA,UOP02,DEL01
332951,2020-12-17,quinta-feira,12:40:00,PA,316,60,CASTANHAL,Falta de Atenção à Condução,Tombamento,Com Vítimas Feridas,Pleno dia,Decrescente,Céu Claro,Dupla,Reta,Sim,2,0,1,0,0,1,1,2,-1.29816844,-47.96103185,SR-PA,UOP01,DEL01
332970,2020-12-02,quarta-feira,13:50:00,PA,316,98.7,SANTA MARIA DO PARA,Avarias e/ou desgaste excessivo no pneu,Tombamento,Com Vítimas Feridas,Pleno dia,Decrescente,Sol,Simples,Não Informado,Não,1,0,1,0,0,0,1,1,-1.33188337,-47.62160007,SR-PA,UOP02,DEL01
333071,2020-12-13,domingo,20:00:00,PA,155,339,MARABA,Desobediência às normas de trânsito pelo condutor,Colisão traseira,Com Vítimas Feridas,Plena Noite,Crescente,Céu Claro,Simples,Reta,Não,3,0,1,1,1,0,2,2,-5.404939,-49.07640105,SR-PA,UOP01,DEL03
333072,2020-12-02,quarta-feira,21:50:00,PA,10,89,ULIANOPOLIS,Ultrapassagem Indevida,Saída de leito carroçável,Com Vítimas Feridas,Plena Noite,Crescente,Céu Claro,Simples,Reta,Não,3,0,0,1,2,0,1,3,-3.667088,-47.4875361,SR-PA,UOP02,DEL02
333105,2020-12-08,terça-feira,06:00:00,PA,308,174.6,TRACUATEUA,Avarias e/ou desgaste excessivo no pneu,Saída de leito carroçável,Com Vítimas Feridas,Pleno dia,Decrescente,Sol,Simples,Reta,Não,6,0,6,0,0,0,6,1,-1.160484,-46.985239,SR-PA,UOP03,DEL01
333135,2020-12-29,terça-feira,07:30:00,PA,230,155,MARABA,Não guardar distância de segurança,Colisão traseira,Com Vítimas Feridas,Pleno dia,Decrescente,Céu Claro,Simples,Reta,Não,3,0,1,1,0,1,2,2,-5.24313888,-49.33169573,SR-PA,UOP01,DEL03
333142,2020-12-23,quarta-feira,21:15:00,PA,230,654,ALTAMIRA,Ingestão de álcool pelo condutor,Colisão lateral,Com Vítimas Feridas,Plena Noite,Crescente,Céu Claro,Dupla,Curva,Não,3,0,1,0,1,1,1,3,-3.22542812,-52.29639288,SR-PA,UOP01,DEL04
333187,2020-12-08,terça-feira,19:30:00,PA,316,64,CASTANHAL,Não guardar distância de segurança,Colisão traseira,Com Vítimas Feridas,Plena Noite,Crescente,Nublado,Dupla,Reta,Sim,3,0,1,0,2,0,1,3,-1.29629557,-47.91983997,SR-PA,UOP01,DEL01
333297,2020-12-25,sexta-feira,01:25:00,PA,316,40,SANTA IZABEL DO PARA,Falta de Atenção à Condução,Colisão com objeto,Com Vítimas Feridas,Plena Noite,Crescente,Céu Claro,Dupla,Reta,Não,1,0,1,0,0,0,1,1,-1.2795637,-48.12243407,SR-PA,UOP01,DEL01
333567,2020-12-06,domingo,11:20:00,PA,230,105,MARABA,Desobediência às normas de trânsito pelo condutor,Colisão frontal,Com Vítimas Feridas,Pleno dia,Decrescente,Céu Claro,Simples,Reta,Não,2,0,1,0,1,0,1,2,-5.38442309,-48.98761403,SR-PA,UOP01,DEL03
333763,2020-12-10,quinta-feira,05:30:00,PA,163,878,BELTERRA,Falta de Atenção à Condução,Saída de leito carroçável,Com Vítimas Feridas,Amanhecer,Decrescente,Nevoeiro/Neblina,Simples,Não Informado,Não,1,0,0,1,0,0,1,1,-3.419191,-54.910145,SR-PA,UOP01,DEL05
333791,2020-12-26,sábado,06:30:00,PA,316,56,CASTANHAL,Ausência de reação do condutor,Colisão traseira,Com Vítimas Feridas,Pleno dia,Crescente,Céu Claro,Dupla,Desvio Temporário,Não,3,0,1,0,1,1,1,2,-1.30220278,-47.98803633,SR-PA,UOP01,DEL01
333824,2020-12-27,domingo,21:30:00,PA,230,121,MARABA,Ingestão de Álcool,Colisão transversal,Com Vítimas Feridas,Plena Noite,Decrescente,Céu Claro,Dupla,Interseção de vias,Sim,2,0,0,1,1,0,1,2,-5.36387216,-49.12457228,SR-PA,UOP01,DEL03
333957,2020-12-06,domingo,15:30:00,PA,316,90,SAO FRANCISCO DO PARA,Objeto estático sobre o leito carroçável,Colisão traseira,Sem Vítimas,Pleno dia,Decrescente,Céu Claro,Simples,Reta,Não,6,0,0,0,4,2,0,3,-1.31943462,-47.69193093,SR-PA,UOP02,DEL01
333967,2020-12-20,domingo,14:50:00,PA,316,34,SANTA IZABEL DO PARA,Demais falhas mecânicas ou elétricas,Colisão com objeto em movimento,Com Vítimas Feridas,Pleno dia,Decrescente,Nublado,Dupla,Reta,Sim,2,0,1,0,0,1,1,2,-1.29444763,-48.17249938,SR-PA,UOP01,DEL01
334024,2020-12-22,terça-feira,19:00:00,PA,10,35.2,DOM ELISEU,Falta de Atenção à Condução,Saída de leito carroçável,Com Vítimas Feridas,Plena Noite,Crescente,Céu Claro,Simples,Reta,Não,1,0,1,0,0,0,1,1,-4.144803,-47.54667396,SR-PA,UOP02,DEL02
334049,2020-12-24,quinta-feira,07:48:00,PA,222,180,BOM JESUS DO TOCANTINS,Objeto estático sobre o leito carroçável,Colisão frontal,Com Vítimas Feridas,Pleno dia,Crescente,Chuva,Simples,Reta,Não,3,0,3,0,0,0,3,2,-5.068594,-48.660645,SR-PA,UOP01,DEL03
334187,2020-12-17,quinta-feira,09:30:00,PA,163,878.2,BELTERRA,Falta de Atenção à Condução,Tombamento,Com Vítimas Feridas,Pleno dia,Crescente,Nublado,Simples,Curva,Não,2,0,1,0,1,0,1,1,-3.419191,-54.910145,SR-PA,UOP01,DEL05
334201,2020-12-26,sábado,09:30:00,PA,155,130,SAPUCAIA,Avarias e/ou desgaste excessivo no pneu,Tombamento,Com Vítimas Feridas,Pleno dia,Decrescente,Chuva,Simples,Reta,Não,1,0,1,0,0,0,1,1,-6.92634963,-49.67711538,SR-PA,UOP01,DEL03
334377,2020-12-28,segunda-feira,10:30:00,PA,230,120,MARABA,Falta de Atenção à Condução,Colisão lateral,Sem Vítimas,Pleno dia,Crescente,Sol,Dupla,Reta,Sim,2,0,0,0,2,0,0,2,-5.36114828,-49.1238749,SR-PA,UOP01,DEL03
334379,2020-12-23,quarta-feira,06:00:00,PA,10,107,PARAGOMINAS,Manobra de mudança de faixa,Colisão frontal,Com Vítimas Fatais,Pleno dia,Crescente,Céu Claro,Simples,Reta,Não,2,2,0,0,0,0,0,2,-3.50511692,-47.48017624,SR-PA,UOP02,DEL02
334380,2020-12-16,quarta-feira,20:30:00,PA,230,116,MARABA,Falta de Atenção à Condução,Colisão transversal,Com Vítimas Feridas,Plena Noite,Crescente,Céu Claro,Dupla,Reta,Sim,3,0,1,0,2,0,1,2,-5.35947454,-49.08301084,SR-PA,UOP01,DEL03
334523,2020-12-19,sábado,05:50:00,PA,163,995,SANTAREM,Velocidade Incompatível,Colisão traseira,Sem Vítimas,Plena Noite,Decrescente,Céu Claro,Simples,Reta,Não,2,0,0,0,1,1,0,2,-2.50454996,-54.72721793,SR-PA,UOP01,DEL05
334566,2020-12-16,quarta-feira,17:40:00,PA,230,2,PALESTINA DO PARA,Desobediência às normas de trânsito pelo condutor,Colisão com objeto estático,Com Vítimas Feridas,Anoitecer,Crescente,Céu Claro,Simples,Reta,Não,2,0,0,1,1,0,1,2,-5.696301,-48.34225,SR-PA,UOP01,DEL03
334713,2020-12-23,quarta-feira,13:58:00,PA,316,62,CASTANHAL,Ingestão de Álcool,Colisão traseira,Com Vítimas Feridas,Pleno dia,Decrescente,Céu Claro,Dupla,Reta,Não,3,0,1,0,2,0,1,2,-1.29786885,-47.93764104,SR-PA,UOP01,DEL01
334777,2020-12-19,sábado,23:00:00,PA,316,106,SANTA MARIA DO PARA,Desobediência às normas de trânsito pelo condutor,Colisão frontal,Com Vítimas Feridas,Plena Noite,Crescente,Céu Claro,Simples,Reta,Sim,2,0,1,0,1,0,1,2,-1.34101996,-47.55122901,SR-PA,UOP02,DEL01
260120,2020-01-01,quarta-feira,09:20:00,MA,10,275.9,IMPERATRIZ,Ingestão de Álcool,Colisão traseira,Com Vítimas Feridas,Pleno dia,Decrescente,Nublado,Simples,Não Informado,Não,4,0,0,2,2,0,2,2,-5.33002,-47.4902,SR-MA,DEL18/4,UOP01/MA
260176,2020-01-01,quarta-feira,16:30:00,MA,135,10,SAO LUIS,Falta de Atenção à Condução,Colisão lateral,Sem Vítimas,Pleno dia,Crescente,Nublado,Dupla,Curva,Sim,2,0,0,0,2,0,0,2,-2.655912,-44.28629098,SR-MA,DEL18/1,UOP01/MA
260251,2020-01-01,quarta-feira,19:20:00,MA,10,299.1,CIDELANDIA,Ultrapassagem Indevida,Colisão traseira,Com Vítimas Fatais,Plena Noite,Decrescente,Céu Claro,Simples,Reta,Não,2,1,0,0,1,0,0,2,-5.122542,-47.547592,SR-MA,DEL18/4,UOP03/MA
260302,2020-01-02,quinta-feira,05:40:00,MA,135,292,DOM PEDRO,Falta de Atenção à Condução,Colisão frontal,Com Vítimas Feridas,Amanhecer,Decrescente,Céu Claro,Simples,Curva,Não,2,0,2,0,0,0,2,2,-4.91258731,-44.37054035,SR-MA,DEL18/3,UOP01/MA
260377,2020-01-02,quinta-feira,12:10:00,MA,316,610,TIMON,Falta de Atenção à Condução,Saída de leito carroçável,Com Vítimas Feridas,Pleno dia,Decrescente,Sol,Simples,Reta,Não,1,0,1,0,0,0,1,1,-5.069847,-42.876633,SR-MA,DEL18/3,UOP02/MA
260684,2020-01-03,sexta-feira,20:30:00,MA,316,579.6,CAXIAS,Falta de Atenção à Condução,Colisão transversal,Com Vítimas Feridas,Plena Noite,Crescente,Chuva,Simples,Reta,Não,3,0,1,1,1,0,2,2,-4.957611,-43.128502,SR-MA,DEL18/3,UOP02/MA
260732,2020-01-03,sexta-feira,18:20:00,MA,316,135,NOVA OLINDA DO MARANHAO,Falta de Atenção à Condução,Colisão traseira,Com Vítimas Feridas,Anoitecer,Decrescente,Garoa/Chuvisco,Simples,Reta,Não,5,0,2,0,2,1,2,2,-2.721481,-45.727669,SR-MA,DEL18/2,UOP02/MA
260799,2020-01-04,sábado,10:40:00,MA,222,649.2,ACAILANDIA,Ultrapassagem Indevida,Colisão frontal,Com Vítimas Feridas,Pleno dia,Crescente,Chuva,Simples,Reta,Não,3,0,1,1,1,0,2,2,-4.82416392,-47.26334405,SR-MA,DEL18/4,UOP03/MA
260899,2020-01-04,sábado,19:17:00,MA,230,93.8,SAO JOAO DOS PATOS,Não guardar distância de segurança,Colisão traseira,Sem Vítimas,Plena Noite,Crescente,Céu Claro,Dupla,Reta,Sim,2,0,0,0,2,0,0,2,-6.49267502,-43.710655,SR-PI,DEL17/3,UOP01/PI