id,data_inversa,dia_semana,horario,uf,br,km,municipio,causa_acidente,tipo_acidente,classificacao_acidente,fase_dia,sentido_via,condicao_metereologica,tipo_pista,tracado_via,uso_solo,pessoas,mortos,feridos_leves,feridos_graves,ilesos,ignorados,feridos,veiculos,latitude,longitude,regional,delegacia,uop
260935,2020-01-05,domingo,03:05:00,MA,226,524.2,LAJEADO NOVO,Defeito na Via,Saída de leito carroçável,Com Vítimas Feridas,Plena Noite,Crescente,Céu Claro,Simples,Reta,Não,1,0,1,0,0,0,1,1,-6.16824192,-47.00980304,SR-MA,DEL18/4,UOP02/MA
261253,2020-01-06,segunda-feira,11:30:00,MA,316,553,CAXIAS,Falta de Atenção à Condução,Colisão traseira,Com Vítimas Feridas,Pleno dia,Crescente,Céu Claro,Simples,Rotatória,Sim,2,0,1,0,1,0,1,2,-4.877648,-43.338158,SR-MA,DEL18/3,UOP02/MA
261271,2020-01-06,segunda-feira,16:00:00,MA,316,436.3,PERITORO,Pista Escorregadia,Capotamento,Com Vítimas Feridas,Pleno dia,Crescente,Chuva,Simples,Curva,Não,2,0,1,1,0,0,2,1,-4.413616,-44.2411,SR-MA,DEL18/3,UOP01/MA
261295,2020-01-06,segunda-feira,20:30:00,MA,316,612.9,TIMON,Animais na Pista,Atropelamento de Animal,Com Vítimas Feridas,Plena Noite,Crescente,Céu Claro,Simples,Reta,Não,2,0,1,1,0,0,2,1,-5.075141,-42.859455,SR-MA,DEL18/3,UOP02/MA
261369,2020-01-07,terça-feira,14:00:00,MA,10,255,IMPERATRIZ,Desobediência às normas de trânsito pelo condutor,Colisão transversal,Com Vítimas Feridas,Pleno dia,Decrescente,Chuva,Simples,Interseção de vias,Sim,3,0,0,1,2,0,1,3,-5.50685326,-47.47185946,SR-MA,DEL18/4,UOP01/MA
261511,2020-01-08,quarta-feira,06:40:00,MA,222,262.6,ARARI,Falta de Atenção à Condução,Colisão lateral,Com Vítimas Feridas,Amanhecer,Crescente,Nublado,Simples,Reta,Não,3,0,0,2,0,1,2,2,-3.57371589,-44.58787511,SR-MA,DEL18/1,UOP02/MA
261553,2020-01-08,quarta-feira,18:00:00,MA,316,564,CAXIAS,Ultrapassagem Indevida,Colisão lateral,Sem Vítimas,Anoitecer,Decrescente,Céu Claro,Simples,Reta,Não,6,0,0,0,6,0,0,4,-4.900841,-43.250313,SR-MA,DEL18/3,UOP02/MA
261677,2020-01-09,quinta-feira,10:50:00,MA,222,671,ACAILANDIA,Ingestão de Álcool,Colisão traseira,Com Vítimas Feridas,Pleno dia,Crescente,Sol,Simples,Não Informado,Sim,3,0,0,1,2,0,1,2,-4.94785739,-47.4775672,SR-MA,DEL18/4,UOP03/MA
261781,2020-01-09,quinta-feira,21:30:00,MA,316,272,BELA VISTA DO MARANHAO,Falta de Atenção à Condução,Colisão traseira,Com Vítimas Feridas,Plena Noite,Crescente,Chuva,Simples,Reta,Não,3,0,0,3,0,0,3,2,-3.710173,-45.301044,SR-MA,DEL18/2,UOP01/MA
261833,2020-01-10,sexta-feira,06:20:00,MA,316,265.5,SANTA INES,Ingestão de Álcool,Colisão lateral,Com Vítimas Feridas,Pleno dia,Crescente,Sol,Simples,Reta,Não,3,0,1,0,2,0,1,3,-3.677107,-45.354866,SR-MA,DEL18/2,UOP01/MA
261869,2020-01-10,sexta-feira,07:30:00,MA,316,287,PIO XII,Defeito na Via,Colisão frontal,Com Vítimas Feridas,Pleno dia,Crescente,Nublado,Simples,Reta,Não,2,0,0,1,1,0,1,2,-3.797174,-45.205685,SR-MA,DEL18/2,UOP01/MA
261995,2020-01-10,sexta-feira,14:00:00,MA,222,198,ITAPECURU MIRIM,Ingestão de Álcool,Colisão traseira,Com Vítimas Fatais,Pleno dia,Crescente,Nublado,Simples,Reta,Não,3,1,0,1,1,0,1,2,-3.45335105,-44.30532702,SR-MA,DEL18/1,UOP02/MA
262029,2020-01-11,sábado,00:30:00,MA,230,404,BALSAS,Ingestão de Álcool,Colisão lateral,Com Vítimas Feridas,Plena Noite,Crescente,Céu Claro,Simples,Reta,Sim,2,0,2,0,0,0,2,2,-7.52339895,-46.04122203,SR-MA,DEL18/5,UOP01/MA
262127,2020-01-11,sábado,09:50:00,MA,10,249.8,IMPERATRIZ,Desobediência às normas de trânsito pelo condutor,Colisão lateral,Com Vítimas Feridas,Pleno dia,Crescente,Céu Claro,Simples,Reta,Sim,2,0,1,0,1,0,1,2,-5.558508,-47.45417,SR-MA,DEL18/4,UOP01/MA
262143,2020-01-11,sábado,13:00:00,MA,226,567.6,PORTO FRANCO,Defeito na Via,Colisão lateral,Com Vítimas Fatais,Pleno dia,Crescente,Céu Claro,Simples,Reta,Não,2,1,0,0,1,0,0,2,-6.32865709,-47.35318891,SR-MA,DEL18/4,UOP02/MA
262178,2020-01-11,sábado,17:40:00,MA,222,667,ACAILANDIA,Não guardar distância de segurança,Colisão lateral,Com Vítimas Feridas,Anoitecer,Crescente,Nublado,Simples,Reta,Não,2,0,1,0,1,0,1,2,-4.90264174,-47.39968016,SR-MA,DEL18/4,UOP03/MA
262232,2020-01-11,sábado,12:30:00,MA,226,547.3,PORTO FRANCO,Falta de Atenção à Condução,Colisão transversal,Com Vítimas Fatais,Pleno dia,Decrescente,Céu Claro,Simples,Reta,Não,6,1,3,1,1,0,4,2,-6.262709,-47.192814,SR-MA,DEL18/4,UOP02/MA
262234,2020-01-11,sábado,23:30:00,MA,316,614.4,TIMON,Falta de Atenção à Condução,Colisão com objeto estático,Com Vítimas Fatais,Plena Noite,Crescente,Céu Claro,Simples,Reta,Sim,2,1,0,1,0,0,1,1,-5.08249109,-42.84059107,SR-MA,DEL18/3,UOP02/MA
262262,2020-01-11,sábado,12:50:00,MA,135,159,SAO MATEUS DO MARANHAO,Carga excessiva e/ou mal acondicionada,Derramamento de carga,Sem Vítimas,Pleno dia,Crescente,Céu Claro,Simples,Reta,Não,1,0,0,0,1,0,0,1,-3.83869814,-44.50986831,SR-MA,DEL18/1,UOP02/MA
262405,2020-01-12,domingo,09:00:00,MA,222,541,BOM JESUS DAS SELVAS,Velocidade Incompatível,Colisão frontal,Com Vítimas Fatais,Pleno dia,Decrescente,Sol,Simples,Curva,Não,2,1,0,0,1,0,0,2,-4.31053534,-46.56981113,SR-MA,DEL18/4,UOP03/MA
262418,2020-01-12,domingo,16:30:00,MA,316,378,BACABAL,Desobediência às normas de trânsito pelo condutor,Colisão frontal,Com Vítimas Fatais,Pleno dia,Crescente,Céu Claro,Simples,Reta,Sim,2,1,0,0,1,0,0,2,-4.214915,-44.637238,SR-MA,DEL18/3,UOP01/MA
262459,2020-01-12,domingo,18:50:00,MA,135,86.8,ITAPECURU MIRIM,Falta de Atenção à Condução,Colisão transversal,Com Vítimas Fatais,Plena Noite,Crescente,Nublado,Simples,Reta,Não,4,2,0,1,0,1,1,2,-3.26368262,-44.39404642,SR-MA,DEL18/1,UOP02/MA
262464,2020-01-12,domingo,20:20:00,MA,316,453.5,PERITORO,Ultrapassagem Indevida,Colisão frontal,Sem Vítimas,Plena Noite,Crescente,Céu Claro,Simples,Reta,Não,3,0,0,0,3,0,0,2,-4.497037,-44.117973,SR-MA,DEL18/3,UOP01/MA
262703,2020-01-13,segunda-feira,23:40:00,MA,316,275,BELA VISTA DO MARANHAO,Falta de Atenção à Condução,Saída de leito carroçável,Com Vítimas Feridas,Plena Noite,Crescente,Nublado,Simples,Não Informado,Não,1,0,1,0,0,0,1,1,-3.724337,-45.27808,SR-MA,DEL18/2,UOP01/MA
262742,2020-01-14,terça-feira,08:15:00,MA,230,2.1,BARAO DE GRAJAU,Não guardar distância de segurança,Colisão traseira,Com Vítimas Feridas,Pleno dia,Crescente,Nublado,Simples,Reta,Sim,6,0,0,1,5,0,1,2,-6.75451474,-43.02540492,SR-PI,DEL17/3,UOP01/PI
262750,2020-01-14,terça-feira,09:35:00,MA,316,552.4,CAXIAS,Falta de Atenção à Condução,Colisão transversal,Sem Vítimas,Pleno dia,Decrescente,Nublado,Simples,Rotatória,Sim,2,0,0,0,2,0,0,2,-4.882649,-43.345581,SR-MA,DEL18/3,UOP02/MA
262801,2020-01-14,terça-feira,06:15:00,MA,230,285,LORETO,Falta de Atenção à Condução,Saída de leito carroçável,Com Vítimas Feridas,Pleno dia,Crescente,Céu Claro,Simples,Reta,Não,4,0,1,0,3,0,1,1,-6.88561668,-45.25590726,SR-MA,DEL18/5,UOP01/MA
262832,2020-01-14,terça-feira,17:30:00,MA,316,616.8,TIMON,Falta de Atenção à Condução,Colisão lateral,Sem Vítimas,Anoitecer,Crescente,Céu Claro,Simples,Reta,Sim,2,0,0,0,2,0,0,2,-5.10084273,-42.82938036,SR-MA,DEL18/3,UOP02/MA
263182,2020-01-16,quinta-feira,16:10:00,MA,135,47.6,BACABEIRA,Falta de Atenção à Condução,Colisão traseira,Com Vítimas Feridas,Pleno dia,Decrescente,Chuva,Dupla,Reta,Sim,3,0,1,0,2,0,1,2,-2.93871687,-44.33065366,SR-MA,DEL18/1,UOP01/MA
263211,2020-01-16,quinta-feira,07:00:00,MA,226,348,JENIPAPO DOS VIEIRAS,Defeito Mecânico no Veículo,Incêndio,Sem Vítimas,Pleno dia,Decrescente,Céu Claro,Simples,Reta,Não,1,0,0,0,1,0,0,1,-5.531233,-45.59515601,SR-MA,DEL18/4,UOP02/MA
263249,2020-01-17,sexta-feira,00:10:00,MA,226,546,PORTO FRANCO,Falta de Atenção à Condução,Tombamento,Com Vítimas Feridas,Plena Noite,Decrescente,Chuva,Simples,Reta,Não,1,0,1,0,0,0,1,1,-6.25971291,-47.18136803,SR-MA,DEL18/4,UOP02/MA
263512,2020-01-18,sábado,05:50:00,MA,316,558,CAXIAS,Animais na Pista,Atropelamento de Animal,Com Vítimas Feridas,Pleno dia,Decrescente,Céu Claro,Simples,Reta,Não,2,0,0,2,0,0,2,1,-4.885954,-43.301353,SR-MA,DEL18/3,UOP02/MA
263524,2020-01-18,sábado,06:50:00,MA,135,18,SAO LUIS,Pista Escorregadia,Saída de leito carroçável,Com Vítimas Feridas,Amanhecer,Crescente,Nublado,Dupla,Rotatória,Não,1,0,1,0,0,0,1,1,-2.71719899,-44.32099307,SR-MA,DEL18/1,UOP01/MA
263594,2020-01-18,sábado,15:20:00,MA,10,260.3,IMPERATRIZ,Não guardar distância de segurança,Colisão traseira,Com Vítimas Feridas,Pleno dia,Decrescente,Chuva,Simples,Reta,Não,2,0,0,1,1,0,1,2,-5.463405,-47.472332,SR-MA,DEL18/4,UOP01/MA
263825,2020-01-19,domingo,06:00:00,MA,230,244,SAO FELIX DE BALSAS,Ingestão de Álcool,Queda de ocupante de veículo,Com Vítimas Fatais,Pleno dia,Crescente,Céu Claro,Simples,Desvio Temporário,Não,2,1,0,0,0,1,0,1,-6.80943297,-44.89755601,SR-MA,DEL18/5,UOP01/MA
263890,2020-01-19,domingo,20:10:00,MA,10,256,IMPERATRIZ,Falta de Atenção à Condução,Colisão traseira,Com Vítimas Feridas,Plena Noite,Decrescente,Céu Claro,Simples,Não Informado,Não,3,0,1,0,1,1,1,3,-5.499715,-47.471836,SR-MA,DEL18/4,UOP01/MA
263949,2020-01-20,segunda-feira,01:00:00,MA,316,156,NOVA OLINDA DO MARANHAO,Defeito na Via,Saída de leito carroçável,Com Vítimas Feridas,Plena Noite,Crescente,Nublado,Simples,Reta,Não,5,0,3,1,1,0,4,1,-2.904285,-45.678082,SR-MA,DEL18/2,UOP02/MA
264057,2020-01-20,segunda-feira,08:10:00,MA,316,568,CAXIAS,Falta de Atenção do Pedestre,Atropelamento de Pedestre,Com Vítimas Feridas,Pleno dia,Decrescente,Céu Claro,Simples,Reta,Não,2,0,0,1,1,0,1,1,-4.914432,-43.21693,SR-MA,DEL18/3,UOP02/MA
264072,2020-01-20,segunda-feira,17:00:00,MA,316,587,CAXIAS,Velocidade Incompatível,Saída de leito carroçável,Sem Vítimas,Anoitecer,Crescente,Céu Claro,Simples,Reta,Não,1,0,0,0,1,0,0,1,-4.988132,-43.06432,SR-MA,DEL18/3,UOP02/MA
264091,2020-01-20,segunda-feira,13:05:00,MA,10,314,ACAILANDIA,Defeito Mecânico no Veículo,Saída de leito carroçável,Com Vítimas Feridas,Pleno dia,Decrescente,Céu Claro,Simples,Curva,Não,3,0,1,0,2,0,1,1,-4.997943,-47.531734,SR-MA,DEL18/4,UOP03/MA
264174,2020-01-21,terça-feira,07:30:00,MA,135,13,SAO LUIS,Falta de Atenção à Condução,Colisão lateral,Com Vítimas Feridas,Pleno dia,Crescente,Nublado,Dupla,Reta,Sim,2,0,1,0,1,0,1,2,-2.68053538,-44.29512283,SR-MA,DEL18/1,UOP01/MA
264206,2020-01-21,terça-feira,01:00:00,MA,226,452.9,GRAJAU,Falta de Atenção do Pedestre,Atropelamento de Pedestre,Com Vítimas Fatais,Plena Noite,Crescente,Céu Claro,Simples,Reta,Não,2,1,0,0,0,1,0,1,-5.90891445,-46.31588978,SR-MA,DEL18/4,UOP02/MA
264262,2020-01-21,terça-feira,08:50:00,MA,135,5.9,SAO LUIS,Desobediência às normas de trânsito pelo condutor,Colisão traseira,Com Vítimas Fatais,Pleno dia,Decrescente,Chuva,Dupla,Reta,Sim,2,1,0,0,1,0,0,2,-2.62145385,-44.25797421,SR-MA,DEL18/1,UOP01/MA
264274,2020-01-21,terça-feira,10:30:00,MA,135,43.6,BACABEIRA,Falta de Atenção à Condução,Colisão traseira,Sem Vítimas,Pleno dia,Crescente,Chuva,Dupla,Reta,Sim,2,0,0,0,2,0,0,2,-2.91264134,-44.35402453,SR-MA,DEL18/1,UOP01/MA
264385,2020-01-22,quarta-feira,10:25:00,MA,135,22,SAO LUIS,Falta de Atenção à Condução,Colisão transversal,Com Vítimas Feridas,Pleno dia,Decrescente,Céu Claro,Dupla,Reta,Sim,2,0,1,0,0,1,1,2,-2.59531869,-44.33292389,SR-MA,DEL18/1,UOP01/MA
264707,2020-01-23,quinta-feira,17:30:00,MA,222,208,ITAPECURU MIRIM,Desobediência às normas de trânsito pelo condutor,Colisão transversal,Com Vítimas Feridas,Pleno dia,Crescente,Chuva,Dupla,Reta,Sim,2,0,0,1,1,0,1,2,-3.39157076,-44.36271275,SR-MA,DEL18/1,UOP02/MA
264716,2020-01-23,quinta-feira,16:30:00,MA,230,228,SAO FELIX DE BALSAS,Velocidade Incompatível,Saída de leito carroçável,Com Vítimas Feridas,Pleno dia,Decrescente,Ignorado,Simples,Reta,Não,1,0,0,1,0,0,1,1,-6.82378385,-44.76337094,SR-MA,DEL18/5,UOP01/MA
264847,2020-01-24,sexta-feira,07:00:00,MA,222,627,ACAILANDIA,Avarias e/ou desgaste excessivo no pneu,Capotamento,Com Vítimas Feridas,Pleno dia,Decrescente,Céu Claro,Simples,Curva,Não,3,0,1,2,0,0,3,1,-4.77539655,-47.08598515,SR-MA,DEL18/4,UOP03/MA
264868,2020-01-24,sexta-feira,15:30:00,MA,135,7.8,SAO LUIS,Defeito Mecânico no Veículo,Colisão traseira,Com Vítimas Feridas,Pleno dia,Decrescente,Céu Claro,Dupla,Reta,Sim,2,0,0,1,1,0,1,2,-2.63608835,-44.26848552,SR-MA,DEL18/1,UOP01/MA
264875,2020-01-24,sexta-feira,17:30:00,MA,135,22,SAO LUIS,Falta de Atenção à Condução,Colisão lateral,Sem Vítimas,Anoitecer,Crescente,Céu Claro,Dupla,Reta,Sim,2,0,0,0,2,0,0,2,-2.74596712,-44.34234384,SR-MA,DEL18/1,UOP01/MA
264924,2020-01-25,sábado,01:00:00,MA,222,674,ACAILANDIA,Falta de Atenção à Condução,Colisão transversal,Com Vítimas Feridas,Plena Noite,Crescente,Céu Claro,Simples,Não Informado,Sim,3,0,2,0,1,0,2,2,-4.93412557,-47.45359225,SR-MA,DEL18/4,UOP03/MA
264957,2020-01-25,sábado,05:00:00,MA,10,245,IMPERATRIZ,Ingestão de Álcool,Saída de leito carroçável,Sem Vítimas,Amanhecer,Decrescente,Céu Claro,Simples,Reta,Não,1,0,0,0,1,0,0,1,-5.588685,-47.433857,SR-MA,DEL18/4,UOP01/MA
264966,2020-01-25,sábado,07:30:00,MA,135,6.8,SAO LUIS,Animais na Pista,Atropelamento de Animal,Com Vítimas Feridas,Pleno dia,Crescente,Nublado,Dupla,Reta,Sim,2,0,2,0,0,0,2,1,-2.62877986,-44.26321818,SR-MA,DEL18/1,UOP01/MA
264967,2020-01-17,sexta-feira,22:40:00,MA,316,597,TIMON,Ingestão de Álcool,Colisão frontal,Com Vítimas Fatais,Plena Noite,Crescente,Ignorado,Simples,Reta,Não,2,1,0,0,0,1,0,2,-5.019753,-42.980644,SR-MA,DEL18/3,UOP02/MA
265006,2020-01-25,sábado,11:20:00,MA,135,19.8,SAO LUIS,Ingestão de Álcool,Colisão lateral,Sem Vítimas,Pleno dia,Decrescente,Céu Claro,Dupla,Reta,Sim,2,0,0,0,2,0,0,2,-2.56572642,-44.33153987,SR-MA,DEL18/1,UOP01/MA
265127,2020-01-25,sábado,23:30:00,MA,316,553,CAXIAS,Desobediência às normas de trânsito pelo condutor,Queda de ocupante de veículo,Com Vítimas Feridas,Plena Noite,Crescente,Céu Claro,Dupla,Reta,Sim,1,0,0,1,0,0,1,1,-4.88392426,-43.34685802,SR-MA,DEL18/3,UOP02/MA
265144,2020-01-25,sábado,23:00:00,MA,135,20.9,SAO LUIS,Objeto estático sobre o leito carroçável,Colisão com objeto estático,Com Vítimas Feridas,Plena Noite,Crescente,Nublado,Dupla,Reta,Sim,2,0,1,0,1,0,1,2,-2.56175,-44.3158865,SR-MA,DEL18/1,UOP01/MA
265265,2020-01-26,domingo,16:40:00,MA,10,320,ACAILANDIA,Falta de Atenção à Condução,Colisão transversal,Com Vítimas Feridas,Pleno dia,Decrescente,Céu Claro,Simples,Interseção de vias,Sim,2,0,0,1,1,0,1,2,-4.952405,-47.503384,SR-MA,DEL18/4,UOP03/MA
265303,2020-01-26,domingo,18:30:00,MA,135,7,SAO LUIS,Falta de Atenção à Condução,Colisão transversal,Com Vítimas Feridas,Plena Noite,Crescente,Garoa/Chuvisco,Dupla,Rotatória,Não,3,0,0,2,0,1,2,2,-2.63608835,-44.26848552,SR-MA,DEL18/1,UOP01/MA
265357,2020-01-26,domingo,22:00:00,MA,222,363,SANTA INES,Ultrapassagem Indevida,Colisão frontal,Com Vítimas Fatais,Plena Noite,Decrescente,Chuva,Simples,Reta,Sim,4,1,0,1,0,2,1,3,-3.67710017,-45.39146935,SR-MA,DEL18/2,UOP01/MA
265372,2020-01-27,segunda-feira,00:52:00,MA,135,0.5,SAO LUIS,Falta de Atenção à Condução,Colisão traseira,Com Vítimas Feridas,Plena Noite,Decrescente,Ignorado,Dupla,Reta,Sim,2,0,1,0,1,0,1,2,-2.58278949,-44.24233496,SR-MA,DEL18/1,UOP01/MA
265619,2020-01-28,terça-feira,08:50:00,MA,135,0.8,SAO LUIS,Desobediência às normas de trânsito pelo condutor,Colisão transversal,Com Vítimas Feridas,Pleno dia,Decrescente,Céu Claro,Dupla,Curva,Sim,2,0,0,1,1,0,1,2,-2.53073,-44.3068,SR-MA,DEL18/1,UOP01/MA
265630,2020-01-28,terça-feira,08:45:00,MA,402,6.7,ROSARIO,Desobediência às normas de trânsito pelo condutor,Colisão transversal,Com Vítimas Feridas,Pleno dia,Decrescente,Céu Claro,Simples,Reta,Não,2,0,0,1,0,1,1,2,-2.948423,-44.275352,SR-MA,DEL18/1,UOP01/MA
265790,2020-01-29,quarta-feira,08:00:00,MA,10,252,IMPERATRIZ,Não guardar distância de segurança,Colisão frontal,Com Vítimas Feridas,Pleno dia,Crescente,Céu Claro,Simples,Reta,Não,2,0,0,1,1,0,1,2,-5.53562,-47.469585,SR-MA,DEL18/4,UOP01/MA
265800,2020-01-29,quarta-feira,10:30:00,MA,10,256,IMPERATRIZ,Desobediência às normas de trânsito pelo condutor,Colisão transversal,Com Vítimas Feridas,Pleno dia,Crescente,Sol,Simples,Reta,Sim,2,0,2,0,0,0,2,2,-5.490634,-47.471973,SR-MA,DEL18/4,UOP01/MA
266030,2020-01-30,quinta-feira,16:00:00,MA,10,252.5,IMPERATRIZ,Ingestão de Álcool,Colisão traseira,Sem Vítimas,Pleno dia,Crescente,Céu Claro,Simples,Reta,Sim,4,0,0,0,4,0,0,4,-5.53562,-47.469585,SR-MA,DEL18/4,UOP01/MA
266072,2020-01-30,quinta-feira,20:40:00,MA,316,550.6,CAXIAS,Não guardar distância de segurança,Colisão traseira,Com Vítimas Feridas,Plena Noite,Crescente,Nublado,Simples,Reta,Sim,5,0,2,2,0,1,4,2,-4.88729741,-43.36736267,SR-MA,DEL18/3,UOP02/MA
266167,2020-01-31,sexta-feira,10:30:00,MA,230,371,BALSAS,Falta de Atenção à Condução,Queda de ocupante de veículo,Com Vítimas Feridas,Pleno dia,Crescente,Céu Claro,Simples,Reta,Não,3,0,2,1,0,0,3,1,-7.25487715,-45.91476472,SR-MA,DEL18/5,UOP01/MA
266192,2020-01-31,sexta-feira,14:15:00,MA,10,253,IMPERATRIZ,Não guardar distância de segurança,Colisão traseira,Com Vítimas Feridas,Pleno dia,Crescente,Céu Claro,Simples,Reta,Não,4,0,1,0,3,0,1,2,-5.530637,-47.471151,SR-MA,DEL18/4,UOP01/MA
266299,2020-01-31,sexta-feira,18:30:00,MA,10,225.5,GOVERNADOR EDISON LOBAO,Desobediência às normas de trânsito pelo condutor,Colisão frontal,Com Vítimas Feridas,Anoitecer,Decrescente,Céu Claro,Simples,Reta,Sim,3,0,2,0,0,1,2,2,-5.740961,-47.359777,SR-MA,DEL18/4,UOP01/MA
266333,2020-02-01,sábado,04:45:00,MA,135,25,SAO LUIS,Falta de Atenção à Condução,Saída de leito carroçável,Com Vítimas Feridas,Amanhecer,Crescente,Céu Claro,Dupla,Retorno Regulamentado,Não,2,0,1,0,1,0,1,1,-2.76507971,-44.36187655,SR-MA,DEL18/1,UOP01/MA
266386,2020-02-01,sábado,05:00:00,MA,222,288,ARARI,Defeito na Via,Saída de leito carroçável,Com Vítimas Feridas,Amanhecer,Decrescente,Ignorado,Simples,Reta,Não,1,0,1,0,0,0,1,1,-3.44909867,-44.83992308,SR-MA,DEL18/2,UOP01/MA
266481,2020-02-01,sábado,18:20:00,MA,10,255,IMPERATRIZ,Falta de Atenção à Condução,Colisão lateral,Com Vítimas Feridas,Anoitecer,Decrescente,Nublado,Múltipla,Interseção de vias,Sim,3,0,2,0,1,0,2,2,-5.51025511,-47.47175401,SR-MA,DEL18/4,UOP01/MA
266510,2020-02-01,sábado,17:30:00,MA,316,457.6,CODO,Falta de Atenção à Condução,Colisão frontal,Com Vítimas Fatais,Anoitecer,Decrescente,Céu Claro,Simples,Reta,Não,2,1,0,0,0,1,0,2,-4.506201,-44.082172,SR-MA,DEL18/3,UOP01/MA
266537,2020-02-01,sábado,23:40:00,MA,10,255,IMPERATRIZ,Ingestão de Álcool,Colisão transversal,Com Vítimas Feridas,Plena Noite,Decrescente,Céu Claro,Simples,Reta,Sim,3,0,2,0,1,0,2,2,-5.508798,-47.471718,SR-MA,UOP01,DEL04
266671,2020-02-02,domingo,14:00:00,MA,135,1,SAO LUIS,Desobediência às normas de trânsito pelo condutor,Colisão transversal,Com Vítimas Feridas,Pleno dia,Decrescente,Céu Claro,Dupla,Reta,Sim,1,0,0,1,0,0,1,1,-2.6885714,-44.2952527,SR-MA,DEL18/1,UOP01/MA
266672,2020-02-02,domingo,15:30:00,MA,135,63.1,SANTA RITA,Não guardar distância de segurança,Colisão traseira,Com Vítimas Fatais,Pleno dia,Decrescente,Céu Claro,Simples,Reta,Não,1,1,0,0,0,0,0,1,-3.07874104,-44.32216625,SR-MA,DEL18/1,UOP02/MA
266679,2020-02-02,domingo,17:00:00,MA,10,153,PORTO FRANCO,Desobediência às normas de trânsito pelo condutor,Colisão transversal,Sem Vítimas,Pleno dia,Crescente,Céu Claro,Simples,Reta,Não,2,0,0,0,0,2,0,2,-6.370184,-47.380017,SR-MA,DEL18/4,UOP02/MA
266742,2020-02-02,domingo,19:55:00,MA,10,262.6,IMPERATRIZ,Desobediência às normas de trânsito pelo condutor,Colisão traseira,Com Vítimas Feridas,Plena Noite,Decrescente,Céu Claro,Simples,Não Informado,Sim,2,0,0,1,1,0,1,2,-5.445326,-47.472542,SR-MA,DEL18/4,UOP01/MA
266778,2020-02-03,segunda-feira,00:00:00,MA,230,0,BARAO DE GRAJAU,Falta de Atenção à Condução,Colisão traseira,Com Vítimas Feridas,Plena Noite,Decrescente,Céu Claro,Simples,Reta,Sim,2,0,1,0,0,1,1,2,-6.760894,-43.01105,SR-PI,DEL17/3,UOP01/PI
266781,2020-02-03,segunda-feira,00:00:00,MA,230,0,BARAO DE GRAJAU,Falta de Atenção à Condução,Queda de ocupante de veículo,Com Vítimas Feridas,Plena Noite,Crescente,Céu Claro,Simples,Ponte,Sim,1,0,1,0,0,0,1,1,-6.76005747,-43.01143475,SR-PI,DEL17/3,UOP01/PI
266825,2020-02-03,segunda-feira,04:45:00,MA,135,195.4,ALTO ALEGRE DO MARANHAO,Condutor Dormindo,Tombamento,Sem Vítimas,Plena Noite,Decrescente,Céu Claro,Simples,Não Informado,Não,2,0,0,0,2,0,0,1,-4.15458101,-44.46970631,SR-MA,DEL18/3,UOP01/MA
266966,2020-02-03,segunda-feira,19:15:00,MA,230,18,BARAO DE GRAJAU,Animais na Pista,Saída de leito carroçável,Com Vítimas Feridas,Plena Noite,Decrescente,Céu Claro,Simples,Reta,Não,3,0,3,0,0,0,3,1,-6.70585454,-43.15766312,SR-PI,DEL17/3,UOP01/PI
267100,2020-02-04,terça-feira,14:40:00,MA,10,335.5,ACAILANDIA,Falta de Atenção à Condução,Tombamento,Com Vítimas Feridas,Pleno dia,Decrescente,Céu Claro,Simples,Reta,Não,2,0,0,1,1,0,1,2,-4.819935,-47.509178,SR-MA,DEL18/4,UOP03/MA
267123,2020-02-04,terça-feira,13:40:00,MA,316,440.6,PERITORO,Falta de Atenção à Condução,Saída de leito carroçável,Com Vítimas Feridas,Pleno dia,Decrescente,Chuva,Simples,Reta,Não,2,0,2,0,0,0,2,1,-4.428898,-44.210136,SR-MA,DEL18/3,UOP01/MA
267268,2020-02-05,quarta-feira,10:25:00,MA,316,268,SANTA INES,Avarias e/ou desgaste excessivo no pneu,Tombamento,Com Vítimas Feridas,Pleno dia,Decrescente,Céu Claro,Simples,Reta,Não,2,0,1,1,0,0,2,1,-3.691249,-45.331749,SR-MA,DEL18/2,UOP01/MA
267273,2020-02-05,quarta-feira,10:30:00,MA,10,247.1,IMPERATRIZ,Falta de Atenção à Condução,Engavetamento,Com Vítimas Feridas,Pleno dia,Crescente,Sol,Simples,Reta,Sim,6,0,2,0,4,0,2,4,-5.573772,-47.443893,SR-MA,DEL18/4,UOP01/MA
267289,2020-02-05,quarta-feira,13:30:00,MA,135,22,SAO LUIS,Falta de Atenção à Condução,Colisão traseira,Sem Vítimas,Pleno dia,Crescente,Chuva,Dupla,Reta,Não,4,0,0,0,4,0,0,3,-2.74596712,-44.34234384,SR-MA,DEL18/1,UOP01/MA
267290,2020-01-03,sexta-feira,22:25:00,MA,316,612.6,TIMON,Desobediência às normas de trânsito pelo condutor,Colisão frontal,Com Vítimas Feridas,Plena Noite,Crescente,Nublado,Múltipla,Não Informado,Sim,3,0,1,1,1,0,2,2,-5.075141,-42.859455,SR-MA,DEL18/3,UOP02/MA
267403,2020-02-05,quarta-feira,23:15:00,MA,222,671,ACAILANDIA,Ingestão de Álcool,Colisão frontal,Com Vítimas Feridas,Plena Noite,Decrescente,Chuva,Simples,Desvio Temporário,Sim,2,0,1,0,1,0,1,2,-4.94422317,-47.47114062,SR-MA,DEL18/4,UOP03/MA
267604,2020-02-06,quinta-feira,16:30:00,MA,135,21,SAO LUIS,Defeito Mecânico no Veículo,Colisão transversal,Com Vítimas Feridas,Pleno dia,Crescente,Nublado,Dupla,Reta,Sim,3,0,0,2,1,0,2,2,-2.738702,-44.336989,SR-MA,DEL18/1,UOP01/MA
267614,2020-02-06,quinta-feira,15:30:00,MA,226,516.2,LAJEADO NOVO,Defeito na Via,Colisão traseira,Com Vítimas Feridas,Pleno dia,Crescente,Céu Claro,Simples,Reta,Não,6,0,5,0,1,0,5,3,-6.1482237,-46.94095503,SR-MA,DEL18/4,UOP02/MA