id,data_inversa,dia_semana,horario,uf,br,km,municipio,causa_acidente,tipo_acidente,classificacao_acidente,fase_dia,sentido_via,condicao_metereologica,tipo_pista,tracado_via,uso_solo,pessoas,mortos,feridos_leves,feridos_graves,ilesos,ignorados,feridos,veiculos,latitude,longitude,regional,delegacia,uop
280385,2020-04-18,sábado,16:25:00,MA,135,5,SAO LUIS,Falta de Atenção à Condução,Colisão transversal,Com Vítimas Feridas,Pleno dia,Crescente,Nublado,Dupla,Retorno Regulamentado,Sim,3,0,1,1,1,0,2,2,-2.62145385,-44.25797421,SR-MA,UOP01,DEL01
280495,2020-04-19,domingo,00:30:00,MA,10,269,IMPERATRIZ,Falta de Atenção à Condução,Saída de leito carroçável,Com Vítimas Feridas,Plena Noite,Crescente,Nublado,Simples,Reta,Não,2,0,1,1,0,0,2,1,-5.382404,-47.476055,SR-MA,UOP01,DEL04
280499,2020-04-11,sábado,11:00:00,MA,316,432,PERITORO,Animais na Pista,Atropelamento de Animal,Com Vítimas Feridas,Pleno dia,Decrescente,Céu Claro,Simples,Reta,Não,1,0,1,0,0,0,1,1,-4.399217,-44.273983,SR-MA,UOP01,DEL03
280664,2020-04-18,sábado,11:00:00,MA,222,541,BOM JESUS DAS SELVAS,Falta de Atenção à Condução,Capotamento,Com Vítimas Fatais,Pleno dia,Decrescente,Chuva,Simples,Curva,Não,1,1,0,0,0,0,0,1,-4.31053534,-46.56981113,SR-MA,UOP03,DEL04
280668,2020-04-20,segunda-feira,06:30:00,MA,135,319.3,PRESIDENTE DUTRA,Falta de Atenção à Condução,Colisão lateral,Sem Vítimas,Amanhecer,Crescente,Céu Claro,Simples,Reta,Não,2,0,0,0,2,0,0,2,-5.11142496,-44.45968325,SR-MA,UOP01,DEL03
280794,2020-04-21,terça-feira,07:40:00,MA,135,9.6,SAO LUIS,Pista Escorregadia,Saída de leito carroçável,Sem Vítimas,Pleno dia,Decrescente,Chuva,Dupla,Reta,Sim,1,0,0,0,1,0,0,1,-2.59648694,-44.32866454,SR-MA,UOP01,DEL01
280970,2020-04-22,quarta-feira,10:20:00,MA,222,677,ACAILANDIA,Falta de Atenção à Condução,Colisão com objeto estático,Sem Vítimas,Pleno dia,Crescente,Nublado,Simples,Curva,Sim,2,0,0,0,2,0,0,2,-4.956521,-47.494734,SR-MA,UOP03,DEL04
281053,2020-04-23,quinta-feira,10:30:00,MA,135,6.4,SAO LUIS,Falta de Atenção à Condução,Colisão lateral,Sem Vítimas,Pleno dia,Decrescente,Céu Claro,Dupla,Não Informado,Sim,2,0,0,0,1,1,0,2,-2.63922888,-44.2703855,SR-MA,UOP01,DEL01
281054,2020-04-23,quinta-feira,12:20:00,MA,10,256.6,IMPERATRIZ,Desobediência às normas de trânsito pelo condutor,Colisão transversal,Com Vítimas Feridas,Pleno dia,Crescente,Céu Claro,Simples,Interseção de vias,Sim,3,0,1,0,2,0,1,3,-5.49074863,-47.47200966,SR-MA,UOP01,DEL04
281165,2020-04-23,quinta-feira,17:15:00,MA,10,269,IMPERATRIZ,Não guardar distância de segurança,Engavetamento,Com Vítimas Feridas,Anoitecer,Decrescente,Céu Claro,Simples,Reta,Não,3,0,1,0,2,0,1,3,-5.382404,-47.476055,SR-MA,UOP01,DEL04
281267,2020-03-31,terça-feira,18:40:00,MA,316,1.9,BOA VISTA DO GURUPI,Desobediência às normas de trânsito pelo condutor,Colisão frontal,Com Vítimas Feridas,Plena Noite,Crescente,Céu Claro,Simples,Reta,Sim,2,0,0,1,1,0,1,2,-1.796192,-46.309158,SR-MA,UOP02,DEL02
281311,2020-04-24,sexta-feira,20:30:00,MA,316,262,SANTA INES,Desobediência às normas de trânsito pelo condutor,Colisão traseira,Com Vítimas Feridas,Plena Noite,Crescente,Nublado,Simples,Reta,Sim,2,0,1,0,1,0,1,2,-3.675505,-45.380474,SR-MA,UOP01,DEL02
281364,2020-04-25,sábado,09:30:00,MA,10,374,ITINGA DO MARANHAO,Defeito na Via,Tombamento,Sem Vítimas,Pleno dia,Crescente,Chuva,Simples,Reta,Não,1,0,0,0,1,0,0,1,-4.478869,-47.511242,SR-MA,UOP03,DEL04
281441,2020-04-25,sábado,09:40:00,MA,222,672,ACAILANDIA,Desobediência às normas de trânsito pelo condutor,Colisão lateral,Com Vítimas Feridas,Pleno dia,Crescente,Sol,Simples,Reta,Sim,2,0,1,0,1,0,1,2,-4.93952003,-47.46257583,SR-MA,UOP03,DEL04
281488,2020-04-26,domingo,00:20:00,MA,230,404.1,BALSAS,Ingestão de Álcool,Saída de leito carroçável,Com Vítimas Feridas,Plena Noite,Crescente,Nublado,Simples,Não Informado,Sim,1,0,1,0,0,0,1,1,-7.52197844,-46.04769627,SR-MA,UOP01,DEL05
281557,2020-04-26,domingo,14:00:00,MA,222,678,ACAILANDIA,Falta de Atenção à Condução,Colisão transversal,Com Vítimas Feridas,Pleno dia,Crescente,Céu Claro,Simples,Reta,Sim,2,0,0,1,1,0,1,2,-4.95184058,-47.48456324,SR-MA,UOP03,DEL04
281647,2020-04-26,domingo,20:15:00,MA,226,334.6,JENIPAPO DOS VIEIRAS,Ingestão de Álcool,Colisão traseira,Com Vítimas Fatais,Plena Noite,Decrescente,Céu Claro,Simples,Não Informado,Não,12,3,7,0,2,0,7,3,-5.46562039,-45.48893655,SR-MA,UOP02,DEL04
281709,2020-04-27,segunda-feira,10:10:00,MA,135,301.6,DOM PEDRO,Não guardar distância de segurança,Colisão traseira,Com Vítimas Feridas,Pleno dia,Decrescente,Céu Claro,Simples,Reta,Não,6,0,1,0,5,0,1,3,-4.97267309,-44.41108132,SR-MA,UOP01,DEL03
281770,2020-04-27,segunda-feira,16:40:00,MA,316,512.7,CAXIAS,Animais na Pista,Saída de leito carroçável,Com Vítimas Feridas,Pleno dia,Crescente,Sol,Simples,Reta,Não,3,0,0,1,2,0,1,2,-4.75043,-43.664165,SR-MA,UOP02,DEL03
281780,2020-04-27,segunda-feira,19:00:00,MA,135,9,SAO LUIS,Falta de Atenção à Condução,Colisão traseira,Com Vítimas Feridas,Plena Noite,Decrescente,Chuva,Dupla,Não Informado,Não,2,0,0,1,0,1,1,2,-2.64941425,-44.28038883,SR-MA,UOP01,DEL01
281809,2020-04-27,segunda-feira,07:45:00,MA,316,620.4,TIMON,Desobediência às normas de trânsito pelo condutor,Colisão frontal,Com Vítimas Fatais,Pleno dia,Crescente,Céu Claro,Simples,Reta,Sim,2,1,0,0,1,0,0,2,-5.12834,-42.821602,SR-MA,UOP02,DEL03
281857,2020-04-28,terça-feira,09:40:00,MA,316,424.4,PERITORO,Desobediência às normas de trânsito pelo condutor,Colisão transversal,Sem Vítimas,Pleno dia,Crescente,Céu Claro,Simples,Reta,Sim,3,0,0,0,3,0,0,2,-4.37054,-44.340851,SR-MA,UOP01,DEL03
281901,2020-04-28,terça-feira,14:20:00,MA,135,21.6,SAO LUIS,Falta de Atenção à Condução,Colisão traseira,Sem Vítimas,Pleno dia,Crescente,Céu Claro,Dupla,Não Informado,Não,2,0,0,0,2,0,0,2,-2.738702,-44.336989,SR-MA,UOP01,DEL01
281922,2020-04-28,terça-feira,17:50:00,MA,135,22.5,SAO LUIS,Pista Escorregadia,Saída de leito carroçável,Sem Vítimas,Anoitecer,Decrescente,Chuva,Dupla,Reta,Sim,1,0,0,0,1,0,0,1,-2.74596712,-44.34234384,SR-MA,UOP01,DEL01
281955,2020-04-28,terça-feira,09:40:00,MA,316,615.3,TIMON,Desobediência às normas de trânsito pelo condutor,Colisão transversal,Com Vítimas Feridas,Pleno dia,Crescente,Céu Claro,Dupla,Reta,Sim,2,0,1,0,0,1,1,2,-5.08372005,-42.83964157,SR-MA,UOP02,DEL03
281958,2020-04-28,terça-feira,19:30:00,MA,222,394,SANTA LUZIA,Deficiência ou não Acionamento do Sistema de Iluminação/Sinalização do Veículo,Queda de ocupante de veículo,Com Vítimas Feridas,Plena Noite,Decrescente,Chuva,Simples,Desvio Temporário,Não,1,0,1,0,0,0,1,1,-3.88821549,-45.57076941,SR-MA,UOP01,DEL02
281984,2020-04-29,quarta-feira,04:00:00,MA,316,587.9,CAXIAS,Condutor Dormindo,Saída de leito carroçável,Com Vítimas Feridas,Plena Noite,Crescente,Céu Claro,Simples,Reta,Não,1,0,0,1,0,0,1,1,-4.988132,-43.06432,SR-MA,UOP02,DEL03
282077,2020-04-29,quarta-feira,19:00:00,MA,222,675,ACAILANDIA,Ingestão de Álcool,Colisão transversal,Sem Vítimas,Anoitecer,Crescente,Céu Claro,Simples,Interseção de vias,Sim,2,0,0,0,2,0,0,2,-4.93859094,-47.46131504,SR-MA,UOP03,DEL04
282275,2020-05-01,sexta-feira,07:15:00,MA,316,260.5,SANTA INES,Animais na Pista,Atropelamento de Animal,Com Vítimas Feridas,Pleno dia,Crescente,Céu Claro,Simples,Reta,Sim,1,0,1,0,0,0,1,1,-3.669811,-45.394978,SR-MA,UOP01,DEL02
282333,2020-05-01,sexta-feira,15:40:00,MA,135,79,SANTA RITA,Falta de Atenção à Condução,Colisão com objeto estático,Sem Vítimas,Pleno dia,Decrescente,Chuva,Simples,Reta,Não,1,0,0,0,1,0,0,1,-3.212133,-44.36219192,SR-MA,UOP02,DEL01
282419,2020-05-01,sexta-feira,18:40:00,MA,10,240,DAVINOPOLIS,Ultrapassagem Indevida,Colisão frontal,Com Vítimas Feridas,Anoitecer,Decrescente,Céu Claro,Simples,Reta,Não,3,0,1,0,1,1,1,3,-5.625862,-47.408913,SR-MA,UOP01,DEL04
282484,2020-05-02,sábado,13:00:00,MA,10,204,RIBAMAR FIQUENE,Defeito na Via,Colisão com objeto estático,Com Vítimas Fatais,Pleno dia,Crescente,Céu Claro,Simples,Reta,Não,1,1,0,0,0,0,0,1,-5.922652,-47.379695,SR-MA,UOP01,DEL04
282522,2020-05-02,sábado,18:20:00,MA,316,560.6,CAXIAS,Ingestão de Álcool,Atropelamento de Pedestre,Com Vítimas Fatais,Plena Noite,Crescente,Céu Claro,Simples,Reta,Sim,2,1,0,0,1,0,0,1,-4.888779,-43.283848,SR-MA,UOP02,DEL03
282589,2020-05-03,domingo,07:00:00,MA,222,459.3,SANTA LUZIA,Sinalização da via insuficiente ou inadequada,Derramamento de carga,Sem Vítimas,Pleno dia,Decrescente,Sol,Simples,Curva,Não,1,0,0,0,1,0,0,1,-4.15027405,-46.00331193,SR-MA,UOP01,DEL02
282838,2020-05-04,segunda-feira,15:30:00,MA,135,49.5,BACABEIRA,Falta de Atenção à Condução,Colisão traseira,Sem Vítimas,Pleno dia,Crescente,Chuva,Dupla,Reta,Sim,5,0,0,0,5,0,0,5,-2.96683312,-44.31953967,SR-MA,UOP01,DEL01
282985,2020-05-05,terça-feira,17:30:00,MA,226,245,TUNTUM,Velocidade Incompatível,Saída de leito carroçável,Sem Vítimas,Pleno dia,Crescente,Céu Claro,Simples,Curva,Não,1,0,0,0,1,0,0,1,-5.40064485,-44.82878002,SR-MA,UOP01,DEL03
282991,2020-05-05,terça-feira,19:55:00,MA,135,4,SAO LUIS,Restrição de Visibilidade,Atropelamento de Pedestre,Com Vítimas Feridas,Plena Noite,Crescente,Céu Claro,Dupla,Retorno Regulamentado,Sim,2,0,0,1,0,1,1,1,-2.61424881,-44.25257023,SR-MA,UOP01,DEL01
283003,2020-05-06,quarta-feira,01:10:00,MA,10,257.8,IMPERATRIZ,Falta de Atenção à Condução,Colisão traseira,Com Vítimas Feridas,Plena Noite,Decrescente,Céu Claro,Simples,Reta,Não,2,0,0,1,0,1,1,2,-5.47878735,-47.47243881,SR-MA,UOP01,DEL04
283051,2020-05-06,quarta-feira,06:00:00,MA,222,378,SANTA INES,Condutor Dormindo,Colisão traseira,Com Vítimas Feridas,Amanhecer,Decrescente,Céu Claro,Simples,Reta,Não,2,0,1,0,1,0,1,2,-3.7888372,-45.4681877,SR-MA,UOP01,DEL02
283076,2020-05-06,quarta-feira,09:36:00,MA,135,62,BACABEIRA,Não guardar distância de segurança,Colisão traseira,Com Vítimas Feridas,Pleno dia,Crescente,Céu Claro,Simples,Reta,Não,2,0,1,0,1,0,1,2,-3.06977896,-44.32330426,SR-MA,UOP02,DEL01
283109,2020-05-06,quarta-feira,02:00:00,MA,230,90.1,SAO JOAO DOS PATOS,Defeito Mecânico no Veículo,Tombamento,Com Vítimas Feridas,Plena Noite,Crescente,Céu Claro,Simples,Não Informado,Não,2,0,1,0,0,1,1,1,-6.49944453,-43.68407151,SR-PI,UOP01,DEL03
283172,2020-05-06,quarta-feira,20:30:00,MA,10,245,IMPERATRIZ,Não guardar distância de segurança,Colisão traseira,Com Vítimas Feridas,Plena Noite,Crescente,Céu Claro,Simples,Reta,Sim,2,0,1,0,1,0,1,2,-5.58747,-47.434659,SR-MA,UOP01,DEL04
283319,2020-05-07,quinta-feira,07:00:00,MA,230,404,BALSAS,Falta de Atenção à Condução,Colisão lateral,Com Vítimas Feridas,Amanhecer,Decrescente,Céu Claro,Simples,Interseção de vias,Não,2,0,1,0,1,0,1,2,-7.52339895,-46.04122203,SR-MA,UOP01,DEL05
283354,2020-05-07,quinta-feira,17:30:00,MA,230,393,BALSAS,Falta de Atenção à Condução,Tombamento,Sem Vítimas,Pleno dia,Decrescente,Céu Claro,Simples,Reta,Não,2,0,0,0,2,0,0,1,-7.43367681,-46.00283242,SR-MA,UOP01,DEL05
283488,2020-05-08,sexta-feira,21:30:00,MA,316,596.1,TIMON,Desobediência às normas de trânsito pelo condutor,Colisão frontal,Com Vítimas Fatais,Plena Noite,Decrescente,Céu Claro,Simples,Reta,Não,3,2,0,0,1,0,0,2,-5.017139,-42.989258,SR-MA,UOP02,DEL03
283557,2020-05-09,sábado,11:30:00,MA,316,546,CAXIAS,Desobediência às normas de trânsito pelo condutor,Colisão transversal,Com Vítimas Feridas,Pleno dia,Crescente,Céu Claro,Simples,Rotatória,Não,3,0,2,0,1,0,2,2,-4.875501,-43.395222,SR-MA,UOP02,DEL03
283588,2020-04-03,sexta-feira,19:50:00,MA,316,596,TIMON,Desobediência às normas de trânsito pelo condutor,Colisão lateral,Com Vítimas Fatais,Plena Noite,Crescente,Céu Claro,Simples,Reta,Não,2,1,0,0,0,1,0,2,-5.017139,-42.989258,SR-MA,UOP02,DEL03
283848,2020-05-10,domingo,16:30:00,MA,222,652,ACAILANDIA,Avarias e/ou desgaste excessivo no pneu,Tombamento,Sem Vítimas,Anoitecer,Crescente,Céu Claro,Simples,Não Informado,Não,1,0,0,0,1,0,0,1,-4.8587177,-47.3176378,SR-MA,UOP03,DEL04
283889,2020-05-10,domingo,20:50:00,MA,135,10.7,SAO LUIS,Ingestão de Álcool,Colisão traseira,Com Vítimas Feridas,Plena Noite,Crescente,Chuva,Dupla,Interseção de vias,Sim,2,0,0,1,0,1,1,2,-2.655912,-44.28629098,SR-MA,UOP01,DEL01
283965,2020-05-11,segunda-feira,16:34:00,MA,316,262.6,SANTA INES,Falta de Atenção à Condução,Colisão transversal,Com Vítimas Feridas,Pleno dia,Crescente,Sol,Simples,Reta,Sim,2,0,1,0,1,0,1,2,-3.675505,-45.380474,SR-MA,UOP01,DEL02
283990,2020-05-11,segunda-feira,17:00:00,MA,10,250.9,IMPERATRIZ,Falta de Atenção à Condução,Colisão transversal,Com Vítimas Feridas,Pleno dia,Crescente,Céu Claro,Simples,Reta,Sim,3,0,2,0,1,0,2,2,-5.543249,-47.464447,SR-MA,UOP01,DEL04
284073,2020-05-12,terça-feira,10:00:00,MA,10,256,IMPERATRIZ,Falta de Atenção à Condução,Colisão lateral,Com Vítimas Feridas,Pleno dia,Decrescente,Céu Claro,Múltipla,Reta,Sim,3,0,1,1,1,0,2,2,-5.499715,-47.471836,SR-MA,UOP01,DEL04
284098,2020-05-12,terça-feira,14:00:00,MA,230,544,CAROLINA,Defeito Mecânico no Veículo,Incêndio,Sem Vítimas,Pleno dia,Decrescente,Sol,Simples,Reta,Não,1,0,0,0,1,0,0,1,-7.4085379,-47.21575696,SR-MA,UOP01,DEL05
284102,2020-05-12,terça-feira,12:00:00,MA,135,5.4,SAO LUIS,Falta de Atenção à Condução,Colisão transversal,Com Vítimas Feridas,Pleno dia,Decrescente,Nublado,Dupla,Reta,Sim,2,0,0,1,0,1,1,2,-2.62145385,-44.25797421,SR-MA,UOP01,DEL01
284262,2020-05-13,quarta-feira,10:20:00,MA,10,244.3,IMPERATRIZ,Defeito na Via,Tombamento,Com Vítimas Feridas,Pleno dia,Crescente,Céu Claro,Simples,Reta,Não,3,0,2,0,1,0,2,1,-5.596112,-47.42886,SR-MA,UOP01,DEL04
284321,2020-05-13,quarta-feira,17:30:00,MA,10,168,PORTO FRANCO,Desobediência às normas de trânsito pelo condutor,Colisão lateral,Com Vítimas Feridas,Pleno dia,Crescente,Céu Claro,Simples,Reta,Não,1,0,1,0,0,0,1,1,-6.248398,-47.352127,SR-MA,UOP02,DEL04
284350,2020-05-13,quarta-feira,17:30:00,MA,222,444,SANTA LUZIA,Velocidade Incompatível,Tombamento,Sem Vítimas,Anoitecer,Decrescente,Céu Claro,Simples,Curva,Não,1,0,0,0,1,0,0,1,-4.07737348,-45.93760274,SR-MA,UOP01,DEL02
284380,2020-04-03,sexta-feira,18:40:00,MA,10,220,GOVERNADOR EDISON LOBAO,Restrição de Visibilidade,Colisão frontal,Com Vítimas Feridas,Plena Noite,Decrescente,Céu Claro,Simples,Reta,Não,5,0,1,0,1,3,1,3,-5.790822,-47.359116,SR-MA,UOP01,DEL04
284436,2020-05-14,quinta-feira,17:00:00,MA,316,571,CAXIAS,Ingestão de Álcool,Colisão traseira,Sem Vítimas,Pleno dia,Decrescente,Céu Claro,Simples,Reta,Não,2,0,0,0,2,0,0,2,-4.924618,-43.192001,SR-MA,UOP02,DEL03
284516,2020-05-15,sexta-feira,07:30:00,MA,135,90,ITAPECURU MIRIM,Falta de Atenção à Condução,Colisão lateral,Com Vítimas Feridas,Pleno dia,Crescente,Céu Claro,Simples,Reta,Não,2,0,0,1,1,0,1,2,-3.29245794,-44.41526719,SR-MA,UOP02,DEL01
284570,2020-05-15,sexta-feira,14:45:00,MA,135,11,SAO LUIS,Falta de Atenção à Condução,Colisão transversal,Com Vítimas Feridas,Pleno dia,Decrescente,Nublado,Dupla,Reta,Sim,3,0,2,0,0,1,2,2,-2.66470782,-44.28673431,SR-MA,UOP01,DEL01
284595,2020-05-15,sexta-feira,18:30:00,MA,222,660,ACAILANDIA,Sinalização da via insuficiente ou inadequada,Atropelamento de Pedestre,Com Vítimas Fatais,Plena Noite,Crescente,Céu Claro,Simples,Não Informado,Sim,2,1,0,0,0,1,0,1,-4.89772476,-47.39135027,SR-MA,UOP03,DEL04
284686,2020-05-15,sexta-feira,22:00:00,MA,222,321,ACAILANDIA,Velocidade Incompatível,Colisão frontal,Com Vítimas Feridas,Plena Noite,Crescente,Céu Claro,Simples,Reta,Sim,2,0,0,2,0,0,2,2,-4.9458475,-47.5032618,SR-MA,UOP01,DEL02
284719,2020-05-16,sábado,09:30:00,MA,316,259,SANTA INES,Falta de Atenção do Pedestre,Atropelamento de Pedestre,Com Vítimas Fatais,Pleno dia,Crescente,Céu Claro,Simples,Reta,Sim,2,1,0,0,1,0,0,1,-3.662971,-45.400261,SR-MA,UOP01,DEL02
284868,2020-05-17,domingo,00:10:00,MA,135,2.7,SAO LUIS,Falta de Atenção à Condução,Saída de leito carroçável,Sem Vítimas,Plena Noite,Decrescente,Chuva,Dupla,Curva,Sim,1,0,0,0,1,0,0,1,-2.59806699,-44.24573511,SR-MA,UOP01,DEL01
284923,2020-05-17,domingo,10:30:00,MA,10,251,IMPERATRIZ,Falta de Atenção do Pedestre,Atropelamento de Pedestre,Com Vítimas Feridas,Pleno dia,Decrescente,Céu Claro,Simples,Reta,Sim,2,0,1,0,1,0,1,1,-5.543249,-47.464447,SR-MA,UOP01,DEL04
285004,2020-05-17,domingo,18:45:00,MA,10,249,IMPERATRIZ,Desobediência às normas de trânsito pelo condutor,Colisão lateral,Com Vítimas Feridas,Plena Noite,Crescente,Céu Claro,Simples,Reta,Sim,2,0,1,0,1,0,1,2,-5.558508,-47.45417,SR-MA,UOP01,DEL04
285127,2020-05-18,segunda-feira,09:40:00,MA,135,4,SAO LUIS,Falta de Atenção à Condução,Colisão traseira,Com Vítimas Feridas,Pleno dia,Crescente,Céu Claro,Dupla,Reta,Não,2,0,0,1,1,0,1,2,-2.53073,-44.3068,SR-MA,UOP01,DEL01
285182,2020-05-18,segunda-feira,18:30:00,MA,230,399.7,BALSAS,Ingestão de Álcool,Atropelamento de Pedestre,Com Vítimas Feridas,Plena Noite,Decrescente,Céu Claro,Simples,Reta,Não,3,0,3,0,0,0,3,2,-7.42187065,-45.95581055,SR-MA,UOP01,DEL05
285201,2020-05-18,segunda-feira,20:15:00,MA,316,404.7,ALTO ALEGRE DO MARANHAO,Desobediência às normas de trânsito pelo condutor,Colisão traseira,Com Vítimas Feridas,Plena Noite,Decrescente,Céu Claro,Simples,Reta,Não,2,0,0,1,0,1,1,2,-4.231411,-44.442635,SR-MA,UOP01,DEL03
285210,2020-05-18,segunda-feira,20:00:00,MA,135,49,BACABEIRA,Defeito na Via,Colisão lateral,Sem Vítimas,Plena Noite,Crescente,Céu Claro,Dupla,Reta,Sim,1,0,0,0,1,0,0,1,-2.95543489,-44.32401174,SR-MA,UOP01,DEL01
285289,2020-05-19,terça-feira,11:00:00,MA,10,297.6,SAO FRANCISCO DO BREJAO,Velocidade Incompatível,Saída de leito carroçável,Com Vítimas Feridas,Pleno dia,Decrescente,Céu Claro,Simples,Reta,Não,2,0,0,1,0,1,1,1,-5.140039,-47.543011,SR-MA,UOP03,DEL04
285337,2020-05-19,terça-feira,16:40:00,MA,10,374,ITINGA DO MARANHAO,Defeito na Via,Saída de leito carroçável,Com Vítimas Feridas,Pleno dia,Crescente,Ignorado,Simples,Reta,Não,2,0,0,1,1,0,1,1,-4.478869,-47.511242,SR-MA,UOP03,DEL04
285383,2020-05-19,terça-feira,16:30:00,MA,135,175.1,SAO MATEUS DO MARANHAO,Defeito na Via,Queda de ocupante de veículo,Com Vítimas Fatais,Pleno dia,Crescente,Céu Claro,Simples,Reta,Não,3,1,0,1,0,1,1,2,-3.97634412,-44.47441039,SR-MA,UOP02,DEL01
285484,2020-05-20,quarta-feira,19:10:00,MA,135,98,ITAPECURU MIRIM,Deficiência ou não Acionamento do Sistema de Iluminação/Sinalização do Veículo,Colisão traseira,Com Vítimas Feridas,Plena Noite,Decrescente,Nublado,Simples,Reta,Não,1,0,0,1,0,0,1,1,-3.348353,-44.46035,SR-MA,UOP02,DEL01
285495,2020-05-20,quarta-feira,19:45:00,MA,222,208,ITAPECURU MIRIM,Falta de Atenção à Condução,Danos eventuais,Com Vítimas Feridas,Plena Noite,Decrescente,Céu Claro,Simples,Reta,Não,2,0,1,0,0,1,1,2,-3.38955108,-44.36536789,SR-MA,UOP02,DEL01
285833,2020-05-22,sexta-feira,19:30:00,MA,135,232,PERITORO,Defeito na Via,Tombamento,Sem Vítimas,Plena Noite,Decrescente,Céu Claro,Simples,Reta,Não,1,0,0,0,1,0,0,1,-4.42686418,-44.36125185,SR-MA,UOP01,DEL03
285916,2020-05-23,sábado,12:20:00,MA,135,11,SAO LUIS,Desobediência às normas de trânsito pelo condutor,Colisão transversal,Com Vítimas Feridas,Pleno dia,Decrescente,Céu Claro,Dupla,Reta,Sim,2,0,0,1,1,0,1,2,-2.66470782,-44.28673431,SR-MA,UOP01,DEL01
286050,2020-05-23,sábado,18:55:00,MA,10,230,GOVERNADOR EDISON LOBAO,Ingestão de Álcool,Colisão traseira,Com Vítimas Fatais,Plena Noite,Crescente,Céu Claro,Simples,Reta,Sim,3,2,0,0,1,0,0,2,-5.700813,-47.360264,SR-MA,UOP01,DEL04
286056,2020-05-24,domingo,04:15:00,MA,316,617.6,TIMON,Carga excessiva e/ou mal acondicionada,Tombamento,Com Vítimas Feridas,Plena Noite,Decrescente,Céu Claro,Dupla,Reta,Sim,1,0,1,0,0,0,1,1,-5.102445,-42.829098,SR-MA,UOP02,DEL03
286060,2020-05-23,sábado,22:50:00,MA,222,669.5,ACAILANDIA,Animais na Pista,Atropelamento de Animal,Com Vítimas Feridas,Plena Noite,Decrescente,Céu Claro,Simples,Reta,Sim,2,0,1,1,0,0,2,1,-4.9115858,-47.41511612,SR-MA,UOP03,DEL04
286159,2020-05-24,domingo,18:15:00,MA,230,404,BALSAS,Ingestão de Álcool,Colisão lateral,Com Vítimas Feridas,Plena Noite,Crescente,Céu Claro,Dupla,Rotatória,Sim,2,0,0,1,1,0,1,2,-7.52199146,-46.04801785,SR-MA,UOP01,DEL05
286196,2020-05-24,domingo,10:40:00,MA,316,590.8,TIMON,Falta de Atenção à Condução,Colisão transversal,Com Vítimas Feridas,Pleno dia,Crescente,Céu Claro,Simples,Desvio Temporário,Não,4,0,0,2,2,0,2,2,-4.998977,-43.039589,SR-MA,UOP02,DEL03
286240,2020-05-25,segunda-feira,05:40:00,MA,135,91,ITAPECURU MIRIM,Desobediência às normas de trânsito pelo condutor,Colisão frontal,Com Vítimas Feridas,Amanhecer,Crescente,Céu Claro,Simples,Reta,Não,2,0,1,0,1,0,1,2,-3.30084116,-44.41853282,SR-MA,UOP02,DEL01
286278,2020-05-25,segunda-feira,13:00:00,MA,135,10.7,SAO LUIS,Falta de Atenção à Condução,Colisão traseira,Com Vítimas Feridas,Pleno dia,Crescente,Céu Claro,Dupla,Reta,Sim,4,0,3,0,1,0,3,2,-2.655912,-44.28629098,SR-MA,UOP01,DEL01
286333,2020-05-25,segunda-feira,18:30:00,MA,135,236.1,PERITORO,Ultrapassagem Indevida,Colisão frontal,Com Vítimas Feridas,Plena Noite,Crescente,Céu Claro,Simples,Reta,Sim,2,0,1,0,1,0,1,2,-4.45660811,-44.37793063,SR-MA,UOP01,DEL03
286364,2020-05-25,segunda-feira,20:00:00,MA,230,410.9,BALSAS,Ingestão de Álcool,Colisão traseira,Com Vítimas Feridas,Plena Noite,Decrescente,Chuva,Simples,Não Informado,Não,2,0,2,0,0,0,2,2,-7.51005225,-46.09295409,SR-MA,UOP01,DEL05
286606,2020-05-27,quarta-feira,07:10:00,MA,135,2.5,SAO LUIS,Falta de Atenção à Condução,Tombamento,Com Vítimas Feridas,Pleno dia,Crescente,Céu Claro,Dupla,Curva,Sim,1,0,1,0,0,0,1,1,-2.59806699,-44.24573511,SR-MA,UOP01,DEL01
286796,2020-05-28,quinta-feira,09:00:00,MA,316,358,BACABAL,Desobediência às normas de trânsito pelo condutor,Colisão frontal,Com Vítimas Fatais,Pleno dia,Crescente,Céu Claro,Simples,Reta,Sim,2,1,0,0,1,0,0,2,-4.228479,-44.810673,SR-MA,UOP01,DEL02
286866,2020-05-28,quinta-feira,19:10:00,MA,316,551,CAXIAS,Pista Escorregadia,Queda de ocupante de veículo,Com Vítimas Feridas,Plena Noite,Crescente,Nublado,Dupla,Reta,Sim,2,0,2,0,0,0,2,1,-4.886332,-43.353386,SR-MA,UOP02,DEL03
286991,2020-05-29,sexta-feira,12:00:00,MA,222,672.8,ACAILANDIA,Desobediência às normas de trânsito pelo condutor,Colisão transversal,Com Vítimas Feridas,Pleno dia,Crescente,Céu Claro,Simples,Reta,Sim,3,0,1,0,2,0,1,2,-4.92508085,-47.43821808,SR-MA,UOP03,DEL04
287114,2020-05-30,sábado,07:40:00,MA,226,192.3,PRESIDENTE DUTRA,Defeito na Via,Colisão com objeto estático,Com Vítimas Fatais,Pleno dia,Crescente,Céu Claro,Simples,Reta,Não,1,1,0,0,0,0,0,1,-5.30001987,-44.40121403,SR-MA,UOP02,DEL03
287215,2020-05-30,sábado,07:30:00,MA,222,442,SANTA LUZIA,Defeito na Via,Colisão frontal,Com Vítimas Feridas,Pleno dia,Crescente,Céu Claro,Simples,Curva,Não,2,0,0,1,1,0,1,2,-4.08048979,-45.92239716,SR-MA,UOP01,DEL02