id,data_inversa,dia_semana,horario,uf,br,km,municipio,causa_acidente,tipo_acidente,classificacao_acidente,fase_dia,sentido_via,condicao_metereologica,tipo_pista,tracado_via,uso_solo,pessoas,mortos,feridos_leves,feridos_graves,ilesos,ignorados,feridos,veiculos,latitude,longitude,regional,delegacia,uop
298780,2020-08-01,sábado,07:50:00,MA,10,249,IMPERATRIZ,Objeto estático sobre o leito carroçável,Colisão com objeto estático,Com Vítimas Feridas,Pleno dia,Crescente,Céu Claro,Simples,Reta,Sim,1,0,1,0,0,0,1,1,-5.558508,-47.45417,SR-MA,UOP01,DEL04
298799,2020-08-01,sábado,11:00:00,MA,10,100.3,ESTREITO,Desobediência às normas de trânsito pelo condutor,Colisão com objeto estático,Com Vítimas Fatais,Pleno dia,Decrescente,Sol,Simples,Reta,Não,2,1,0,0,0,1,0,1,-6.793124,-47.434818,SR-MA,UOP02,DEL04
298822,2020-08-01,sábado,16:30:00,MA,135,46,BACABEIRA,Falta de Atenção à Condução,Colisão traseira,Sem Vítimas,Pleno dia,Decrescente,Sol,Dupla,Não Informado,Não,2,0,0,0,2,0,0,2,-2.93050867,-44.33424959,SR-MA,UOP01,DEL01
298836,2020-08-01,sábado,19:20:00,MA,10,238,DAVINOPOLIS,Desobediência às normas de trânsito pelo pedestre,Atropelamento de Pedestre,Com Vítimas Feridas,Plena Noite,Crescente,Céu Claro,Simples,Reta,Não,2,0,0,1,1,0,1,1,-5.640739,-47.398945,SR-MA,UOP01,DEL04
298848,2020-08-01,sábado,19:30:00,MA,230,372,BALSAS,Falta de Atenção à Condução,Colisão transversal,Com Vítimas Feridas,Plena Noite,Crescente,Céu Claro,Simples,Reta,Não,2,0,1,0,1,0,1,2,-7.26290583,-45.91897233,SR-MA,UOP01,DEL05
298860,2020-08-01,sábado,22:06:00,MA,135,1.8,SAO LUIS,Defeito Mecânico no Veículo,Incêndio,Sem Vítimas,Plena Noite,Crescente,Ignorado,Dupla,Reta,Sim,1,0,0,0,0,1,0,1,-2.59680847,-44.24566627,SR-MA,UOP01,DEL01
298918,2020-08-01,sábado,18:00:00,MA,316,376,BACABAL,Falta de Atenção à Condução,Saída de leito carroçável,Com Vítimas Feridas,Anoitecer,Crescente,Céu Claro,Simples,Interseção de vias,Não,1,0,0,1,0,0,1,1,-4.21305997,-44.65169907,SR-MA,UOP01,DEL03
299049,2020-08-02,domingo,17:55:00,MA,316,617,TIMON,Desobediência às normas de trânsito pelo condutor,Colisão transversal,Com Vítimas Feridas,Pleno dia,Crescente,Céu Claro,Dupla,Reta,Sim,2,0,1,0,1,0,1,2,-5.08863054,-42.83571482,SR-MA,UOP02,DEL03
299090,2020-08-02,domingo,20:40:00,MA,316,571,CAXIAS,Falta de Atenção à Condução,Colisão traseira,Sem Vítimas,Plena Noite,Decrescente,Céu Claro,Simples,Reta,Não,3,0,0,0,2,1,0,2,-4.924618,-43.192001,SR-MA,UOP02,DEL03
299142,2020-08-03,segunda-feira,01:00:00,MA,10,239,DAVINOPOLIS,Desobediência às normas de trânsito pelo condutor,Colisão frontal,Com Vítimas Feridas,Plena Noite,Crescente,Céu Claro,Simples,Reta,Sim,2,0,1,1,0,0,2,2,-5.633298,-47.403919,SR-MA,UOP01,DEL04
299289,2020-08-03,segunda-feira,16:30:00,MA,135,3,SAO LUIS,Falta de Atenção à Condução,Colisão transversal,Com Vítimas Feridas,Pleno dia,Decrescente,Céu Claro,Dupla,Não Informado,Sim,4,0,0,1,3,0,1,2,-2.606802,-44.247512,SR-MA,UOP01,DEL01
299336,2020-08-03,segunda-feira,21:00:00,MA,135,22.5,SAO LUIS,Falta de Atenção à Condução,Colisão frontal,Sem Vítimas,Plena Noite,Decrescente,Céu Claro,Dupla,Reta,Sim,2,0,0,0,2,0,0,2,-2.74596712,-44.34234384,SR-MA,UOP01,DEL01
299455,2020-08-04,terça-feira,13:30:00,MA,10,164,PORTO FRANCO,Falta de Atenção à Condução,Colisão frontal,Com Vítimas Feridas,Pleno dia,Decrescente,Céu Claro,Simples,Reta,Não,2,0,0,1,1,0,1,2,-6.284359,-47.360458,SR-MA,UOP02,DEL04
299573,2020-08-05,quarta-feira,09:30:00,MA,316,291,PIO XII,Defeito na Via,Tombamento,Sem Vítimas,Pleno dia,Decrescente,Céu Claro,Simples,Curva,Sim,1,0,0,0,1,0,0,1,-3.82923,-45.190002,SR-MA,UOP01,DEL02
299660,2020-08-05,quarta-feira,14:30:00,MA,10,295,SAO FRANCISCO DO BREJAO,Condutor Dormindo,Colisão frontal,Com Vítimas Feridas,Pleno dia,Decrescente,Céu Claro,Simples,Reta,Não,3,0,1,0,2,0,1,3,-5.157523,-47.53841,SR-MA,UOP01,DEL04
299838,2020-08-06,quinta-feira,09:40:00,MA,222,603,ACAILANDIA,Defeito na Via,Capotamento,Com Vítimas Feridas,Pleno dia,Crescente,Céu Claro,Simples,Curva,Não,1,0,0,1,0,0,1,1,-4.66563904,-46.97092894,SR-MA,UOP03,DEL04
299871,2020-08-06,quinta-feira,20:15:00,MA,135,4,SAO LUIS,Desobediência às normas de trânsito pelo condutor,Atropelamento de Pedestre,Com Vítimas Fatais,Plena Noite,Crescente,Céu Claro,Dupla,Reta,Sim,2,1,0,0,0,1,0,1,-2.61424881,-44.25257023,SR-MA,UOP01,DEL01
299872,2020-08-06,quinta-feira,07:30:00,MA,135,2,SAO LUIS,Não guardar distância de segurança,Colisão traseira,Com Vítimas Feridas,Pleno dia,Decrescente,Céu Claro,Dupla,Reta,Sim,2,0,1,0,1,0,1,2,-2.59806699,-44.24573511,SR-MA,UOP01,DEL01
300083,2020-08-07,sexta-feira,20:40:00,MA,230,6,BARAO DE GRAJAU,Falta de Atenção à Condução,Colisão com objeto estático,Com Vítimas Feridas,Plena Noite,Decrescente,Céu Claro,Simples,Rotatória,Sim,2,0,1,1,0,0,2,1,-6.74245417,-43.05920207,SR-PI,UOP01,DEL03
300121,2020-08-08,sábado,01:30:00,MA,10,246.5,IMPERATRIZ,Falta de Atenção à Condução,Colisão transversal,Com Vítimas Feridas,Plena Noite,Decrescente,Céu Claro,Simples,Reta,Sim,2,0,0,1,1,0,1,2,-5.581313,-47.438831,SR-MA,UOP01,DEL04
300125,2020-08-08,sábado,03:15:00,MA,316,412.5,ALTO ALEGRE DO MARANHAO,Falta de Atenção à Condução,Colisão frontal,Com Vítimas Fatais,Plena Noite,Crescente,Céu Claro,Simples,Reta,Não,3,1,0,0,2,0,0,2,-4.298169,-44.415096,SR-MA,UOP01,DEL03
300133,2020-08-08,sábado,04:50:00,MA,135,34,BACABEIRA,Animais na Pista,Atropelamento de Animal,Com Vítimas Feridas,Amanhecer,Decrescente,Céu Claro,Dupla,Reta,Não,3,0,0,1,1,1,1,2,-2.840086,-44.37459507,SR-MA,UOP01,DEL01
300135,2020-08-08,sábado,07:00:00,MA,10,257.1,IMPERATRIZ,Falta de Atenção à Condução,Colisão traseira,Com Vítimas Feridas,Pleno dia,Crescente,Sol,Simples,Reta,Sim,3,0,1,0,2,0,1,2,-5.481554,-47.472092,SR-MA,UOP01,DEL04
300183,2020-08-08,sábado,06:30:00,MA,135,60,BACABEIRA,Não guardar distância de segurança,Colisão traseira,Com Vítimas Fatais,Pleno dia,Crescente,Céu Claro,Simples,Reta,Não,3,2,0,0,0,1,0,2,-3.05225689,-44.31876443,SR-MA,UOP02,DEL01
300197,2020-08-08,sábado,10:30:00,MA,135,128,MIRANDA DO NORTE,Velocidade Incompatível,Saída de leito carroçável,Com Vítimas Fatais,Pleno dia,Decrescente,Céu Claro,Simples,Reta,Não,4,2,2,0,0,0,2,1,-3.57638703,-44.57908607,SR-MA,UOP02,DEL01
300290,2020-08-08,sábado,17:40:00,MA,135,180.8,SAO MATEUS DO MARANHAO,Desobediência às normas de trânsito pelo condutor,Colisão transversal,Com Vítimas Feridas,Anoitecer,Crescente,Céu Claro,Simples,Curva,Sim,2,0,1,0,1,0,1,2,-4.02061306,-44.46649723,SR-MA,UOP01,DEL03
300514,2020-08-09,domingo,01:40:00,MA,230,121,PARAIBANO,Falta de Atenção à Condução,Saída de leito carroçável,Com Vítimas Feridas,Amanhecer,Decrescente,Céu Claro,Simples,Não Informado,Não,1,0,1,0,0,0,1,1,-6.54195247,-43.92377878,SR-MA,UOP01,DEL05
300515,2020-08-09,domingo,20:00:00,MA,135,301.5,DOM PEDRO,Falta de Atenção à Condução,Colisão frontal,Com Vítimas Fatais,Plena Noite,Decrescente,Céu Claro,Simples,Reta,Não,3,2,1,0,0,0,1,2,-4.97267309,-44.41108132,SR-MA,UOP01,DEL03
300519,2020-08-09,domingo,15:00:00,MA,230,406,BALSAS,Falta de Atenção à Condução,Colisão traseira,Com Vítimas Fatais,Pleno dia,Decrescente,Céu Claro,Simples,Reta,Sim,2,1,0,0,1,0,0,2,-7.51971965,-46.05845601,SR-MA,UOP01,DEL05
300536,2020-08-09,domingo,15:20:00,MA,135,156.5,MATOES DO NORTE,Ingestão de Álcool,Colisão frontal,Com Vítimas Feridas,Pleno dia,Crescente,Nevoeiro/Neblina,Simples,Reta,Não,10,0,8,1,1,0,9,2,-3.81361914,-44.51476862,SR-MA,UOP02,DEL01
300539,2020-08-09,domingo,09:40:00,MA,316,615,TIMON,Desobediência às normas de trânsito pelo condutor,Colisão transversal,Com Vítimas Feridas,Pleno dia,Decrescente,Céu Claro,Simples,Reta,Não,2,0,2,0,0,0,2,2,-5.086548,-42.837265,SR-MA,UOP02,DEL03
300543,2020-08-09,domingo,17:45:00,MA,226,143.6,SENADOR ALEXANDRE COSTA,Ingestão de Álcool,Colisão traseira,Com Vítimas Fatais,Anoitecer,Crescente,Céu Claro,Simples,Reta,Não,3,1,0,1,1,0,1,2,-5.31645864,-43.99800288,SR-MA,UOP02,DEL03
300552,2020-08-09,domingo,05:00:00,MA,222,627,ACAILANDIA,Velocidade Incompatível,Saída de leito carroçável,Com Vítimas Fatais,Plena Noite,Decrescente,Céu Claro,Simples,Reta,Não,1,1,0,0,0,0,0,1,-4.77539655,-47.08598515,SR-MA,UOP03,DEL04
300627,2020-08-10,segunda-feira,07:50:00,MA,316,524.5,CAXIAS,Mal Súbito,Saída de leito carroçável,Com Vítimas Feridas,Pleno dia,Crescente,Céu Claro,Simples,Reta,Não,1,0,1,0,0,0,1,1,-4.79143,-43.572159,SR-MA,UOP02,DEL03
300708,2020-08-10,segunda-feira,16:25:00,MA,135,16,SAO LUIS,Falta de Atenção à Condução,Colisão traseira,Com Vítimas Feridas,Pleno dia,Crescente,Chuva,Dupla,Reta,Sim,3,0,1,0,2,0,1,2,-2.70264079,-44.31049629,SR-MA,UOP01,DEL01
300795,2020-08-11,terça-feira,08:00:00,MA,135,10.1,SAO LUIS,Desobediência às normas de trânsito pelo condutor,Colisão transversal,Com Vítimas Feridas,Pleno dia,Crescente,Céu Claro,Dupla,Reta,Sim,3,0,1,0,0,2,1,1,-2.655912,-44.28629098,SR-MA,UOP01,DEL01
300848,2020-07-24,sexta-feira,17:20:00,MA,10,146,PORTO FRANCO,Desobediência às normas de trânsito pelo condutor,Colisão frontal,Com Vítimas Feridas,Anoitecer,Crescente,Céu Claro,Simples,Reta,Não,3,0,0,3,0,0,3,2,-6.442968,-47.396965,SR-MA,UOP02,DEL04
300859,2020-08-11,terça-feira,15:10:00,MA,135,108.1,ANAJATUBA,Condutor Dormindo,Colisão lateral,Com Vítimas Feridas,Pleno dia,Crescente,Céu Claro,Simples,Reta,Não,2,0,0,1,1,0,1,2,-3.41828,-44.515209,SR-MA,UOP02,DEL01
301042,2020-07-29,quarta-feira,20:20:00,MA,222,209,ITAPECURU MIRIM,Velocidade Incompatível,Capotamento,Com Vítimas Fatais,Plena Noite,Crescente,Ignorado,Dupla,Reta,Sim,6,2,3,0,1,0,3,3,-3.39778374,-44.35696386,SR-MA,UOP02,DEL01
301069,2020-08-12,quarta-feira,15:30:00,MA,316,600,TIMON,Falta de Atenção à Condução,Colisão transversal,Com Vítimas Feridas,Pleno dia,Crescente,Céu Claro,Simples,Reta,Não,5,0,3,1,1,0,4,2,-5.02163843,-42.96464324,SR-MA,UOP02,DEL03
301189,2020-07-28,terça-feira,16:00:00,MA,135,130,MIRANDA DO NORTE,Falta de Atenção à Condução,Colisão transversal,Com Vítimas Feridas,Pleno dia,Decrescente,Céu Claro,Simples,Reta,Não,3,0,0,3,0,0,3,2,-3.59259014,-44.5711333,SR-MA,UOP02,DEL01
301240,2020-08-13,quinta-feira,17:00:00,MA,135,14,SAO LUIS,Não guardar distância de segurança,Colisão traseira,Sem Vítimas,Pleno dia,Decrescente,Sol,Dupla,Reta,Sim,2,0,0,0,2,0,0,2,-2.68792341,-44.30009651,SR-MA,UOP01,DEL01
301411,2020-08-14,sexta-feira,11:00:00,MA,10,246,IMPERATRIZ,Desobediência às normas de trânsito pelo condutor,Colisão transversal,Com Vítimas Feridas,Pleno dia,Crescente,Céu Claro,Simples,Reta,Sim,2,0,1,0,1,0,1,2,-5.573496,-47.444033,SR-MA,UOP01,DEL04
301508,2020-08-14,sexta-feira,13:10:00,MA,316,456,PERITORO,Desobediência às normas de trânsito pelo condutor,Colisão frontal,Com Vítimas Feridas,Pleno dia,Crescente,Céu Claro,Simples,Reta,Não,4,0,1,1,2,0,2,3,-4.503903,-44.091118,SR-MA,UOP01,DEL03
301614,2020-08-15,sábado,11:45:00,MA,222,673.2,ACAILANDIA,Ultrapassagem Indevida,Colisão transversal,Com Vítimas Feridas,Pleno dia,Crescente,Céu Claro,Simples,Reta,Sim,2,0,1,0,1,0,1,2,-4.92960481,-47.44590111,SR-MA,UOP03,DEL04
301618,2020-08-15,sábado,11:30:00,MA,135,15.9,SAO LUIS,Falta de Atenção à Condução,Colisão lateral,Com Vítimas Feridas,Pleno dia,Decrescente,Sol,Dupla,Desvio Temporário,Sim,3,0,1,0,2,0,1,2,-2.69540095,-44.30511707,SR-MA,UOP01,DEL01
301638,2020-08-14,sexta-feira,12:50:00,MA,135,163,MATOES DO NORTE,Desobediência às normas de trânsito pelo condutor,Saída de leito carroçável,Com Vítimas Feridas,Pleno dia,Decrescente,Sol,Simples,Reta,Não,1,0,1,0,0,0,1,1,-3.87175313,-44.49513627,SR-MA,UOP02,DEL01
301642,2020-08-15,sábado,14:40:00,MA,316,552,CAXIAS,Desobediência às normas de trânsito pelo condutor,Colisão transversal,Com Vítimas Feridas,Pleno dia,Crescente,Céu Claro,Dupla,Rotatória,Sim,2,0,1,0,1,0,1,2,-4.882649,-43.345581,SR-MA,UOP02,DEL03
301717,2020-08-15,sábado,20:00:00,MA,135,105,ITAPECURU MIRIM,Deficiência ou não Acionamento do Sistema de Iluminação/Sinalização do Veículo,Colisão traseira,Sem Vítimas,Plena Noite,Crescente,Céu Claro,Simples,Reta,Não,3,0,0,0,2,1,0,2,-3.39583238,-44.50239179,SR-MA,UOP02,DEL01
301725,2020-08-15,sábado,18:50:00,MA,10,247.8,IMPERATRIZ,Desobediência às normas de trânsito pelo condutor,Colisão transversal,Sem Vítimas,Plena Noite,Crescente,Céu Claro,Simples,Reta,Sim,2,0,0,0,2,0,0,2,-5.573772,-47.443893,SR-MA,UOP01,DEL04
301746,2020-08-15,sábado,18:55:00,MA,10,299.2,SAO FRANCISCO DO BREJAO,Falta de Atenção do Pedestre,Atropelamento de Pedestre,Com Vítimas Fatais,Plena Noite,Crescente,Céu Claro,Simples,Reta,Sim,3,1,2,0,0,0,2,1,-5.117971,-47.548754,SR-MA,UOP03,DEL04
301750,2020-08-15,sábado,18:00:00,MA,10,361,ITINGA DO MARANHAO,Desobediência às normas de trânsito pelo condutor,Colisão frontal,Com Vítimas Fatais,Anoitecer,Crescente,Ignorado,Simples,Reta,Não,3,1,1,0,1,0,1,2,-4.59314,-47.491745,SR-MA,UOP03,DEL04
301755,2020-08-15,sábado,22:10:00,MA,135,23.7,SAO LUIS,Ingestão de Álcool,Colisão transversal,Com Vítimas Feridas,Plena Noite,Decrescente,Céu Claro,Dupla,Reta,Sim,3,0,2,0,1,0,2,2,-2.75265593,-44.34833106,SR-MA,UOP01,DEL01
301830,2020-08-15,sábado,06:00:00,MA,10,318,ACAILANDIA,Falta de Atenção à Condução,Colisão com objeto estático,Sem Vítimas,Pleno dia,Crescente,Céu Claro,Simples,Desvio Temporário,Não,1,0,0,0,0,1,0,1,-4.967567,-47.512344,SR-MA,UOP03,DEL04
301854,2020-08-16,domingo,07:10:00,MA,10,301.2,CIDELANDIA,Não guardar distância de segurança,Colisão traseira,Com Vítimas Feridas,Pleno dia,Decrescente,Céu Claro,Simples,Reta,Sim,2,0,1,0,1,0,1,2,-5.100133,-47.553503,SR-MA,UOP03,DEL04
301891,2020-08-16,domingo,17:25:00,MA,135,8,SAO LUIS,Não guardar distância de segurança,Colisão lateral,Sem Vítimas,Anoitecer,Decrescente,Céu Claro,Dupla,Desvio Temporário,Sim,2,0,0,0,2,0,0,2,-2.64342093,-44.27374175,SR-MA,UOP01,DEL01
301960,2020-08-16,domingo,22:32:00,MA,316,551.9,CAXIAS,Falta de Atenção à Condução,Saída de leito carroçável,Com Vítimas Feridas,Plena Noite,Crescente,Céu Claro,Simples,Reta,Sim,5,0,3,0,2,0,3,1,-4.88667156,-43.35638523,SR-MA,UOP02,DEL03
301967,2020-08-16,domingo,21:30:00,MA,135,188.9,SAO MATEUS DO MARANHAO,Ingestão de Álcool,Colisão traseira,Com Vítimas Feridas,Plena Noite,Decrescente,Céu Claro,Simples,Reta,Não,5,0,1,0,4,0,1,2,-4.09134203,-44.47293154,SR-MA,UOP01,DEL03
302219,2020-01-14,terça-feira,00:08:00,MA,135,88,ITAPECURU MIRIM,Falta de Atenção à Condução,Queda de ocupante de veículo,Com Vítimas Feridas,Plena Noite,Crescente,Ignorado,Simples,Reta,Sim,3,0,0,1,1,1,1,2,-3.2783582,-44.40643787,SR-MA,UOP02,DEL01
302220,2020-08-18,terça-feira,15:00:00,MA,316,611.8,TIMON,Desobediência às normas de trânsito pelo condutor,Colisão frontal,Com Vítimas Fatais,Pleno dia,Decrescente,Céu Claro,Simples,Não Informado,Não,5,1,0,1,1,2,1,2,-5.072684,-42.868118,SR-MA,UOP02,DEL03
302283,2020-08-18,terça-feira,20:40:00,MA,316,550.2,CAXIAS,Falta de Atenção do Pedestre,Atropelamento de Pedestre,Com Vítimas Fatais,Plena Noite,Decrescente,Céu Claro,Simples,Reta,Sim,2,1,0,0,1,0,0,1,-4.886773,-43.362507,SR-MA,UOP02,DEL03
302288,2020-08-18,terça-feira,14:33:00,MA,316,53,MARACACUME,Falta de Atenção à Condução,Colisão transversal,Com Vítimas Feridas,Pleno dia,Crescente,Céu Claro,Simples,Reta,Sim,2,0,0,1,1,0,1,2,-2.024164,-45.971676,SR-MA,UOP02,DEL02
302376,2020-08-19,quarta-feira,14:21:00,MA,316,611,TIMON,Desobediência às normas de trânsito pelo condutor,Colisão transversal,Com Vítimas Feridas,Pleno dia,Crescente,Céu Claro,Dupla,Interseção de vias,Sim,2,0,1,0,1,0,1,2,-5.07092903,-42.87457835,SR-MA,UOP02,DEL03
302377,2020-08-19,quarta-feira,14:43:00,MA,316,547,CAXIAS,Falta de Atenção à Condução,Colisão transversal,Com Vítimas Fatais,Pleno dia,Crescente,Céu Claro,Simples,Rotatória,Não,4,2,0,0,2,0,0,2,-4.87506672,-43.39638363,SR-MA,UOP02,DEL03
302427,2020-08-06,quinta-feira,07:00:00,MA,402,156.4,BARREIRINHAS,Falta de Atenção à Condução,Tombamento,Com Vítimas Fatais,Amanhecer,Crescente,Sol,Simples,Reta,Não,11,1,5,5,0,0,10,1,-2.831426,-43.110363,SR-MA,UOP01,DEL01
302453,2020-08-15,sábado,15:55:00,MA,10,253.3,IMPERATRIZ,Desobediência às normas de trânsito pelo condutor,Colisão transversal,Com Vítimas Feridas,Pleno dia,Decrescente,Sol,Simples,Reta,Sim,2,0,2,0,0,0,2,2,-5.526911,-47.471455,SR-MA,UOP01,DEL04
302542,2020-08-20,quinta-feira,14:30:00,MA,222,666,ACAILANDIA,Ingestão de Álcool,Colisão traseira,Sem Vítimas,Pleno dia,Decrescente,Céu Claro,Simples,Desvio Temporário,Não,2,0,0,0,2,0,0,2,-4.92523508,-47.43798688,SR-MA,UOP03,DEL04
302597,2020-08-20,quinta-feira,17:40:00,MA,230,79,SAO JOAO DOS PATOS,Falta de Atenção à Condução,Tombamento,Com Vítimas Feridas,Anoitecer,Crescente,Céu Claro,Simples,Não Informado,Não,1,0,1,0,0,0,1,1,-6.48920826,-43.61979003,SR-PI,UOP01,DEL03
302668,2020-08-01,sábado,07:55:00,MA,10,249,IMPERATRIZ,Objeto estático sobre o leito carroçável,Colisão com objeto estático,Com Vítimas Feridas,Pleno dia,Crescente,Céu Claro,Simples,Reta,Sim,1,0,0,1,0,0,1,1,-5.558508,-47.45417,SR-MA,UOP01,DEL04
302901,2020-08-22,sábado,07:40:00,MA,10,253,IMPERATRIZ,Desobediência às normas de trânsito pelo condutor,Colisão transversal,Com Vítimas Feridas,Plena Noite,Decrescente,Sol,Simples,Reta,Sim,2,0,2,0,0,0,2,2,-5.526911,-47.471455,SR-MA,UOP01,DEL04
302992,2020-08-22,sábado,09:20:00,MA,135,134,MATOES DO NORTE,Defeito Mecânico no Veículo,Engavetamento,Com Vítimas Feridas,Pleno dia,Crescente,Céu Claro,Simples,Reta,Sim,4,0,2,0,2,0,2,3,-3.625066,-44.555344,SR-MA,UOP02,DEL01
302995,2020-08-22,sábado,12:30:00,MA,135,113,ITAPECURU MIRIM,Desobediência às normas de trânsito pelo condutor,Colisão traseira,Com Vítimas Feridas,Pleno dia,Decrescente,Céu Claro,Simples,Reta,Não,2,0,1,0,0,1,1,2,-3.46081702,-44.52958795,SR-MA,UOP02,DEL01
303024,2020-08-22,sábado,19:15:00,MA,316,316,OLHO DAGUA DAS CUNHAS,Desobediência às normas de trânsito pelo condutor,Colisão frontal,Com Vítimas Fatais,Plena Noite,Crescente,Céu Claro,Simples,Curva,Não,2,1,0,0,1,0,0,2,-4.037253,-45.102112,SR-MA,UOP01,DEL02
303025,2020-08-22,sábado,17:20:00,MA,222,374,PINDARE-MIRIM,Ingestão de Álcool,Colisão traseira,Com Vítimas Feridas,Pleno dia,Decrescente,Céu Claro,Simples,Reta,Não,3,0,2,0,1,0,2,3,-3.75869302,-45.44804998,SR-MA,UOP01,DEL02
303049,2020-08-22,sábado,08:20:00,MA,10,253,IMPERATRIZ,Desobediência às normas de trânsito pelo condutor,Colisão traseira,Com Vítimas Feridas,Plena Noite,Decrescente,Céu Claro,Simples,Reta,Sim,2,0,0,2,0,0,2,2,-5.52430301,-47.47153759,SR-MA,UOP01,DEL04
303204,2020-08-23,domingo,18:30:00,MA,230,85,SAO JOAO DOS PATOS,Deficiência ou não Acionamento do Sistema de Iluminação/Sinalização do Veículo,Colisão frontal,Com Vítimas Fatais,Anoitecer,Crescente,Céu Claro,Simples,Reta,Não,2,1,0,0,1,0,0,2,-6.5014996,-43.64335092,SR-PI,UOP01,DEL03
303212,2020-08-23,domingo,17:30:00,MA,10,295.9,SAO FRANCISCO DO BREJAO,Desobediência às normas de trânsito pelo condutor,Colisão traseira,Com Vítimas Feridas,Anoitecer,Crescente,Nublado,Simples,Retorno Regulamentado,Não,2,0,1,0,1,0,1,2,-5.157523,-47.53841,SR-MA,UOP03,DEL04
303270,2020-08-23,domingo,17:30:00,MA,316,197,ZE DOCA,Falta de Atenção à Condução,Tombamento,Com Vítimas Feridas,Plena Noite,Decrescente,Céu Claro,Simples,Reta,Sim,1,0,1,0,0,0,1,1,-3.268695,-45.655586,SR-MA,UOP01,DEL02
303297,2020-08-23,domingo,19:00:00,MA,10,218.2,GOVERNADOR EDISON LOBAO,Falta de Atenção à Condução,Saída de leito carroçável,Com Vítimas Fatais,Plena Noite,Crescente,Céu Claro,Simples,Reta,Não,2,1,0,1,0,0,1,1,-5.808956,-47.358917,SR-MA,UOP01,DEL04
303413,2020-08-05,quarta-feira,11:00:00,MA,10,306,ACAILANDIA,Desobediência às normas de trânsito pelo condutor,Saída de leito carroçável,Com Vítimas Feridas,Pleno dia,Decrescente,Céu Claro,Simples,Reta,Não,3,0,1,0,2,0,1,3,-5.051786,-47.554324,SR-MA,UOP03,DEL04
303447,2020-08-24,segunda-feira,14:50:00,MA,10,312.9,ACAILANDIA,Falta de Atenção à Condução,Capotamento,Sem Vítimas,Pleno dia,Crescente,Garoa/Chuvisco,Dupla,Não Informado,Não,1,0,0,0,1,0,0,1,-5.008836,-47.545898,SR-MA,UOP03,DEL04
303555,2020-08-25,terça-feira,08:50:00,MA,135,24,SAO LUIS,Desobediência às normas de trânsito pelo condutor,Colisão frontal,Com Vítimas Feridas,Pleno dia,Decrescente,Céu Claro,Dupla,Reta,Sim,2,0,1,0,1,0,1,2,-2.53073,-44.3068,SR-MA,UOP01,DEL01
303612,2020-08-25,terça-feira,16:00:00,MA,135,53,BACABEIRA,Falta de Atenção à Condução,Colisão transversal,Sem Vítimas,Pleno dia,Crescente,Céu Claro,Simples,Reta,Não,2,0,0,0,2,0,0,2,-2.98920503,-44.31246375,SR-MA,UOP02,DEL01
303741,2020-08-26,quarta-feira,07:50:00,MA,10,291,IMPERATRIZ,Desobediência às normas de trânsito pelo condutor,Colisão frontal,Com Vítimas Feridas,Pleno dia,Crescente,Céu Claro,Simples,Reta,Sim,5,0,3,1,1,0,4,3,-5.189614,-47.522278,SR-MA,UOP01,DEL04
303800,2020-08-26,quarta-feira,17:30:00,MA,10,255,IMPERATRIZ,Não guardar distância de segurança,Colisão traseira,Com Vítimas Feridas,Pleno dia,Decrescente,Sol,Simples,Reta,Sim,3,0,2,0,1,0,2,2,-5.508798,-47.471718,SR-MA,UOP01,DEL04
303822,2020-08-26,quarta-feira,22:00:00,MA,10,155,PORTO FRANCO,Animais na Pista,Atropelamento de Animal,Com Vítimas Feridas,Plena Noite,Decrescente,Céu Claro,Simples,Reta,Sim,1,0,1,0,0,0,1,1,-6.364955,-47.378895,SR-MA,UOP02,DEL04
303856,2020-08-27,quinta-feira,08:30:00,MA,316,561.1,CAXIAS,Condutor Dormindo,Saída de leito carroçável,Sem Vítimas,Pleno dia,Crescente,Céu Claro,Simples,Reta,Não,1,0,0,0,1,0,0,1,-4.888779,-43.283848,SR-MA,UOP02,DEL03
303919,2020-08-27,quinta-feira,14:45:00,MA,135,4,SAO LUIS,Falta de Atenção à Condução,Colisão transversal,Com Vítimas Feridas,Pleno dia,Crescente,Sol,Dupla,Reta,Sim,2,0,1,0,1,0,1,2,-2.61424881,-44.25257023,SR-MA,UOP01,DEL01
303949,2020-08-25,terça-feira,16:30:00,MA,230,232.6,SAO FELIX DE BALSAS,Velocidade Incompatível,Tombamento,Sem Vítimas,Pleno dia,Decrescente,Céu Claro,Simples,Não Informado,Não,1,0,0,0,1,0,0,1,-6.81213585,-44.79692008,SR-MA,UOP01,DEL05
304027,2020-08-27,quinta-feira,09:30:00,MA,10,292.8,CIDELANDIA,Ultrapassagem Indevida,Saída de leito carroçável,Com Vítimas Feridas,Pleno dia,Decrescente,Ignorado,Simples,Reta,Não,1,0,1,0,0,0,1,1,-5.165295,-47.534004,SR-MA,UOP01,DEL04
304176,2020-08-28,sexta-feira,19:15:00,MA,135,20,SAO LUIS,Ingestão de Álcool,Colisão traseira,Com Vítimas Feridas,Plena Noite,Crescente,Céu Claro,Dupla,Reta,Sim,2,0,1,0,1,0,1,2,-2.73143875,-44.33163334,SR-MA,UOP01,DEL01
304352,2020-08-29,sábado,13:14:00,MA,230,406.8,BALSAS,Falta de Atenção à Condução,Colisão lateral,Com Vítimas Feridas,Pleno dia,Crescente,Céu Claro,Simples,Não Informado,Sim,3,0,1,0,2,0,1,2,-7.51971965,-46.05845601,SR-MA,UOP01,DEL05