id,data_inversa,dia_semana,horario,uf,br,km,municipio,causa_acidente,tipo_acidente,classificacao_acidente,fase_dia,sentido_via,condicao_metereologica,tipo_pista,tracado_via,uso_solo,pessoas,mortos,feridos_leves,feridos_graves,ilesos,ignorados,feridos,veiculos,latitude,longitude,regional,delegacia,uop
325557,2020-12-04,sexta-feira,16:15:00,MA,230,356.4,SAO RAIMUNDO DAS MANGABEIRAS,Desobediência às normas de trânsito pelo condutor,Colisão transversal,Com Vítimas Feridas,Pleno dia,Crescente,Céu Claro,Simples,Não Informado,Não,2,0,1,0,1,0,1,2,-7.19776049,-45.79500319,SR-MA,UOP01,DEL05
325694,2020-12-05,sábado,02:20:00,MA,10,313,ACAILANDIA,Falta de Atenção à Condução,Capotamento,Com Vítimas Feridas,Plena Noite,Decrescente,Céu Claro,Simples,Reta,Não,1,0,0,1,0,0,1,1,-5.003148,-47.538948,SR-MA,UOP03,DEL04
325695,2020-12-05,sábado,02:30:00,MA,222,669,ACAILANDIA,Ingestão de álcool e/ou substâncias psicoativas pelo pedestre,Atropelamento de Pedestre,Com Vítimas Feridas,Plena Noite,Decrescente,Céu Claro,Simples,Reta,Não,2,0,0,1,1,0,1,1,-4.935878,-47.456697,SR-MA,UOP03,DEL04
325726,2020-12-05,sábado,07:30:00,MA,230,404,BALSAS,Não guardar distância de segurança,Colisão traseira,Com Vítimas Feridas,Pleno dia,Decrescente,Céu Claro,Simples,Reta,Sim,2,0,1,0,1,0,1,2,-7.52339895,-46.04122203,SR-MA,UOP01,DEL05
325738,2020-12-04,sexta-feira,04:00:00,MA,135,15,SAO LUIS,Sinalização da via insuficiente ou inadequada,Colisão com objeto estático,Sem Vítimas,Plena Noite,Decrescente,Céu Claro,Simples,Ponte,Sim,1,0,0,0,1,0,0,1,-2.56424247,-44.36205452,SR-MA,UOP01,DEL01
325775,2020-12-05,sábado,07:00:00,MA,230,71,SUCUPIRA DO RIACHAO,Falta de Atenção à Condução,Colisão traseira,Com Vítimas Feridas,Pleno dia,Decrescente,Céu Claro,Simples,Reta,Não,2,0,0,1,1,0,1,2,-6.51987272,-43.54563556,SR-PI,UOP01,DEL03
325781,2020-12-05,sábado,06:58:00,MA,135,114,MIRANDA DO NORTE,Desobediência às normas de trânsito pelo condutor,Colisão transversal,Com Vítimas Feridas,Pleno dia,Crescente,Céu Claro,Simples,Reta,Não,4,0,3,0,1,0,3,2,-3.46935179,-44.53251161,SR-MA,UOP02,DEL01
325905,2020-12-05,sábado,20:30:00,MA,10,258,IMPERATRIZ,Desobediência às normas de trânsito pelo condutor,Colisão transversal,Com Vítimas Feridas,Plena Noite,Decrescente,Céu Claro,Simples,Interseção de vias,Sim,2,0,1,0,1,0,1,2,-5.481554,-47.472092,SR-MA,UOP01,DEL04
325950,2020-12-06,domingo,00:01:00,MA,230,558.5,CAROLINA,Falta de Atenção à Condução,Queda de ocupante de veículo,Com Vítimas Fatais,Plena Noite,Crescente,Céu Claro,Simples,Não Informado,Não,1,1,0,0,0,0,0,1,-7.376378,-47.303064,SR-MA,UOP01,DEL05
326019,2020-12-06,domingo,05:00:00,MA,316,552.7,CAXIAS,Defeito Mecânico no Veículo,Colisão traseira,Com Vítimas Feridas,Amanhecer,Decrescente,Céu Claro,Dupla,Reta,Sim,2,0,1,0,1,0,1,2,-4.882649,-43.345581,SR-MA,UOP02,DEL03
326074,2020-10-31,sábado,10:40:00,MA,135,7.4,SAO LUIS,Desobediência às normas de trânsito pelo condutor,Colisão com objeto estático,Com Vítimas Feridas,Pleno dia,Decrescente,Céu Claro,Dupla,Retorno Regulamentado,Sim,4,0,2,0,2,0,2,2,-2.63608835,-44.26848552,SR-MA,UOP01,DEL01
326081,2020-12-06,domingo,10:00:00,MA,230,99,SAO JOAO DOS PATOS,Falta de Atenção à Condução,Saída de leito carroçável,Com Vítimas Feridas,Pleno dia,Crescente,Garoa/Chuvisco,Simples,Curva,Não,4,0,3,0,0,1,3,1,-6.49501281,-43.7576149,SR-PI,UOP01,DEL03
326150,2020-12-06,domingo,18:20:00,MA,316,585.5,CAXIAS,Falta de Atenção à Condução,Colisão traseira,Com Vítimas Feridas,Anoitecer,Crescente,Céu Claro,Simples,Reta,Sim,2,0,0,1,0,1,1,2,-4.981047,-43.080875,SR-MA,UOP02,DEL03
326157,2020-12-06,domingo,19:30:00,MA,226,1.1,TIMON,Falta de Atenção à Condução,Capotamento,Com Vítimas Feridas,Plena Noite,Decrescente,Céu Claro,Múltipla,Reta,Sim,1,0,1,0,0,0,1,1,-5.1311846,-42.815704,SR-MA,UOP02,DEL03
326158,2020-12-06,domingo,18:00:00,MA,10,244.6,IMPERATRIZ,Não guardar distância de segurança,Colisão traseira,Sem Vítimas,Pleno dia,Crescente,Céu Claro,Simples,Reta,Não,7,0,0,0,7,0,0,7,-5.596112,-47.42886,SR-MA,UOP01,DEL04
326182,2020-12-06,domingo,17:00:00,MA,135,32.1,BACABEIRA,Falta de Atenção à Condução,Capotamento,Sem Vítimas,Pleno dia,Decrescente,Céu Claro,Simples,Reta,Não,1,0,0,0,0,1,0,1,-2.82208,-44.37442879,SR-MA,UOP01,DEL01
326185,2020-12-06,domingo,18:30:00,MA,316,357.8,BACABAL,Ultrapassagem Indevida,Colisão transversal,Com Vítimas Fatais,Anoitecer,Crescente,Céu Claro,Simples,Reta,Sim,3,1,0,0,1,1,0,2,-4.230584,-44.819248,SR-MA,UOP01,DEL02
326204,2020-12-07,segunda-feira,00:20:00,MA,316,549.3,CAXIAS,Falta de Atenção do Pedestre,Atropelamento de Pedestre,Com Vítimas Feridas,Plena Noite,Decrescente,Céu Claro,Simples,Reta,Sim,2,0,0,1,1,0,1,1,-4.887895,-43.371475,SR-MA,UOP02,DEL03
326236,2020-12-07,segunda-feira,01:20:00,MA,135,33.5,BACABEIRA,Desobediência às normas de trânsito pelo pedestre,Atropelamento de Pedestre,Com Vítimas Fatais,Plena Noite,Decrescente,Céu Claro,Simples,Reta,Não,2,1,0,0,0,1,0,1,-2.83108301,-44.3745066,SR-MA,UOP01,DEL01
326389,2020-12-07,segunda-feira,13:30:00,MA,135,1.5,SAO LUIS,Desobediência às normas de trânsito pelo condutor,Colisão transversal,Com Vítimas Feridas,Pleno dia,Decrescente,Céu Claro,Dupla,Reta,Sim,2,0,1,0,1,0,1,2,-2.58917895,-44.24423719,SR-MA,UOP01,DEL01
326504,2020-12-08,terça-feira,09:45:00,MA,316,259,SANTA INES,Desobediência às normas de trânsito pelo condutor,Colisão transversal,Com Vítimas Fatais,Pleno dia,Decrescente,Céu Claro,Simples,Reta,Sim,3,1,0,1,1,0,1,2,-3.662971,-45.400261,SR-MA,UOP01,DEL02
326557,2020-12-08,terça-feira,13:00:00,MA,316,436.2,PERITORO,Falta de Atenção à Condução,Tombamento,Com Vítimas Feridas,Pleno dia,Decrescente,Chuva,Simples,Curva,Não,1,0,1,0,0,0,1,1,-4.413616,-44.2411,SR-MA,UOP01,DEL03
326642,2020-12-08,terça-feira,22:00:00,MA,135,21.1,SAO LUIS,Falta de Atenção à Condução,Colisão traseira,Com Vítimas Feridas,Plena Noite,Decrescente,Céu Claro,Dupla,Reta,Sim,4,0,1,0,2,1,1,3,-2.53073,-44.3068,SR-MA,UOP01,DEL01
326690,2020-12-08,terça-feira,10:30:00,MA,135,180,SAO MATEUS DO MARANHAO,Pista Escorregadia,Queda de ocupante de veículo,Com Vítimas Feridas,Pleno dia,Decrescente,Sol,Simples,Reta,Sim,1,0,1,0,0,0,1,1,-4.02061306,-44.46649723,SR-MA,UOP02,DEL01
326820,2020-12-09,quarta-feira,22:30:00,MA,135,199.1,ALTO ALEGRE DO MARANHAO,Falta de Atenção à Condução,Colisão frontal,Com Vítimas Fatais,Plena Noite,Decrescente,Céu Claro,Simples,Reta,Não,2,1,0,0,1,0,0,2,-4.190713,-44.46783407,SR-MA,UOP01,DEL03
326886,2020-12-10,quinta-feira,10:00:00,MA,316,611,TIMON,Falta de Atenção à Condução,Colisão transversal,Com Vítimas Feridas,Pleno dia,Crescente,Céu Claro,Simples,Reta,Sim,2,0,0,1,1,0,1,2,-5.072684,-42.868118,SR-MA,UOP02,DEL03
326917,2020-12-10,quinta-feira,07:00:00,MA,135,138,MATOES DO NORTE,Defeito na Via,Saída de leito carroçável,Com Vítimas Feridas,Pleno dia,Decrescente,Céu Claro,Simples,Reta,Não,3,0,0,1,1,1,1,2,-3.65746779,-44.53946857,SR-MA,UOP02,DEL01
326919,2020-12-09,quarta-feira,20:00:00,MA,135,135,MATOES DO NORTE,Desobediência às normas de trânsito pelo condutor,Colisão traseira,Com Vítimas Feridas,Plena Noite,Crescente,Céu Claro,Simples,Reta,Não,2,0,0,1,0,1,1,2,-3.63311497,-44.55140294,SR-MA,UOP02,DEL01
326943,2020-12-10,quinta-feira,14:10:00,MA,135,95.1,ITAPECURU MIRIM,Falta de Atenção à Condução,Colisão traseira,Com Vítimas Feridas,Pleno dia,Decrescente,Céu Claro,Simples,Reta,Sim,2,0,0,1,1,0,1,2,-3.3279719,-44.44236412,SR-MA,UOP02,DEL01
327034,2020-12-11,sexta-feira,02:20:00,MA,135,230,PERITORO,Ingestão de álcool e/ou substâncias psicoativas pelo pedestre,Atropelamento de Pedestre,Com Vítimas Feridas,Plena Noite,Decrescente,Céu Claro,Simples,Curva,Não,2,0,0,1,0,1,1,1,-4.41497111,-44.3493496,SR-MA,UOP01,DEL03
327074,2020-12-11,sexta-feira,05:10:00,MA,135,95,ITAPECURU MIRIM,Desobediência às normas de trânsito pelo condutor,Colisão transversal,Com Vítimas Feridas,Amanhecer,Crescente,Ignorado,Simples,Interseção de vias,Sim,7,0,5,0,2,0,5,2,-3.3279719,-44.44236412,SR-MA,UOP02,DEL01
327113,2020-12-11,sexta-feira,12:50:00,MA,230,0,BARAO DE GRAJAU,Não guardar distância de segurança,Colisão traseira,Com Vítimas Feridas,Pleno dia,Crescente,Céu Claro,Simples,Reta,Sim,2,0,1,0,1,0,1,2,-6.760894,-43.01105,SR-PI,UOP01,DEL03
327205,2020-12-11,sexta-feira,18:10:00,MA,10,257.5,IMPERATRIZ,Não guardar distância de segurança,Colisão traseira,Com Vítimas Feridas,Anoitecer,Decrescente,Céu Claro,Simples,Interseção de vias,Sim,3,0,1,0,2,0,1,3,-5.490634,-47.471973,SR-MA,UOP01,DEL04
327220,2020-12-11,sexta-feira,04:30:00,MA,135,313,DOM PEDRO,Não guardar distância de segurança,Colisão traseira,Com Vítimas Feridas,Plena Noite,Crescente,Céu Claro,Simples,Reta,Não,2,0,2,0,0,0,2,2,-5.06079612,-44.45622377,SR-MA,UOP01,DEL03
327278,2020-12-12,sábado,05:00:00,MA,222,671,ACAILANDIA,Ingestão de Álcool,Queda de ocupante de veículo,Com Vítimas Fatais,Amanhecer,Decrescente,Nublado,Simples,Reta,Sim,3,2,0,0,1,0,0,2,-4.945522,-47.473302,SR-MA,UOP03,DEL04
327289,2020-12-11,sexta-feira,21:10:00,MA,316,134,NOVA OLINDA DO MARANHAO,Falta de Atenção à Condução,Queda de ocupante de veículo,Com Vítimas Fatais,Plena Noite,Decrescente,Céu Claro,Simples,Reta,Não,2,1,1,0,0,0,1,1,-2.712786,-45.730011,SR-MA,UOP02,DEL02
327326,2020-12-12,sábado,08:00:00,MA,10,281,IMPERATRIZ,Falta de Atenção à Condução,Colisão frontal,Com Vítimas Feridas,Pleno dia,Crescente,Céu Claro,Simples,Não Informado,Não,4,0,2,2,0,0,4,2,-5.277627,-47.504314,SR-MA,UOP01,DEL04
327377,2020-12-12,sábado,15:30:00,MA,222,405,SANTA LUZIA,Desobediência às normas de trânsito pelo condutor,Queda de ocupante de veículo,Com Vítimas Fatais,Pleno dia,Decrescente,Nublado,Dupla,Reta,Sim,2,1,1,0,0,0,1,1,-3.94690724,-45.64889085,SR-MA,UOP01,DEL02
327491,2020-12-12,sábado,19:00:00,MA,10,178,CAMPESTRE DO MARANHAO,Desobediência às normas de trânsito pelo condutor,Colisão transversal,Com Vítimas Feridas,Plena Noite,Crescente,Céu Claro,Simples,Reta,Sim,2,0,0,1,1,0,1,2,-6.158751,-47.367653,SR-MA,UOP02,DEL04
327515,2020-12-12,sábado,22:30:00,MA,316,122.8,SANTA LUZIA DO PARUA,Animais na Pista,Colisão frontal,Com Vítimas Fatais,Plena Noite,Decrescente,Céu Claro,Simples,Reta,Não,6,1,0,4,0,1,4,2,-2.608405,-45.757965,SR-MA,UOP02,DEL02
327603,2020-12-13,domingo,09:50:00,MA,316,544.7,CAXIAS,Falta de Atenção à Condução,Colisão frontal,Com Vítimas Fatais,Pleno dia,Decrescente,Céu Claro,Simples,Reta,Não,2,1,0,0,1,0,0,2,-4.867952,-43.411625,SR-MA,UOP02,DEL03
327648,2020-12-13,domingo,09:40:00,MA,316,610,TIMON,Desobediência às normas de trânsito pelo condutor,Colisão frontal,Com Vítimas Fatais,Pleno dia,Crescente,Céu Claro,Simples,Reta,Não,2,1,0,0,1,0,0,2,-5.069847,-42.876633,SR-MA,UOP02,DEL03
327805,2020-12-13,domingo,23:30:00,MA,222,455.7,SANTA LUZIA,Ingestão de Álcool,Queda de ocupante de veículo,Com Vítimas Fatais,Plena Noite,Decrescente,Ignorado,Simples,Reta,Não,1,1,0,0,0,0,0,1,-4.12962925,-45.98721798,SR-MA,UOP01,DEL02
327899,2020-12-14,segunda-feira,11:30:00,MA,135,10,SAO LUIS,Desobediência às normas de trânsito pelo condutor,Colisão transversal,Com Vítimas Feridas,Pleno dia,Decrescente,Céu Claro,Dupla,Reta,Sim,2,0,1,0,1,0,1,2,-2.655912,-44.28629098,SR-MA,UOP01,DEL01
327924,2020-12-14,segunda-feira,12:00:00,MA,135,175.2,SAO MATEUS DO MARANHAO,Falta de Atenção à Condução,Colisão transversal,Com Vítimas Fatais,Pleno dia,Crescente,Céu Claro,Simples,Reta,Não,2,1,0,0,1,0,0,2,-3.97634412,-44.47441039,SR-MA,UOP02,DEL01
327929,2020-12-14,segunda-feira,17:00:00,MA,222,365,SANTA INES,Não guardar distância de segurança,Colisão traseira,Com Vítimas Feridas,Pleno dia,Decrescente,Chuva,Dupla,Não Informado,Não,4,0,1,0,3,0,1,2,-3.69140674,-45.40254231,SR-MA,UOP01,DEL02
327945,2020-12-14,segunda-feira,14:40:00,MA,10,168,PORTO FRANCO,Falta de Atenção à Condução,Colisão traseira,Sem Vítimas,Pleno dia,Crescente,Céu Claro,Simples,Reta,Não,4,0,0,0,4,0,0,4,-6.248398,-47.352127,SR-MA,UOP02,DEL04
327968,2020-12-14,segunda-feira,19:25:00,MA,135,169.5,SAO MATEUS DO MARANHAO,Defeito na Via,Tombamento,Sem Vítimas,Plena Noite,Crescente,Chuva,Simples,Reta,Não,1,0,0,0,1,0,0,1,-3.92286,-44.480053,SR-MA,UOP02,DEL01
327971,2020-11-01,domingo,01:00:00,MA,226,523.4,LAJEADO NOVO,Falta de Atenção à Condução,Saída de leito carroçável,Com Vítimas Feridas,Plena Noite,Decrescente,Ignorado,Simples,Curva,Não,3,0,0,1,0,2,1,1,-6.16554535,-47.0011949,SR-MA,UOP02,DEL04
328016,2020-12-15,terça-feira,06:30:00,MA,135,43.5,BACABEIRA,Desobediência às normas de trânsito pelo condutor,Colisão traseira,Com Vítimas Feridas,Pleno dia,Decrescente,Sol,Dupla,Reta,Sim,3,0,1,0,2,0,1,3,-2.91264134,-44.35402453,SR-MA,UOP01,DEL01
328052,2020-12-15,terça-feira,13:00:00,MA,135,4,SAO LUIS,Desobediência às normas de trânsito pelo condutor,Colisão transversal,Com Vítimas Feridas,Pleno dia,Crescente,Sol,Dupla,Reta,Sim,2,0,1,0,1,0,1,2,-2.61424881,-44.25257023,SR-MA,UOP01,DEL01
328056,2020-12-15,terça-feira,10:30:00,MA,10,194,RIBAMAR FIQUENE,Ultrapassagem Indevida,Colisão traseira,Com Vítimas Feridas,Pleno dia,Crescente,Nublado,Dupla,Reta,Não,3,0,1,0,2,0,1,2,-6.025275,-47.382761,SR-MA,UOP02,DEL04
328065,2020-12-15,terça-feira,13:40:00,MA,316,591.6,TIMON,Condutor Dormindo,Colisão transversal,Com Vítimas Feridas,Pleno dia,Crescente,Garoa/Chuvisco,Simples,Curva,Não,2,0,1,0,1,0,1,2,-5.002236,-43.036209,SR-MA,UOP02,DEL03
328214,2020-12-16,quarta-feira,08:50:00,MA,135,7,SAO LUIS,Desobediência às normas de trânsito pelo condutor,Colisão transversal,Sem Vítimas,Pleno dia,Crescente,Céu Claro,Dupla,Reta,Não,2,0,0,0,1,1,0,2,-2.63608835,-44.26848552,SR-MA,UOP01,DEL01
328258,2020-12-16,quarta-feira,10:45:00,MA,135,7.5,SAO LUIS,Falta de Atenção à Condução,Colisão transversal,Com Vítimas Feridas,Pleno dia,Crescente,Céu Claro,Dupla,Desvio Temporário,Sim,2,0,0,1,1,0,1,2,-2.6360883513,-44.2684855191,SR-MA,UOP01,DEL01
328293,2020-12-16,quarta-feira,12:09:00,MA,316,309.6,OLHO DAGUA DAS CUNHAS,Falta de Atenção do Pedestre,Atropelamento de Pedestre,Com Vítimas Feridas,Pleno dia,Decrescente,Céu Claro,Simples,Reta,Não,2,0,1,0,0,1,1,1,-3.979661,-45.128357,SR-MA,UOP01,DEL02
328296,2020-12-16,quarta-feira,06:20:00,MA,226,379,GRAJAU,Agressão Externa,Colisão com objeto estático,Com Vítimas Feridas,Pleno dia,Crescente,Céu Claro,Simples,Reta,Não,1,0,1,0,0,0,1,1,-5.654033,-45.832137,SR-MA,UOP02,DEL04
328357,2020-11-28,sábado,19:00:00,MA,230,404,BALSAS,Desobediência às normas de trânsito pelo condutor,Colisão transversal,Com Vítimas Feridas,Plena Noite,Crescente,Céu Claro,Simples,Reta,Sim,2,0,0,1,1,0,1,2,-7.52339895,-46.04122203,SR-MA,UOP01,DEL05
328389,2020-12-16,quarta-feira,19:15:00,MA,135,26.9,BACABEIRA,Pista Escorregadia,Capotamento,Com Vítimas Feridas,Plena Noite,Decrescente,Garoa/Chuvisco,Dupla,Reta,Sim,2,0,1,0,1,0,1,1,-2.77023451,-44.36931635,SR-MA,UOP01,DEL01
328430,2020-12-17,quinta-feira,07:10:00,MA,135,23,SAO LUIS,Não guardar distância de segurança,Engavetamento,Com Vítimas Feridas,Pleno dia,Decrescente,Céu Claro,Dupla,Reta,Sim,5,0,1,0,4,0,1,5,-2.53073,-44.3068,SR-MA,UOP01,DEL01
328556,2020-12-17,quinta-feira,18:30:00,MA,135,28,BACABEIRA,Defeito Mecânico no Veículo,Colisão frontal,Sem Vítimas,Plena Noite,Crescente,Céu Claro,Simples,Reta,Não,3,0,0,0,2,1,0,2,-2.786069,-44.37413,SR-MA,UOP01,DEL01
328563,2020-12-17,quinta-feira,12:06:00,MA,135,89,ITAPECURU MIRIM,Não guardar distância de segurança,Colisão traseira,Sem Vítimas,Pleno dia,Decrescente,Céu Claro,Simples,Curva,Não,2,0,0,0,2,0,0,2,-3.28431704,-44.41158095,SR-MA,UOP02,DEL01
328581,2020-12-17,quinta-feira,22:15:00,MA,135,156,MATOES DO NORTE,Falta de Atenção à Condução,Colisão lateral,Com Vítimas Feridas,Plena Noite,Decrescente,Nublado,Simples,Reta,Não,2,0,0,1,1,0,1,2,-3.81361914,-44.51476862,SR-MA,UOP02,DEL01
328638,2020-12-18,sexta-feira,04:00:00,MA,135,256,CAPINZAL DO NORTE,Objeto estático sobre o leito carroçável,Saída de leito carroçável,Com Vítimas Feridas,Plena Noite,Crescente,Céu Claro,Simples,Reta,Não,1,0,1,0,0,0,1,1,-4.62291692,-44.34114574,SR-MA,UOP01,DEL03
328647,2020-12-18,sexta-feira,04:40:00,MA,135,281,SANTO ANTONIO DOS LOPES,Velocidade Incompatível,Colisão lateral,Com Vítimas Fatais,Plena Noite,Decrescente,Nublado,Simples,Curva,Não,3,1,0,2,0,0,2,2,-4.84347913,-44.32311276,SR-MA,UOP01,DEL03
328673,2020-12-18,sexta-feira,12:20:00,MA,135,11.7,SAO LUIS,Pista Escorregadia,Saída de leito carroçável,Com Vítimas Feridas,Pleno dia,Decrescente,Chuva,Dupla,Reta,Sim,1,0,0,1,0,0,1,1,-2.66470782,-44.28673431,SR-MA,UOP01,DEL01
328769,2020-12-18,sexta-feira,20:00:00,MA,10,207.3,RIBAMAR FIQUENE,Desobediência às normas de trânsito pelo condutor,Colisão frontal,Com Vítimas Fatais,Plena Noite,Crescente,Céu Claro,Simples,Reta,Não,3,1,0,0,2,0,0,2,-5.906318,-47.370419,SR-MA,UOP01,DEL04
328771,2020-12-18,sexta-feira,15:10:00,MA,222,270,ARARI,Não guardar distância de segurança,Engavetamento,Com Vítimas Feridas,Pleno dia,Decrescente,Garoa/Chuvisco,Simples,Reta,Sim,4,0,0,1,2,1,1,4,-3.4624386,-44.77617568,SR-MA,UOP02,DEL01
328802,2020-12-19,sábado,03:10:00,MA,135,5.7,SAO LUIS,Falta de Atenção à Condução,Capotamento,Com Vítimas Feridas,Plena Noite,Decrescente,Ignorado,Dupla,Reta,Sim,2,0,0,1,0,1,1,1,-2.62727886,-44.26192045,SR-MA,UOP01,DEL01
328909,2020-12-19,sábado,12:00:00,MA,10,250.3,IMPERATRIZ,Falta de Atenção à Condução,Colisão traseira,Com Vítimas Feridas,Pleno dia,Decrescente,Céu Claro,Simples,Reta,Sim,3,0,0,1,2,0,1,2,-5.545398,-47.463018,SR-MA,UOP01,DEL04
329108,2020-12-20,domingo,01:30:00,MA,222,320,ACAILANDIA,Desobediência às normas de trânsito pelo condutor,Colisão frontal,Com Vítimas Feridas,Plena Noite,Decrescente,Céu Claro,Simples,Interseção de vias,Sim,3,0,1,1,1,0,2,2,-4.948507,-47.503008,SR-MA,UOP01,DEL02
329142,2020-12-20,domingo,06:00:00,MA,135,7,SAO LUIS,Ingestão de Álcool,Colisão transversal,Com Vítimas Feridas,Amanhecer,Decrescente,Céu Claro,Dupla,Reta,Sim,2,0,1,0,1,0,1,2,-2.63608835,-44.26848552,SR-MA,UOP01,DEL01
329154,2020-12-20,domingo,04:30:00,MA,135,1,SAO LUIS,Ingestão de Álcool,Colisão traseira,Com Vítimas Fatais,Plena Noite,Decrescente,Céu Claro,Dupla,Reta,Sim,2,1,0,0,0,1,0,2,-2.58917895,-44.24423719,SR-MA,UOP01,DEL01
329169,2020-12-20,domingo,03:30:00,MA,10,363,ITINGA DO MARANHAO,Ultrapassagem Indevida,Colisão frontal,Com Vítimas Fatais,Plena Noite,Crescente,Ignorado,Simples,Não Informado,Não,5,2,0,0,3,0,0,3,-4.571274,-47.490353,SR-MA,UOP03,DEL04
329312,2020-12-20,domingo,15:50:00,MA,230,311,SAO RAIMUNDO DAS MANGABEIRAS,Defeito Mecânico no Veículo,Tombamento,Com Vítimas Feridas,Pleno dia,Crescente,Céu Claro,Simples,Reta,Não,1,0,1,0,0,0,1,1,-7.00248375,-45.45384591,SR-MA,UOP01,DEL05
329344,2020-12-20,domingo,19:00:00,MA,10,246,IMPERATRIZ,Velocidade Incompatível,Tombamento,Com Vítimas Fatais,Plena Noite,Crescente,Céu Claro,Simples,Reta,Sim,4,1,0,2,1,0,2,3,-5.581313,-47.438831,SR-MA,UOP01,DEL04
329392,2020-12-21,segunda-feira,04:40:00,MA,316,474,CODO,Condutor Dormindo,Colisão frontal,Com Vítimas Feridas,Plena Noite,Decrescente,Nublado,Simples,Reta,Não,5,0,0,2,3,0,2,2,-4.589787,-43.954033,SR-MA,UOP02,DEL03
329610,2020-12-21,segunda-feira,23:20:00,MA,135,195.6,ALTO ALEGRE DO MARANHAO,Condutor Dormindo,Saída de leito carroçável,Com Vítimas Feridas,Plena Noite,Crescente,Céu Claro,Simples,Reta,Não,2,0,2,0,0,0,2,1,-4.15458101,-44.46970631,SR-MA,UOP01,DEL03
329752,2020-12-22,terça-feira,16:44:00,MA,316,260,SANTA INES,Desobediência às normas de trânsito pelo condutor,Colisão lateral,Com Vítimas Feridas,Pleno dia,Decrescente,Céu Claro,Simples,Reta,Sim,3,0,1,1,0,1,2,2,-3.663603,-45.386999,SR-MA,UOP01,DEL02
329799,2020-12-22,terça-feira,21:20:00,MA,316,527.6,CAXIAS,Animais na Pista,Atropelamento de Animal,Sem Vítimas,Plena Noite,Crescente,Céu Claro,Simples,Reta,Não,3,0,0,0,3,0,0,1,-4.808832,-43.551792,SR-MA,UOP02,DEL03
329830,2020-12-22,terça-feira,18:20:00,MA,135,4.8,SAO LUIS,Não guardar distância de segurança,Colisão traseira,Com Vítimas Feridas,Plena Noite,Decrescente,Céu Claro,Dupla,Reta,Sim,2,0,1,0,1,0,1,2,-2.61424881,-44.25257023,SR-MA,UOP01,DEL01
330004,2020-12-17,quinta-feira,17:00:00,MA,10,246.3,IMPERATRIZ,Desobediência às normas de trânsito pelo condutor,Colisão frontal,Com Vítimas Feridas,Anoitecer,Decrescente,Céu Claro,Simples,Reta,Sim,3,0,0,3,0,0,3,2,-5.581313,-47.438831,SR-MA,UOP01,DEL04
330127,2020-12-24,quinta-feira,05:40:00,MA,10,223.8,GOVERNADOR EDISON LOBAO,Não guardar distância de segurança,Colisão traseira,Com Vítimas Feridas,Amanhecer,Decrescente,Chuva,Simples,Reta,Sim,2,0,1,0,1,0,1,2,-5.763524,-47.359402,SR-MA,UOP01,DEL04
330176,2020-12-24,quinta-feira,10:30:00,MA,10,250,IMPERATRIZ,Desrespeitar a preferência no cruzamento,Colisão transversal,Com Vítimas Feridas,Pleno dia,Decrescente,Nublado,Simples,Rotatória,Sim,2,0,1,0,1,0,1,2,-5.550874,-47.459305,SR-MA,UOP01,DEL04
330246,2020-12-24,quinta-feira,16:00:00,MA,135,7,SAO LUIS,Velocidade Incompatível,Colisão lateral,Com Vítimas Feridas,Pleno dia,Decrescente,Nublado,Dupla,Desvio Temporário,Sim,2,0,1,0,1,0,1,2,-2.63608835,-44.26848552,SR-MA,UOP01,DEL01
330255,2020-12-24,quinta-feira,13:00:00,MA,10,306,ACAILANDIA,Desobediência às normas de trânsito pelo condutor,Colisão transversal,Com Vítimas Feridas,Pleno dia,Decrescente,Céu Claro,Simples,Reta,Não,5,0,2,0,3,0,2,2,-5.060839,-47.557995,SR-MA,UOP03,DEL04
330290,2020-12-24,quinta-feira,15:00:00,MA,222,672,ACAILANDIA,Não guardar distância de segurança,Engavetamento,Com Vítimas Feridas,Pleno dia,Crescente,Céu Claro,Simples,Reta,Sim,3,0,1,0,2,0,1,3,-4.949846,-47.481077,SR-MA,UOP03,DEL04
330312,2020-12-24,quinta-feira,10:00:00,MA,222,563,BOM JESUS DAS SELVAS,Ultrapassagem Indevida,Colisão frontal,Com Vítimas Feridas,Pleno dia,Crescente,Céu Claro,Simples,Reta,Não,4,0,0,2,2,0,2,3,-4.39626495,-46.71853702,SR-MA,UOP03,DEL04
330391,2020-12-25,sexta-feira,02:15:00,MA,10,223,GOVERNADOR EDISON LOBAO,Desobediência às normas de trânsito pelo condutor,Colisão frontal,Com Vítimas Fatais,Plena Noite,Decrescente,Chuva,Simples,Reta,Sim,3,2,0,0,0,1,0,2,-5.763524,-47.359402,SR-MA,UOP01,DEL04
330456,2020-12-25,sexta-feira,10:30:00,MA,10,300.5,CIDELANDIA,Defeito Mecânico no Veículo,Incêndio,Sem Vítimas,Pleno dia,Crescente,Céu Claro,Simples,Reta,Sim,1,0,0,0,1,0,0,1,-5.113793,-47.549877,SR-MA,UOP03,DEL04
330474,2020-12-25,sexta-feira,14:10:00,MA,135,44,BACABEIRA,Sinalização da via insuficiente ou inadequada,Colisão transversal,Sem Vítimas,Pleno dia,Decrescente,Garoa/Chuvisco,Dupla,Desvio Temporário,Sim,2,0,0,0,2,0,0,2,-2.9178575,-44.34673274,SR-MA,UOP01,DEL01