id,data_inversa,dia_semana,horario,uf,br,km,municipio,causa_acidente,tipo_acidente,classificacao_acidente,fase_dia,sentido_via,condicao_metereologica,tipo_pista,tracado_via,uso_solo,pessoas,mortos,feridos_leves,feridos_graves,ilesos,ignorados,feridos,veiculos,latitude,longitude,regional,delegacia,uop
276898,2020-03-22,domingo,19:35:00,AC,364,150,RIO BRANCO,Velocidade Incompatível,Saída de leito carroçável,Sem Vítimas,Plena Noite,Crescente,Céu Claro,Dupla,Rotatória,Não,3,0,0,0,2,1,0,1,-9.871933,-67.91003,SR-AC,UOP01,DEL01
277397,2020-03-27,sexta-feira,18:40:00,AC,364,149.4,RIO BRANCO,Defeito na Via,Saída de leito carroçável,Com Vítimas Feridas,Plena Noite,Decrescente,Céu Claro,Dupla,Reta,Não,2,0,1,0,0,1,1,1,-9.87942293,-67.9051469,SR-AC,UOP01,DEL01
277647,2020-03-29,domingo,18:20:00,AC,364,124,RIO BRANCO,Ingestão de Álcool,Saída de leito carroçável,Sem Vítimas,Plena Noite,Decrescente,Céu Claro,Dupla,Reta,Sim,1,0,0,0,1,0,0,1,-10.01152469,-67.79140099,SR-AC,UOP01,DEL01
277755,2020-03-09,segunda-feira,18:30:00,AC,317,40,SENADOR GUIOMARD,Falta de Atenção do Pedestre,Colisão frontal,Sem Vítimas,Anoitecer,Crescente,Céu Claro,Simples,Reta,Não,2,0,0,0,1,1,0,1,-9.91203827,-67.44747162,SR-AC,UOP01,DEL01
277784,2020-03-30,segunda-feira,20:55:00,AC,364,138.2,RIO BRANCO,Defeito na Via,Tombamento,Com Vítimas Feridas,Plena Noite,Decrescente,Garoa/Chuvisco,Dupla,Reta,Sim,2,0,2,0,0,0,2,1,-9.96112502,-67.85646604,SR-AC,UOP01,DEL01
277868,2020-03-31,terça-feira,16:45:00,AC,364,137,RIO BRANCO,Falta de Atenção à Condução,Colisão lateral,Com Vítimas Feridas,Pleno dia,Crescente,Céu Claro,Dupla,Rotatória,Não,2,0,1,0,1,0,1,2,-9.96935404,-67.85264513,SR-AC,UOP01,DEL01
278317,2020-04-04,sábado,05:00:00,AC,317,153,CAPIXABA,Animais na Pista,Atropelamento de Animal,Sem Vítimas,Amanhecer,Crescente,Nublado,Simples,Desvio Temporário,Não,2,0,0,0,2,0,0,2,-10.60263987,-67.72979301,SR-AC,UOP02,DEL01
278840,2020-04-07,terça-feira,17:35:00,AC,364,137,RIO BRANCO,Ingestão de Álcool,Colisão com objeto estático,Com Vítimas Feridas,Anoitecer,Crescente,Nublado,Dupla,Reta,Sim,3,0,1,0,0,2,1,1,-9.96806866,-67.85335422,SR-AC,UOP01,DEL01
279216,2020-04-10,sexta-feira,09:00:00,AC,317,304,BRASILEIA,Desobediência às normas de trânsito pelo condutor,Colisão lateral,Com Vítimas Feridas,Pleno dia,Crescente,Céu Claro,Simples,Curva,Não,2,0,0,1,1,0,1,2,-10.96502029,-68.80635045,SR-AC,UOP02,DEL01
279682,2020-04-13,segunda-feira,14:00:00,AC,317,201,XAPURI,Condutor Dormindo,Saída de leito carroçável,Com Vítimas Feridas,Pleno dia,Decrescente,Céu Claro,Simples,Reta,Não,1,0,1,0,0,0,1,1,-10.67954026,-68.11719372,SR-AC,UOP02,DEL01
279707,2020-04-13,segunda-feira,17:15:00,AC,364,135,RIO BRANCO,Falta de Atenção à Condução,Colisão traseira,Com Vítimas Feridas,Anoitecer,Decrescente,Nublado,Dupla,Reta,Sim,4,0,1,0,3,0,1,2,-9.9836016,-67.84671307,SR-AC,UOP01,DEL01
279775,2020-04-14,terça-feira,07:40:00,AC,364,92,SENADOR GUIOMARD,Desobediência às normas de trânsito pelo condutor,Colisão lateral,Com Vítimas Feridas,Pleno dia,Crescente,Céu Claro,Simples,Reta,Não,3,0,1,0,2,0,1,2,-10.08765949,-67.52533623,SR-AC,UOP01,DEL01
279890,2020-04-15,quarta-feira,05:50:00,AC,364,139,RIO BRANCO,Defeito na Via,Queda de ocupante de veículo,Sem Vítimas,Amanhecer,Decrescente,Chuva,Simples,Reta,Sim,1,0,0,0,0,1,0,1,-9.95359291,-67.86119892,SR-AC,UOP01,DEL01
280048,2020-04-16,quinta-feira,08:19:00,AC,NA,NA,RIO BRANCO,Falta de Atenção à Condução,Colisão com objeto estático,Com Vítimas Feridas,Pleno dia,Não Informado,Nublado,Simples,Reta,Não,3,0,1,0,2,0,1,1,-10.0131509,-67.7138132,SR-AC,DEL01,AC
280646,2020-04-20,segunda-feira,04:00:00,AC,364,140,RIO BRANCO,Condutor Dormindo,Saída de leito carroçável,Sem Vítimas,Plena Noite,Crescente,Céu Claro,Dupla,Reta,Sim,1,0,0,0,1,0,0,1,-9.94779814,-67.86813111,SR-AC,UOP01,DEL01
280881,2020-04-21,terça-feira,22:00:00,AC,364,55,SENADOR GUIOMARD,Defeito na Via,Tombamento,Com Vítimas Feridas,Plena Noite,Decrescente,Nublado,Simples,Reta,Não,8,0,5,1,2,0,6,1,-10.012054,-67.218758,SR-AC,UOP01,DEL01
281187,2020-04-24,sexta-feira,07:10:00,AC,364,136,RIO BRANCO,Desobediência às normas de trânsito pelo condutor,Colisão frontal,Com Vítimas Feridas,Pleno dia,Decrescente,Céu Claro,Dupla,Rotatória,Sim,2,0,1,0,1,0,1,2,-9.98588117,-67.84523538,SR-AC,UOP01,DEL01
281287,2020-04-24,sexta-feira,19:00:00,AC,364,126,RIO BRANCO,Desobediência às normas de trânsito pelo condutor,Colisão frontal,Com Vítimas Feridas,Plena Noite,Decrescente,Céu Claro,Simples,Reta,Sim,4,0,0,1,2,1,1,2,-10.0183958,-67.81359315,SR-AC,UOP01,DEL01
281487,2020-04-25,sábado,23:10:00,AC,364,121,RIO BRANCO,Ingestão de Álcool,Saída de leito carroçável,Com Vítimas Feridas,Plena Noite,Crescente,Céu Claro,Dupla,Rotatória,Sim,1,0,1,0,0,0,1,1,-10.01179146,-67.77075291,SR-AC,UOP01,DEL01
281498,2020-04-25,sábado,18:00:00,AC,364,32,ACRELANDIA,Desobediência às normas de trânsito pelo condutor,Colisão frontal,Com Vítimas Fatais,Plena Noite,Decrescente,Céu Claro,Simples,Reta,Não,3,1,1,0,1,0,1,2,-9.938263,-67.02349,SR-AC,UOP01,DEL01
281535,2020-04-26,domingo,08:30:00,AC,364,56,SENADOR GUIOMARD,Animais na Pista,Saída de leito carroçável,Com Vítimas Feridas,Pleno dia,Crescente,Sol,Simples,Não Informado,Não,2,0,1,0,1,0,1,1,-10.01602633,-67.22697984,SR-AC,UOP01,DEL01
281587,2020-04-26,domingo,15:50:00,AC,364,146,RIO BRANCO,Falta de Atenção à Condução,Colisão com objeto estático,Com Vítimas Feridas,Pleno dia,Crescente,Céu Claro,Dupla,Desvio Temporário,Não,2,0,0,1,1,0,1,1,-9.90251892,-67.89190668,SR-AC,UOP01,DEL01
281860,2020-04-28,terça-feira,08:00:00,AC,364,134,RIO BRANCO,Falta de Atenção à Condução,Colisão lateral,Com Vítimas Feridas,Pleno dia,Crescente,Céu Claro,Dupla,Reta,Sim,2,0,1,0,1,0,1,2,-9.98739491,-67.84559727,SR-AC,UOP01,DEL01
282195,2020-04-30,quinta-feira,16:00:00,AC,NA,NA,RIO BRANCO,Falta de Atenção à Condução,Colisão lateral,Com Vítimas Feridas,Pleno dia,Não Informado,Sol,Dupla,Reta,Sim,2,0,1,0,1,0,1,2,-9.995566,-67.807738,SR-AC,UOP01,DEL01
282469,2020-05-02,sábado,12:45:00,AC,364,131,RIO BRANCO,Defeito Mecânico no Veículo,Saída de leito carroçável,Sem Vítimas,Pleno dia,Crescente,Sol,Simples,Curva,Não,1,0,0,0,1,0,0,1,-10.01594689,-67.84093848,SR-AC,UOP01,DEL01
282947,2020-05-05,terça-feira,15:20:00,AC,364,121,RIO BRANCO,Pista Escorregadia,Saída de leito carroçável,Sem Vítimas,Pleno dia,Crescente,Nublado,Dupla,Rotatória,Sim,4,0,0,0,3,1,0,1,-10.01209268,-67.764365,SR-AC,UOP01,DEL01
282976,2020-05-05,terça-feira,16:00:00,AC,317,338,BRASILEIA,Falta de Atenção à Condução,Colisão frontal,Com Vítimas Fatais,Plena Noite,Crescente,Nublado,Simples,Reta,Sim,3,1,0,0,2,0,0,2,-10.907659,-69.03977,SR-AC,UOP02,DEL01
283038,2020-05-06,quarta-feira,07:00:00,AC,364,127,RIO BRANCO,Falta de Atenção à Condução,Colisão traseira,Com Vítimas Feridas,Pleno dia,Crescente,Céu Claro,Simples,Reta,Sim,3,0,0,2,1,0,2,2,-10.02452837,-67.81875556,SR-AC,UOP01,DEL01
283079,2020-04-16,quinta-feira,06:30:00,AC,317,181.8,XAPURI,Velocidade Incompatível,Colisão transversal,Com Vítimas Feridas,Amanhecer,Crescente,Nublado,Simples,Reta,Não,3,0,1,1,1,0,2,2,-10.59126224,-67.9694051,SR-AC,UOP02,DEL01
283300,2020-05-07,quinta-feira,18:00:00,AC,364,139,RIO BRANCO,Defeito na Via,Queda de ocupante de veículo,Com Vítimas Feridas,Anoitecer,Crescente,Céu Claro,Múltipla,Reta,Sim,1,0,1,0,0,0,1,1,-9.95359291,-67.86119892,SR-AC,UOP01,DEL01
284117,2020-05-12,terça-feira,15:30:00,AC,364,118.6,RIO BRANCO,Defeito Mecânico no Veículo,Tombamento,Com Vítimas Feridas,Pleno dia,Crescente,Céu Claro,Simples,Não Informado,Não,1,0,1,0,0,0,1,1,-10.01262298,-67.737275,SR-AC,UOP01,DEL01
284290,2020-05-13,quarta-feira,16:13:00,AC,364,141,RIO BRANCO,Desobediência às normas de trânsito pelo condutor,Colisão transversal,Com Vítimas Feridas,Pleno dia,Crescente,Céu Claro,Dupla,Reta,Sim,2,0,1,1,0,0,2,1,-9.94200493,-67.87512076,SR-AC,UOP01,DEL01
284464,2020-05-14,quinta-feira,19:05:00,AC,364,138,RIO BRANCO,Avarias e/ou desgaste excessivo no pneu,Tombamento,Com Vítimas Feridas,Plena Noite,Crescente,Nublado,Dupla,Reta,Sim,1,0,1,0,0,0,1,1,-9.96112502,-67.85646604,SR-AC,UOP01,DEL01
284470,2020-05-14,quinta-feira,17:30:00,AC,364,125,RIO BRANCO,Defeito na Via,Tombamento,Com Vítimas Feridas,Plena Noite,Decrescente,Nublado,Dupla,Reta,Sim,1,0,1,0,0,0,1,1,-10.01280606,-67.80005697,SR-AC,UOP01,DEL01
284528,2020-05-14,quinta-feira,09:10:00,AC,364,128,RIO BRANCO,Defeito Mecânico no Veículo,Saída de leito carroçável,Sem Vítimas,Pleno dia,Decrescente,Chuva,Simples,Reta,Sim,1,0,0,0,1,0,0,1,-10.02644375,-67.8206882,SR-AC,UOP01,DEL01
284544,2020-05-15,sexta-feira,08:40:00,AC,317,175,CAPIXABA,Defeito na Via,Saída de leito carroçável,Com Vítimas Feridas,Pleno dia,Crescente,Sol,Simples,Desvio Temporário,Sim,1,0,1,0,0,0,1,1,-10.59260083,-67.92489602,SR-AC,UOP02,DEL01
284924,2020-05-17,domingo,10:25:00,AC,364,124,RIO BRANCO,Falta de Atenção à Condução,Colisão transversal,Com Vítimas Feridas,Pleno dia,Crescente,Céu Claro,Dupla,Rotatória,Sim,4,0,2,0,2,0,2,2,-10.01200277,-67.79860497,SR-AC,UOP01,DEL01
285128,2020-05-18,segunda-feira,14:10:00,AC,317,242,XAPURI,Defeito na Via,Capotamento,Com Vítimas Feridas,Pleno dia,Decrescente,Céu Claro,Simples,Reta,Não,2,0,2,0,0,0,2,1,-10.762759,-68.438945,SR-AC,UOP02,DEL01
285329,2020-05-19,terça-feira,17:34:00,AC,317,104.6,SENADOR GUIOMARD,Animais na Pista,Atropelamento de Animal,Sem Vítimas,Anoitecer,Crescente,Chuva,Simples,Reta,Não,1,0,0,0,1,0,0,1,-10.262096,-67.705518,SR-AC,UOP01,DEL01
285467,2020-05-20,quarta-feira,18:25:00,AC,364,135,RIO BRANCO,Desobediência às normas de trânsito pelo pedestre,Atropelamento de Pedestre,Com Vítimas Feridas,Plena Noite,Decrescente,Céu Claro,Dupla,Rotatória,Sim,2,0,1,0,1,0,1,1,-9.98588117,-67.84523538,SR-AC,UOP01,DEL01
285477,2020-05-20,quarta-feira,18:10:00,AC,317,166,CAPIXABA,Animais na Pista,Atropelamento de Animal,Com Vítimas Feridas,Anoitecer,Crescente,Céu Claro,Simples,Reta,Não,1,0,0,1,0,0,1,1,-10.58504637,-67.83530942,SR-AC,UOP02,DEL01
285890,2020-05-23,sábado,04:05:00,AC,317,103,SENADOR GUIOMARD,Animais na Pista,Atropelamento de Animal,Sem Vítimas,Plena Noite,Crescente,Nublado,Simples,Reta,Não,2,0,0,0,2,0,0,1,-10.24696389,-67.70629452,SR-AC,UOP01,DEL01
286264,2020-05-25,segunda-feira,11:10:00,AC,364,133,RIO BRANCO,Falta de Atenção à Condução,Queda de ocupante de veículo,Com Vítimas Feridas,Pleno dia,Decrescente,Céu Claro,Dupla,Reta,Sim,1,0,0,1,0,0,1,1,-10.002488,-67.84954,SR-AC,UOP01,DEL01
286330,2020-05-25,segunda-feira,19:15:00,AC,317,154,CAPIXABA,Falta de Atenção à Condução,Colisão frontal,Com Vítimas Feridas,Plena Noite,Crescente,Céu Claro,Simples,Reta,Não,4,0,1,2,0,1,3,2,-10.60282652,-67.73890401,SR-AC,UOP02,DEL01
287116,2020-05-30,sábado,07:05:00,AC,364,123,RIO BRANCO,Falta de Atenção à Condução,Colisão traseira,Com Vítimas Feridas,Pleno dia,Crescente,Céu Claro,Dupla,Reta,Sim,2,0,1,0,1,0,1,2,-10.011671,-67.783277,SR-AC,UOP01,DEL01
287302,2020-05-31,domingo,01:50:00,AC,364,123,RIO BRANCO,Ingestão de Álcool,Saída de leito carroçável,Sem Vítimas,Plena Noite,Decrescente,Céu Claro,Dupla,Retorno Regulamentado,Sim,1,0,0,0,1,0,0,1,-10.011858,-67.782195,SR-AC,UOP01,DEL01
287475,2020-05-31,domingo,20:30:00,AC,364,129,RIO BRANCO,Defeito na Via,Tombamento,Com Vítimas Feridas,Plena Noite,Decrescente,Céu Claro,Simples,Reta,Sim,1,0,1,0,0,0,1,1,-10.02882024,-67.82932804,SR-AC,UOP01,DEL01
287859,2020-06-02,terça-feira,22:00:00,AC,364,129,RIO BRANCO,Defeito na Via,Tombamento,Com Vítimas Feridas,Plena Noite,Decrescente,Nublado,Simples,Curva,Não,1,0,1,0,0,0,1,1,-10.02882024,-67.82932804,SR-AC,UOP01,DEL01
288078,2020-06-04,quinta-feira,05:00:00,AC,317,190,CAPIXABA,Falta de Atenção à Condução,Saída de leito carroçável,Com Vítimas Feridas,Pleno dia,Decrescente,Nublado,Simples,Curva,Não,3,0,3,0,0,0,3,1,-10.62046882,-68.04231215,SR-AC,UOP02,DEL01
288141,2020-06-04,quinta-feira,17:30:00,AC,364,135,RIO BRANCO,Desobediência às normas de trânsito pelo condutor,Colisão traseira,Com Vítimas Feridas,Plena Noite,Crescente,Garoa/Chuvisco,Dupla,Interseção de vias,Sim,2,0,1,1,0,0,2,2,-9.98588117,-67.84523538,SR-AC,UOP01,DEL01
288149,2020-06-04,quinta-feira,19:00:00,AC,364,130,RIO BRANCO,Defeito na Via,Queda de ocupante de veículo,Com Vítimas Feridas,Plena Noite,Crescente,Garoa/Chuvisco,Simples,Reta,Sim,1,0,1,0,0,0,1,1,-10.02387812,-67.81795979,SR-AC,UOP01,DEL01
288209,2020-06-05,sexta-feira,04:00:00,AC,364,142,RIO BRANCO,Falta de Atenção à Condução,Colisão com objeto estático,Sem Vítimas,Plena Noite,Decrescente,Céu Claro,Dupla,Reta,Não,1,0,0,0,1,0,0,1,-9.93629479,-67.88193482,SR-AC,UOP01,DEL01
288474,2020-06-06,sábado,10:25:00,AC,364,93,SENADOR GUIOMARD,Falta de Atenção à Condução,Saída de leito carroçável,Com Vítimas Feridas,Pleno dia,Decrescente,Céu Claro,Simples,Reta,Não,4,0,4,0,0,0,4,1,-10.08373827,-67.53358513,SR-AC,UOP01,DEL01
288637,2020-06-07,domingo,06:05:00,AC,364,53,SENADOR GUIOMARD,Defeito na Via,Danos eventuais,Com Vítimas Feridas,Amanhecer,Crescente,Céu Claro,Simples,Reta,Não,3,0,1,2,0,0,3,1,-10.00411682,-67.20231509,SR-AC,UOP01,DEL01
288769,2020-06-07,domingo,19:15:00,AC,364,140,RIO BRANCO,Falta de Atenção à Condução,Colisão traseira,Sem Vítimas,Plena Noite,Crescente,Céu Claro,Dupla,Reta,Sim,2,0,0,0,2,0,0,2,-9.94779814,-67.86813111,SR-AC,UOP01,DEL01
288908,2020-06-08,segunda-feira,12:00:00,AC,364,123,RIO BRANCO,Defeito na Via,Queda de ocupante de veículo,Com Vítimas Feridas,Pleno dia,Decrescente,Sol,Dupla,Reta,Sim,1,0,1,0,0,0,1,1,-10.0117071,-67.782373,SR-AC,UOP01,DEL01
289017,2020-06-08,segunda-feira,12:20:00,AC,364,139,RIO BRANCO,Defeito Mecânico no Veículo,Colisão com objeto estático,Sem Vítimas,Pleno dia,Crescente,Céu Claro,Dupla,Reta,Sim,1,0,0,0,1,0,0,1,-9.95359291,-67.86119892,SR-AC,UOP01,DEL01
289476,2020-06-11,quinta-feira,15:10:00,AC,364,128,RIO BRANCO,Defeito Mecânico no Veículo,Queda de ocupante de veículo,Com Vítimas Feridas,Pleno dia,Crescente,Céu Claro,Dupla,Reta,Sim,1,0,1,0,0,0,1,1,-10.02644375,-67.8206882,SR-AC,UOP01,DEL01
289699,2020-06-12,sexta-feira,18:25:00,AC,364,126,RIO BRANCO,Defeito na Via,Queda de ocupante de veículo,Com Vítimas Feridas,Plena Noite,Decrescente,Céu Claro,Dupla,Reta,Sim,1,0,1,0,0,0,1,1,-10.012822,-67.80875,SR-AC,UOP01,DEL01
289711,2020-06-12,sexta-feira,19:10:00,AC,364,140,RIO BRANCO,Restrição de Visibilidade,Colisão traseira,Com Vítimas Feridas,Plena Noite,Crescente,Céu Claro,Dupla,Reta,Sim,2,0,0,1,1,0,1,2,-9.94485721,-67.8717866,SR-AC,UOP01,DEL01
290675,2020-06-18,quinta-feira,16:35:00,AC,364,125,RIO BRANCO,Falta de Atenção à Condução,Colisão lateral,Com Vítimas Feridas,Pleno dia,Decrescente,Céu Claro,Simples,Rotatória,Sim,3,0,2,0,1,0,2,2,-10.01280606,-67.80005697,SR-AC,UOP01,DEL01
290693,2020-06-18,quinta-feira,17:35:00,AC,364,124,RIO BRANCO,Pista Escorregadia,Tombamento,Com Vítimas Feridas,Anoitecer,Decrescente,Nublado,Simples,Reta,Sim,1,0,1,0,0,0,1,1,-10.01152469,-67.79140099,SR-AC,UOP01,DEL01
291117,2020-06-20,sábado,19:50:00,AC,364,120,RIO BRANCO,Desobediência às normas de trânsito pelo condutor,Colisão lateral,Com Vítimas Feridas,Plena Noite,Decrescente,Céu Claro,Dupla,Reta,Sim,6,0,1,0,4,1,1,2,-10.01226643,-67.75533501,SR-AC,UOP01,DEL01
291475,2020-06-22,segunda-feira,17:45:00,AC,364,137,RIO BRANCO,Desobediência às normas de trânsito pelo condutor,Atropelamento de Pedestre,Com Vítimas Feridas,Anoitecer,Decrescente,Céu Claro,Dupla,Curva,Sim,2,0,0,1,0,1,1,2,-9.96935404,-67.85264513,SR-AC,UOP01,DEL01
291631,2020-06-23,terça-feira,18:20:00,AC,364,129,RIO BRANCO,Defeito na Via,Queda de ocupante de veículo,Com Vítimas Feridas,Plena Noite,Crescente,Céu Claro,Dupla,Reta,Sim,1,0,0,1,0,0,1,1,-10.02882024,-67.82932804,SR-AC,UOP01,DEL01
291729,2020-06-24,quarta-feira,13:45:00,AC,364,115,RIO BRANCO,Pista Escorregadia,Tombamento,Com Vítimas Feridas,Pleno dia,Decrescente,Nublado,Simples,Rotatória,Sim,2,0,1,1,0,0,2,1,-10.01315317,-67.7102,SR-AC,UOP01,DEL01
292417,2020-06-28,domingo,09:20:00,AC,317,116.6,CAPIXABA,Pista Escorregadia,Saída de leito carroçável,Com Vítimas Feridas,Pleno dia,Crescente,Garoa/Chuvisco,Simples,Curva,Não,2,0,0,1,0,1,1,1,-10.35566911,-67.68620314,SR-AC,UOP01,DEL01
292442,2020-06-28,domingo,12:00:00,AC,317,192,XAPURI,Ingestão de Álcool,Saída de leito carroçável,Com Vítimas Feridas,Pleno dia,Crescente,Céu Claro,Simples,Desvio Temporário,Não,1,0,0,1,0,0,1,1,-10.62591734,-68.06571007,SR-AC,UOP02,DEL01
292468,2020-06-28,domingo,16:10:00,AC,364,142,RIO BRANCO,Animais na Pista,Tombamento,Com Vítimas Feridas,Pleno dia,Decrescente,Nublado,Dupla,Rotatória,Sim,2,0,2,0,0,0,2,1,-9.93629479,-67.88193482,SR-AC,UOP01,DEL01
292865,2020-07-01,quarta-feira,01:40:00,AC,364,123.2,RIO BRANCO,Ingestão de Álcool,Saída de leito carroçável,Sem Vítimas,Plena Noite,Decrescente,Nublado,Dupla,Reta,Sim,2,0,0,0,1,1,0,1,-10.0117071,-67.782373,SR-AC,UOP01,DEL01
293078,2020-07-02,quinta-feira,12:40:00,AC,364,127,RIO BRANCO,Falta de Atenção à Condução,Colisão traseira,Com Vítimas Feridas,Pleno dia,Crescente,Céu Claro,Dupla,Reta,Sim,2,0,0,1,1,0,1,2,-10.01980906,-67.81433091,SR-AC,UOP01,DEL01
293299,2020-07-03,sexta-feira,15:00:00,AC,364,121,RIO BRANCO,Desobediência às normas de trânsito pelo condutor,Colisão traseira,Com Vítimas Feridas,Pleno dia,Crescente,Céu Claro,Dupla,Reta,Sim,2,0,1,0,1,0,1,2,-10.011877,-67.773001,SR-AC,UOP01,DEL01
293327,2020-07-03,sexta-feira,16:40:00,AC,364,85,SENADOR GUIOMARD,Falta de Atenção à Condução,Saída de leito carroçável,Com Vítimas Feridas,Pleno dia,Crescente,Céu Claro,Simples,Curva,Não,1,0,1,0,0,0,1,1,-10.11235685,-67.46721907,SR-AC,UOP01,DEL01
294045,2020-07-07,terça-feira,08:30:00,AC,317,40,PORTO ACRE,Falta de Atenção à Condução,Colisão lateral,Sem Vítimas,Pleno dia,Crescente,Céu Claro,Simples,Reta,Não,2,0,0,0,2,0,0,2,-9.890138,-67.44179,SR-AC,UOP01,DEL01
294053,2020-07-07,terça-feira,10:55:00,AC,364,124,RIO BRANCO,Falta de Atenção à Condução,Colisão traseira,Com Vítimas Feridas,Pleno dia,Decrescente,Céu Claro,Simples,Rotatória,Sim,2,0,1,0,1,0,1,2,-10.01186542,-67.79784322,SR-AC,UOP01,DEL01
294734,2020-07-11,sábado,03:40:00,AC,364,125,RIO BRANCO,Falta de Atenção à Condução,Colisão com objeto estático,Sem Vítimas,Plena Noite,Decrescente,Céu Claro,Dupla,Curva,Sim,1,0,0,0,1,0,0,1,-10.01280606,-67.80005697,SR-AC,UOP01,DEL01
295310,2020-07-13,segunda-feira,19:00:00,AC,317,121,SENADOR GUIOMARD,Falta de Atenção à Condução,Saída de leito carroçável,Sem Vítimas,Plena Noite,Decrescente,Céu Claro,Simples,Reta,Não,1,0,0,0,0,1,0,1,-10.3760749,-67.71175938,SR-AC,UOP01,DEL01
295421,2020-07-14,terça-feira,13:40:00,AC,364,112,RIO BRANCO,Desobediência às normas de trânsito pelo condutor,Colisão traseira,Com Vítimas Feridas,Pleno dia,Crescente,Chuva,Simples,Não Informado,Sim,5,0,2,1,1,1,3,3,-10.0136782,-67.683134,SR-AC,UOP01,DEL01
295425,2020-07-14,terça-feira,09:30:00,AC,317,215.9,XAPURI,Velocidade Incompatível,Capotamento,Com Vítimas Feridas,Pleno dia,Crescente,Sol,Simples,Não Informado,Não,2,0,2,0,0,0,2,1,-10.6799595,-68.23266475,SR-AC,UOP02,DEL01
295677,2020-07-16,quinta-feira,07:45:00,AC,317,93,SENADOR GUIOMARD,Falta de Atenção à Condução,Atropelamento de Pedestre,Com Vítimas Feridas,Pleno dia,Crescente,Sol,Simples,Reta,Não,3,0,0,1,1,1,1,1,-10.17069008,-67.72130364,SR-AC,UOP01,DEL01
296067,2020-07-18,sábado,05:30:00,AC,364,99,SENADOR GUIOMARD,Carga excessiva e/ou mal acondicionada,Tombamento,Sem Vítimas,Amanhecer,Crescente,Céu Claro,Simples,Curva,Não,1,0,0,0,1,0,0,1,-10.06823778,-67.58340597,SR-AC,UOP01,DEL01
296271,2020-07-19,domingo,05:50:00,AC,364,136,RIO BRANCO,Velocidade Incompatível,Saída de leito carroçável,Com Vítimas Feridas,Amanhecer,Decrescente,Céu Claro,Dupla,Rotatória,Sim,1,0,1,0,0,0,1,1,-9.977578,-67.8489,SR-AC,UOP01,DEL01
296329,2020-07-19,domingo,14:00:00,AC,364,41,ACRELANDIA,Desobediência às normas de trânsito pelo condutor,Colisão transversal,Sem Vítimas,Pleno dia,Crescente,Céu Claro,Simples,Desvio Temporário,Não,2,0,0,0,1,1,0,2,-9.96148894,-67.10163802,SR-AC,UOP01,DEL01
296586,2020-07-20,segunda-feira,16:00:00,AC,317,65,RIO BRANCO,Falta de Atenção à Condução,Colisão lateral,Com Vítimas Feridas,Pleno dia,Decrescente,Céu Claro,Simples,Reta,Sim,1,0,0,1,0,0,1,1,-10.03968011,-67.54394895,SR-AC,UOP01,DEL01
297191,2020-07-24,sexta-feira,11:50:00,AC,317,264,EPITACIOLANDIA,Falta de Atenção à Condução,Saída de leito carroçável,Com Vítimas Feridas,Pleno dia,Crescente,Céu Claro,Simples,Não Informado,Não,3,0,0,2,0,1,2,1,-10.898258,-68.552892,SR-AC,UOP02,DEL01
297480,2020-07-25,sábado,19:00:00,AC,364,125,RIO BRANCO,Desobediência às normas de trânsito pelo condutor,Colisão transversal,Sem Vítimas,Plena Noite,Crescente,Garoa/Chuvisco,Simples,Rotatória,Sim,3,0,0,0,2,1,0,2,-10.01280606,-67.80005697,SR-AC,UOP01,DEL01
298713,2020-08-01,sábado,07:00:00,AC,364,143,RIO BRANCO,Defeito na Via,Tombamento,Com Vítimas Fatais,Pleno dia,Crescente,Céu Claro,Dupla,Desvio Temporário,Não,1,1,0,0,0,0,0,1,-9.92858308,-67.88590139,SR-AC,UOP01,DEL01
298728,2020-08-01,sábado,09:15:00,AC,364,149,RIO BRANCO,Defeito na Via,Colisão com objeto estático,Sem Vítimas,Pleno dia,Crescente,Céu Claro,Dupla,Reta,Sim,1,0,0,0,1,0,0,1,-9.87942293,-67.9051469,SR-AC,UOP01,DEL01
298777,2020-08-01,sábado,14:25:00,AC,364,112,RIO BRANCO,Ingestão de Álcool,Saída de leito carroçável,Com Vítimas Feridas,Pleno dia,Decrescente,Céu Claro,Simples,Não Informado,Não,1,0,1,0,0,0,1,1,-10.0136782,-67.683134,SR-AC,UOP01,DEL01
298878,2020-08-01,sábado,22:15:00,AC,364,137,RIO BRANCO,Falta de Atenção à Condução,Colisão lateral,Sem Vítimas,Plena Noite,Decrescente,Ignorado,Dupla,Reta,Sim,2,0,0,0,2,0,0,2,-9.96935404,-67.85264513,SR-AC,UOP01,DEL01
299335,2020-08-03,segunda-feira,18:15:00,AC,364,138,RIO BRANCO,Falta de Atenção à Condução,Colisão lateral,Com Vítimas Feridas,Plena Noite,Crescente,Céu Claro,Dupla,Rotatória,Sim,2,0,1,0,1,0,1,2,-9.96112502,-67.85646604,SR-AC,UOP01,DEL01
299397,2020-08-04,terça-feira,09:00:00,AC,364,145,RIO BRANCO,Desobediência às normas de trânsito pelo condutor,Colisão lateral,Com Vítimas Feridas,Pleno dia,Decrescente,Céu Claro,Dupla,Rotatória,Sim,3,0,1,0,2,0,1,2,-9.91119111,-67.88989247,SR-AC,UOP01,DEL01
299441,2020-07-30,quinta-feira,15:05:00,AC,364,148,RIO BRANCO,Desobediência às normas de trânsito pelo condutor,Capotamento,Com Vítimas Feridas,Pleno dia,Decrescente,Céu Claro,Dupla,Reta,Sim,2,0,1,0,1,0,1,2,-9.88690631,-67.90025345,SR-AC,UOP01,DEL01
299478,2020-08-04,terça-feira,18:00:00,AC,364,153.8,BUJARI,Falta de Atenção à Condução,Colisão traseira,Com Vítimas Feridas,Anoitecer,Crescente,Céu Claro,Simples,Reta,Não,2,0,0,1,1,0,1,2,-9.84908812,-67.92495316,SR-AC,UOP01,DEL01