id,data_inversa,dia_semana,horario,uf,br,km,municipio,causa_acidente,tipo_acidente,classificacao_acidente,fase_dia,sentido_via,condicao_metereologica,tipo_pista,tracado_via,uso_solo,pessoas,mortos,feridos_leves,feridos_graves,ilesos,ignorados,feridos,veiculos,latitude,longitude,regional,delegacia,uop
299695,2020-08-05,quarta-feira,23:25:00,AC,364,138,RIO BRANCO,Falta de Atenção à Condução,Colisão transversal,Com Vítimas Feridas,Plena Noite,Crescente,Céu Claro,Dupla,Rotatória,Sim,2,0,1,0,1,0,1,2,-9.96112502,-67.85646604,SR-AC,UOP01,DEL01
300082,2020-08-07,sexta-feira,19:00:00,AC,364,134,RIO BRANCO,Falta de Atenção à Condução,Colisão traseira,Sem Vítimas,Plena Noite,Crescente,Céu Claro,Dupla,Reta,Sim,1,0,0,0,1,0,0,1,-9.98710962,-67.84532905,SR-AC,UOP01,DEL01
300367,2020-08-09,domingo,06:00:00,AC,364,136,RIO BRANCO,Pista Escorregadia,Tombamento,Com Vítimas Feridas,Pleno dia,Crescente,Céu Claro,Dupla,Rotatória,Sim,1,0,0,1,0,0,1,1,-9.977578,-67.8489,SR-AC,UOP01,DEL01
300621,2020-08-10,segunda-feira,06:45:00,AC,364,137,RIO BRANCO,Falta de Atenção à Condução,Colisão traseira,Com Vítimas Feridas,Pleno dia,Decrescente,Sol,Simples,Rotatória,Sim,3,0,1,0,2,0,1,2,-9.969169,-67.853053,SR-AC,UOP01,DEL01
300735,2020-08-10,segunda-feira,18:56:00,AC,364,123,RIO BRANCO,Falta de Atenção do Pedestre,Atropelamento de Pedestre,Com Vítimas Feridas,Plena Noite,Crescente,Céu Claro,Dupla,Reta,Sim,2,0,1,1,0,0,2,1,-10.01168581,-67.78549433,SR-AC,UOP01,DEL01
301037,2020-08-12,quarta-feira,11:20:00,AC,317,272.8,EPITACIOLANDIA,Falta de Atenção do Pedestre,Atropelamento de Pedestre,Com Vítimas Feridas,Pleno dia,Decrescente,Sol,Simples,Reta,Não,5,0,0,1,4,0,1,1,-10.95796716,-68.59128078,SR-AC,UOP02,DEL01
301266,2020-08-13,quinta-feira,17:00:00,AC,364,122,RIO BRANCO,Falta de Atenção à Condução,Colisão transversal,Com Vítimas Feridas,Anoitecer,Decrescente,Céu Claro,Dupla,Retorno Regulamentado,Sim,2,0,1,0,1,0,1,2,-10.01188291,-67.773345,SR-AC,UOP01,DEL01
301276,2020-08-13,quinta-feira,18:15:00,AC,364,122,RIO BRANCO,Falta de Atenção do Pedestre,Atropelamento de Pedestre,Com Vítimas Feridas,Plena Noite,Decrescente,Céu Claro,Dupla,Reta,Sim,2,0,1,0,1,0,1,1,-10.01188291,-67.773345,SR-AC,UOP01,DEL01
301358,2020-08-14,sexta-feira,06:15:00,AC,364,123,RIO BRANCO,Desobediência às normas de trânsito pelo condutor,Colisão traseira,Sem Vítimas,Pleno dia,Crescente,Céu Claro,Dupla,Reta,Sim,1,0,0,0,1,0,0,1,-10.0117071,-67.782373,SR-AC,UOP01,DEL01
301393,2020-08-14,sexta-feira,09:50:00,AC,317,151,CAPIXABA,Falta de Atenção à Condução,Capotamento,Sem Vítimas,Pleno dia,Decrescente,Céu Claro,Simples,Curva,Não,1,0,0,0,0,1,0,1,-10.59713105,-67.71312396,SR-AC,UOP02,DEL01
301432,2020-08-14,sexta-feira,14:00:00,AC,364,122,RIO BRANCO,Fenômenos da Natureza,Saída de leito carroçável,Sem Vítimas,Pleno dia,Crescente,Chuva,Dupla,Reta,Sim,1,0,0,0,1,0,0,1,-10.01188291,-67.773345,SR-AC,UOP01,DEL01
301510,2020-08-14,sexta-feira,18:00:00,AC,364,14,ACRELANDIA,Falta de Atenção à Condução,Colisão frontal,Com Vítimas Fatais,Anoitecer,Decrescente,Céu Claro,Simples,Reta,Não,2,1,1,0,0,0,1,2,-9.84845089,-66.90090179,SR-AC,UOP01,DEL01
301828,2020-08-16,domingo,08:05:00,AC,364,123,RIO BRANCO,Defeito Mecânico no Veículo,Tombamento,Com Vítimas Feridas,Pleno dia,Decrescente,Céu Claro,Simples,Rotatória,Sim,1,0,1,0,0,0,1,1,-10.0117185,-67.79775739,SR-AC,UOP01,DEL01
302056,2020-08-17,segunda-feira,11:00:00,AC,364,133,RIO BRANCO,Falta de Atenção à Condução,Colisão traseira,Com Vítimas Feridas,Pleno dia,Decrescente,Sol,Dupla,Reta,Sim,2,0,0,1,1,0,1,2,-10.002488,-67.84954,SR-AC,UOP01,DEL01
302615,2020-08-20,quinta-feira,21:00:00,AC,364,125,RIO BRANCO,Falta de Atenção à Condução,Queda de ocupante de veículo,Com Vítimas Feridas,Plena Noite,Decrescente,Vento,Dupla,Reta,Sim,1,0,0,1,0,0,1,1,-10.01310158,-67.80628681,SR-AC,UOP01,DEL01
302961,2020-08-22,sábado,13:00:00,AC,317,121,CAPIXABA,Falta de Atenção à Condução,Capotamento,Com Vítimas Feridas,Pleno dia,Decrescente,Céu Claro,Simples,Curva,Não,3,0,1,2,0,0,3,1,-10.3760749,-67.71175938,SR-AC,UOP01,DEL01
303256,2020-08-23,domingo,17:00:00,AC,317,224,XAPURI,Defeito Mecânico no Veículo,Incêndio,Sem Vítimas,Pleno dia,Crescente,Céu Claro,Simples,Reta,Não,1,0,0,0,1,0,0,1,-10.67279367,-68.31153403,SR-AC,UOP02,DEL01
303274,2020-07-31,sexta-feira,15:07:00,AC,364,206,BUJARI,Desobediência às normas de trânsito pelo condutor,Colisão transversal,Sem Vítimas,Pleno dia,Crescente,Nublado,Simples,Reta,Não,2,0,0,0,2,0,0,2,-9.70035095,-68.16624731,SR-AC,UOP01,DEL01
303379,2020-08-10,segunda-feira,18:35:00,AC,364,122,RIO BRANCO,Falta de Atenção à Condução,Colisão traseira,Com Vítimas Feridas,Plena Noite,Decrescente,Céu Claro,Dupla,Reta,Sim,3,0,3,0,0,0,3,2,-10.01188291,-67.773345,SR-AC,UOP01,DEL01
303467,2020-08-24,segunda-feira,18:20:00,AC,364,128,RIO BRANCO,Falta de Atenção à Condução,Colisão transversal,Com Vítimas Feridas,Plena Noite,Crescente,Céu Claro,Simples,Curva,Não,2,0,1,0,1,0,1,2,-10.02644375,-67.8206882,SR-AC,UOP01,DEL01
303861,2020-08-26,quarta-feira,21:30:00,AC,364,136,RIO BRANCO,Defeito Mecânico no Veículo,Incêndio,Sem Vítimas,Plena Noite,Crescente,Céu Claro,Dupla,Reta,Sim,2,0,0,0,2,0,0,1,-9.977578,-67.8489,SR-AC,UOP01,DEL01
303964,2020-08-27,quinta-feira,18:40:00,AC,364,129,RIO BRANCO,Defeito na Via,Tombamento,Com Vítimas Feridas,Plena Noite,Crescente,Céu Claro,Simples,Reta,Não,1,0,1,0,0,0,1,1,-10.02882024,-67.82932804,SR-AC,UOP01,DEL01
304306,2020-08-29,sábado,09:55:00,AC,364,135,RIO BRANCO,Falta de Atenção à Condução,Colisão transversal,Sem Vítimas,Pleno dia,Crescente,Céu Claro,Dupla,Rotatória,Sim,2,0,0,0,2,0,0,2,-9.98588117,-67.84523538,SR-AC,UOP01,DEL01
304319,2020-08-29,sábado,11:00:00,AC,364,136,RIO BRANCO,Falta de Atenção à Condução,Colisão traseira,Com Vítimas Feridas,Pleno dia,Crescente,Sol,Dupla,Reta,Sim,2,0,1,0,1,0,1,2,-9.977578,-67.8489,SR-AC,UOP01,DEL01
304479,2020-08-29,sábado,22:25:00,AC,364,136.5,RIO BRANCO,Ingestão de Álcool,Tombamento,Com Vítimas Feridas,Plena Noite,Decrescente,Céu Claro,Dupla,Rotatória,Sim,1,0,1,0,0,0,1,1,-9.977578,-67.8489,SR-AC,UOP01,DEL01
304482,2020-08-29,sábado,22:40:00,AC,317,288,EPITACIOLANDIA,Falta de Atenção à Condução,Colisão lateral,Com Vítimas Feridas,Plena Noite,Decrescente,Céu Claro,Simples,Não Informado,Não,2,0,0,1,0,1,1,2,-11.02960869,-68.70038516,SR-AC,UOP02,DEL01
304585,2020-08-30,domingo,11:00:00,AC,317,81,SENADOR GUIOMARD,Desobediência às normas de trânsito pelo condutor,Colisão lateral,Com Vítimas Feridas,Pleno dia,Crescente,Céu Claro,Simples,Reta,Não,3,0,0,1,2,0,1,2,-10.10743166,-67.65820387,SR-AC,UOP01,DEL01
304611,2020-08-30,domingo,14:25:00,AC,364,115,RIO BRANCO,Falta de Atenção à Condução,Queda de ocupante de veículo,Com Vítimas Feridas,Pleno dia,Decrescente,Céu Claro,Dupla,Rotatória,Sim,1,0,1,0,0,0,1,1,-10.01320723,-67.71745205,SR-AC,UOP01,DEL01
304653,2020-08-30,domingo,14:40:00,AC,364,193,BUJARI,Avarias e/ou desgaste excessivo no pneu,Saída de leito carroçável,Com Vítimas Feridas,Pleno dia,Decrescente,Céu Claro,Simples,Reta,Não,5,0,1,2,2,0,3,3,-9.63867624,-68.22109827,SR-AC,UOP01,DEL01
305118,2020-09-02,quarta-feira,04:20:00,AC,364,107,RIO BRANCO,Falta de Atenção à Condução,Colisão traseira,Sem Vítimas,Amanhecer,Crescente,Céu Claro,Simples,Reta,Sim,2,0,0,0,2,0,0,2,-10.02638386,-67.6418639,SR-AC,UOP01,DEL01
305275,2020-09-02,quarta-feira,15:05:00,AC,364,128,RIO BRANCO,Falta de Atenção à Condução,Queda de ocupante de veículo,Com Vítimas Feridas,Pleno dia,Crescente,Céu Claro,Simples,Reta,Sim,1,0,1,0,0,0,1,1,-10.02644375,-67.8206882,SR-AC,UOP01,DEL01
305277,2020-09-02,quarta-feira,15:55:00,AC,364,135,RIO BRANCO,Falta de Atenção à Condução,Colisão traseira,Com Vítimas Feridas,Pleno dia,Decrescente,Céu Claro,Dupla,Reta,Sim,2,0,1,0,1,0,1,2,-9.98588117,-67.84523538,SR-AC,UOP01,DEL01
305373,2020-09-03,quinta-feira,10:30:00,AC,364,102,RIO BRANCO,Avarias e/ou desgaste excessivo no pneu,Tombamento,Com Vítimas Feridas,Pleno dia,Decrescente,Céu Claro,Simples,Não Informado,Não,2,0,2,0,0,0,2,1,-10.05263508,-67.60532906,SR-AC,UOP01,DEL01
305616,2020-09-04,sexta-feira,13:00:00,AC,364,124,RIO BRANCO,Desobediência às normas de trânsito pelo condutor,Colisão transversal,Com Vítimas Feridas,Pleno dia,Decrescente,Céu Claro,Simples,Rotatória,Sim,4,0,1,0,3,0,1,2,-10.01152469,-67.79140099,SR-AC,UOP01,DEL01
305708,2020-09-04,sexta-feira,18:15:00,AC,364,133,RIO BRANCO,Ingestão de Álcool,Colisão traseira,Com Vítimas Feridas,Plena Noite,Crescente,Céu Claro,Dupla,Reta,Sim,2,0,1,0,1,0,1,2,-9.99936625,-67.84952402,SR-AC,UOP01,DEL01
306232,2020-09-06,domingo,16:30:00,AC,364,168,BUJARI,Defeito na Via,Colisão lateral,Com Vítimas Feridas,Pleno dia,Decrescente,Céu Claro,Simples,Desvio Temporário,Não,3,0,0,1,2,0,1,2,-9.77647958,-68.04125373,SR-AC,UOP01,DEL01
306234,2020-09-06,domingo,16:50:00,AC,364,120,RIO BRANCO,Falta de Atenção à Condução,Colisão transversal,Com Vítimas Feridas,Anoitecer,Crescente,Nublado,Dupla,Reta,Sim,3,0,2,0,1,0,2,3,-10.01226643,-67.75533501,SR-AC,UOP01,DEL01
306237,2020-09-06,domingo,17:00:00,AC,317,272,EPITACIOLANDIA,Pista Escorregadia,Saída de leito carroçável,Com Vítimas Feridas,Anoitecer,Crescente,Nublado,Simples,Não Informado,Não,1,0,1,0,0,0,1,1,-10.95796716,-68.59128078,SR-AC,UOP02,DEL01
306488,2020-09-07,segunda-feira,18:10:00,AC,364,129,RIO BRANCO,Defeito na Via,Saída de leito carroçável,Com Vítimas Feridas,Plena Noite,Crescente,Chuva,Simples,Reta,Sim,1,0,1,0,0,0,1,1,-10.02882024,-67.82932804,SR-AC,UOP01,DEL01
307030,2020-09-10,quinta-feira,10:55:00,AC,364,83,SENADOR GUIOMARD,Falta de Atenção à Condução,Saída de leito carroçável,Sem Vítimas,Pleno dia,Decrescente,Sol,Simples,Reta,Não,1,0,0,0,0,1,0,1,-10.10528028,-67.45037088,SR-AC,UOP01,DEL01
307075,2020-09-10,quinta-feira,17:00:00,AC,364,110,RIO BRANCO,Falta de Atenção à Condução,Colisão lateral,Com Vítimas Feridas,Pleno dia,Decrescente,Vento,Simples,Desvio Temporário,Não,4,0,3,0,1,0,3,3,-10.01402531,-67.66508801,SR-AC,UOP01,DEL01
307205,2020-07-29,quarta-feira,17:30:00,AC,317,265,EPITACIOLANDIA,Falta de Atenção à Condução,Saída de leito carroçável,Com Vítimas Feridas,Anoitecer,Decrescente,Céu Claro,Simples,Não Informado,Não,1,0,0,1,0,0,1,1,-10.90405681,-68.55988218,SR-AC,UOP02,DEL01
308072,2020-09-15,terça-feira,11:20:00,AC,317,110,SENADOR GUIOMARD,Falta de Atenção à Condução,Tombamento,Com Vítimas Feridas,Pleno dia,Crescente,Céu Claro,Simples,Reta,Não,2,0,1,0,1,0,1,2,-10.30307606,-67.69245483,SR-AC,UOP01,DEL01
308145,2020-09-15,terça-feira,17:20:00,AC,364,124,RIO BRANCO,Desobediência às normas de trânsito pelo condutor,Colisão lateral,Com Vítimas Feridas,Anoitecer,Decrescente,Céu Claro,Dupla,Rotatória,Sim,3,0,1,0,2,0,1,2,-10.01152469,-67.79140099,SR-AC,UOP01,DEL01
308758,2020-09-18,sexta-feira,11:45:00,AC,364,112,RIO BRANCO,Falta de Atenção à Condução,Colisão traseira,Com Vítimas Feridas,Pleno dia,Crescente,Céu Claro,Simples,Não Informado,Não,3,0,1,0,0,2,1,2,-10.0136782,-67.683134,SR-AC,UOP01,DEL01
308853,2020-09-19,sábado,10:00:00,AC,364,123,RIO BRANCO,Falta de Atenção à Condução,Colisão lateral,Sem Vítimas,Pleno dia,Crescente,Sol,Dupla,Reta,Sim,2,0,0,0,2,0,0,2,-10.0117071,-67.782373,SR-AC,UOP01,DEL01
308968,2020-09-19,sábado,19:30:00,AC,364,125,RIO BRANCO,Falta de Atenção à Condução,Colisão traseira,Sem Vítimas,Plena Noite,Decrescente,Ignorado,Dupla,Rotatória,Sim,2,0,0,0,2,0,0,2,-10.01280606,-67.80005697,SR-AC,UOP01,DEL01
309409,2020-09-21,segunda-feira,09:20:00,AC,364,134.9,RIO BRANCO,Defeito Mecânico no Veículo,Colisão com objeto estático,Sem Vítimas,Pleno dia,Crescente,Céu Claro,Dupla,Reta,Sim,2,0,0,0,2,0,0,1,-9.993501,-67.84868,SR-AC,UOP01,DEL01
309502,2020-08-23,domingo,11:30:00,AC,364,314,SENA MADUREIRA,Falta de Atenção à Condução,Saída de leito carroçável,Com Vítimas Feridas,Pleno dia,Decrescente,Céu Claro,Simples,Reta,Não,1,0,1,0,0,0,1,1,-8.97403619,-69.01799904,SR-AC,UOP01,DEL01
309935,2020-09-24,quinta-feira,11:20:00,AC,364,103.8,RIO BRANCO,Defeito Mecânico no Veículo,Tombamento,Com Vítimas Feridas,Pleno dia,Crescente,Sol,Simples,Não Informado,Não,2,0,2,0,0,0,2,1,-10.04738918,-67.61263813,SR-AC,UOP01,DEL01
309947,2020-09-24,quinta-feira,12:15:00,AC,364,138,RIO BRANCO,Desobediência às normas de trânsito pelo condutor,Colisão transversal,Com Vítimas Feridas,Pleno dia,Crescente,Sol,Simples,Rotatória,Sim,3,0,1,1,1,0,2,2,-9.96112502,-67.85646604,SR-AC,UOP01,DEL01
309992,2020-09-24,quinta-feira,12:50:00,AC,317,63.5,RIO BRANCO,Desobediência às normas de trânsito pelo condutor,Saída de leito carroçável,Com Vítimas Feridas,Pleno dia,Decrescente,Céu Claro,Simples,Curva,Não,1,0,0,1,0,0,1,1,-10.02722389,-67.53200939,SR-AC,UOP01,DEL01
310907,2020-09-28,segunda-feira,13:00:00,AC,364,137,RIO BRANCO,Desobediência às normas de trânsito pelo condutor,Colisão lateral,Com Vítimas Feridas,Pleno dia,Decrescente,Chuva,Dupla,Reta,Sim,2,0,1,0,1,0,1,2,-9.96935404,-67.85264513,SR-AC,UOP01,DEL01
311347,2020-09-30,quarta-feira,22:40:00,AC,364,136,RIO BRANCO,Animais na Pista,Atropelamento de Animal,Com Vítimas Feridas,Plena Noite,Crescente,Céu Claro,Dupla,Reta,Sim,1,0,1,0,0,0,1,1,-9.98309441,-67.84636974,SR-AC,UOP01,DEL01
312655,2020-08-03,segunda-feira,13:25:00,AC,364,132,RIO BRANCO,Desobediência às normas de trânsito pelo condutor,Colisão lateral,Com Vítimas Feridas,Pleno dia,Decrescente,Sol,Dupla,Rotatória,Sim,3,0,1,1,1,0,2,2,-10.01005063,-67.84552927,SR-AC,UOP01,DEL01
313095,2020-10-09,sexta-feira,07:10:00,AC,317,85,SENADOR GUIOMARD,Falta de Atenção à Condução,Colisão traseira,Com Vítimas Feridas,Pleno dia,Crescente,Céu Claro,Simples,Reta,Não,2,0,0,1,1,0,1,2,-10.11512203,-67.6892849,SR-AC,UOP01,DEL01
313268,2020-10-09,sexta-feira,18:30:00,AC,317,286,EPITACIOLANDIA,Desobediência às normas de trânsito pelo condutor,Colisão traseira,Com Vítimas Feridas,Plena Noite,Decrescente,Céu Claro,Simples,Reta,Não,3,0,0,2,1,0,2,2,-11.0213963,-68.68407586,SR-AC,UOP02,DEL01
313498,2020-10-10,sábado,13:55:00,AC,364,136,RIO BRANCO,Ingestão de Álcool,Colisão traseira,Com Vítimas Feridas,Pleno dia,Decrescente,Céu Claro,Dupla,Rotatória,Sim,3,0,1,0,2,0,1,3,-9.977578,-67.8489,SR-AC,UOP01,DEL01
313695,2020-10-10,sábado,18:45:00,AC,364,124,RIO BRANCO,Falta de Atenção do Pedestre,Atropelamento de Pedestre,Com Vítimas Feridas,Plena Noite,Crescente,Céu Claro,Dupla,Reta,Sim,2,0,2,0,0,0,2,1,-10.01152469,-67.79140099,SR-AC,UOP01,DEL01
314038,2020-10-11,domingo,11:50:00,AC,364,141,RIO BRANCO,Mal Súbito,Queda de ocupante de veículo,Com Vítimas Feridas,Pleno dia,Crescente,Céu Claro,Dupla,Rotatória,Sim,1,0,1,0,0,0,1,1,-9.94200493,-67.87512076,SR-AC,UOP01,DEL01
314097,2020-10-11,domingo,15:20:00,AC,317,100,SENADOR GUIOMARD,Falta de Atenção à Condução,Tombamento,Sem Vítimas,Pleno dia,Crescente,Sol,Simples,Reta,Não,1,0,0,0,0,1,0,1,-10.2212353,-67.70247852,SR-AC,UOP01,DEL01
314101,2020-10-11,domingo,16:00:00,AC,317,14,PORTO ACRE,Ingestão de Álcool,Colisão lateral,Com Vítimas Feridas,Pleno dia,Crescente,Céu Claro,Simples,Reta,Sim,2,0,1,0,1,0,1,2,-9.70951199,-67.33613006,SR-AC,UOP01,DEL01
314139,2020-10-11,domingo,18:30:00,AC,364,200,BUJARI,Desobediência às normas de trânsito pelo condutor,Colisão lateral,Com Vítimas Feridas,Plena Noite,Decrescente,Nevoeiro/Neblina,Simples,Reta,Sim,3,0,2,1,0,0,3,2,-9.59118209,-68.2639831,SR-AC,UOP01,DEL01
314333,2020-10-12,segunda-feira,14:00:00,AC,317,109,SENADOR GUIOMARD,Avarias e/ou desgaste excessivo no pneu,Saída de leito carroçável,Com Vítimas Feridas,Pleno dia,Decrescente,Céu Claro,Simples,Reta,Não,4,0,3,0,1,0,3,1,-10.29467307,-67.6932464,SR-AC,UOP01,DEL01
314420,2020-10-12,segunda-feira,17:30:00,AC,317,120,CAPIXABA,Avarias e/ou desgaste excessivo no pneu,Capotamento,Com Vítimas Feridas,Plena Noite,Decrescente,Céu Claro,Simples,Reta,Não,4,0,3,0,1,0,3,1,-10.36723295,-67.70968824,SR-AC,UOP01,DEL01
314743,2020-10-14,quarta-feira,12:45:00,AC,364,137,RIO BRANCO,Falta de Atenção à Condução,Colisão lateral,Sem Vítimas,Pleno dia,Decrescente,Céu Claro,Dupla,Rotatória,Sim,2,0,0,0,2,0,0,2,-9.96935404,-67.85264513,SR-AC,UOP01,DEL01
314810,2020-10-14,quarta-feira,20:10:00,AC,364,123,RIO BRANCO,Velocidade Incompatível,Colisão traseira,Com Vítimas Feridas,Plena Noite,Decrescente,Céu Claro,Dupla,Reta,Sim,4,0,3,0,1,0,3,2,-10.0117071,-67.782373,SR-AC,UOP01,DEL01
314821,2020-10-14,quarta-feira,20:30:00,AC,364,115,RIO BRANCO,Velocidade Incompatível,Saída de leito carroçável,Com Vítimas Feridas,Plena Noite,Decrescente,Céu Claro,Dupla,Rotatória,Sim,1,0,0,1,0,0,1,1,-10.01312271,-67.71706581,SR-AC,UOP01,DEL01
315223,2020-10-16,sexta-feira,19:40:00,AC,317,11,PORTO ACRE,Animais na Pista,Atropelamento de Animal,Sem Vítimas,Plena Noite,Crescente,Céu Claro,Simples,Reta,Não,1,0,0,0,1,0,0,1,-9.683322,-67.33719,SR-AC,UOP01,DEL01
315296,2020-10-17,sábado,08:00:00,AC,364,130,RIO BRANCO,Defeito na Via,Tombamento,Com Vítimas Feridas,Pleno dia,Crescente,Céu Claro,Simples,Reta,Não,1,0,1,0,0,0,1,1,-10.0240943,-67.8369574,SR-AC,UOP01,DEL01
315350,2020-10-17,sábado,15:00:00,AC,364,215,SENA MADUREIRA,Falta de Atenção à Condução,Saída de leito carroçável,Com Vítimas Feridas,Pleno dia,Crescente,Sol,Simples,Reta,Não,1,0,0,1,0,0,1,1,-9.489413,-68.355835,SR-AC,UOP01,DEL01
315754,2020-10-19,segunda-feira,11:30:00,AC,364,124,RIO BRANCO,Desobediência às normas de trânsito pelo condutor,Colisão transversal,Com Vítimas Feridas,Pleno dia,Crescente,Céu Claro,Dupla,Rotatória,Sim,2,0,0,1,1,0,1,2,-10.01152469,-67.79140099,SR-AC,UOP01,DEL01
315761,2020-10-19,segunda-feira,13:00:00,AC,317,229,XAPURI,Carga excessiva e/ou mal acondicionada,Capotamento,Com Vítimas Feridas,Pleno dia,Crescente,Nublado,Simples,Desvio Temporário,Não,1,0,1,0,0,0,1,1,-10.68470242,-68.35520274,SR-AC,UOP02,DEL01
315783,2020-10-19,segunda-feira,11:15:00,AC,364,123,RIO BRANCO,Falta de Atenção à Condução,Tombamento,Com Vítimas Feridas,Pleno dia,Crescente,Céu Claro,Dupla,Reta,Sim,1,0,1,0,0,0,1,1,-10.0117071,-67.782373,SR-AC,UOP01,DEL01
316316,2020-04-18,sábado,16:00:00,AC,364,127,RIO BRANCO,Velocidade Incompatível,Queda de ocupante de veículo,Com Vítimas Feridas,Pleno dia,Crescente,Sol,Simples,Reta,Sim,2,0,0,1,1,0,1,1,-10.01980906,-67.81433091,SR-AC,UOP01,DEL01
316498,2020-10-23,sexta-feira,11:35:00,AC,364,132,RIO BRANCO,Desobediência às normas de trânsito pelo condutor,Colisão transversal,Com Vítimas Feridas,Pleno dia,Crescente,Céu Claro,Simples,Curva,Sim,2,0,2,0,0,0,2,2,-10.00672,-67.84851551,SR-AC,UOP01,DEL01
316678,2020-10-24,sábado,04:50:00,AC,364,139,RIO BRANCO,Falta de Atenção à Condução,Colisão com objeto estático,Sem Vítimas,Pleno dia,Crescente,Céu Claro,Simples,Reta,Sim,1,0,0,0,0,1,0,1,-9.95359291,-67.86119892,SR-AC,UOP01,DEL01
317290,2020-10-26,segunda-feira,15:10:00,AC,364,127.8,RIO BRANCO,Animais na Pista,Atropelamento de Animal,Com Vítimas Feridas,Pleno dia,Crescente,Céu Claro,Simples,Reta,Sim,1,0,0,1,0,0,1,1,-10.01980906,-67.81433091,SR-AC,UOP01,DEL01
318167,2020-10-30,sexta-feira,10:30:00,AC,364,253.8,SENA MADUREIRA,Fenômenos da Natureza,Colisão traseira,Com Vítimas Feridas,Pleno dia,Decrescente,Chuva,Simples,Não Informado,Não,2,0,0,1,1,0,1,2,-9.20209682,-68.54372677,SR-AC,UOP01,DEL01
318370,2020-10-31,sábado,18:20:00,AC,364,123,RIO BRANCO,Falta de Atenção à Condução,Colisão lateral,Com Vítimas Feridas,Plena Noite,Crescente,Céu Claro,Simples,Curva,Sim,3,0,0,1,2,0,1,2,-10.0117071,-67.782373,SR-AC,UOP01,DEL01
318410,2020-10-31,sábado,21:00:00,AC,317,100,SENADOR GUIOMARD,Ingestão de Álcool,Saída de leito carroçável,Com Vítimas Feridas,Plena Noite,Decrescente,Nublado,Simples,Reta,Não,1,0,1,0,0,0,1,1,-10.2212353,-67.70247852,SR-AC,UOP01,DEL01
318540,2020-11-01,domingo,09:30:00,AC,317,12.2,SENADOR GUIOMARD,Falta de Atenção à Condução,Colisão transversal,Com Vítimas Fatais,Pleno dia,Decrescente,Céu Claro,Simples,Reta,Não,9,2,0,4,2,1,4,2,-9.69206106,-67.33582342,SR-AC,UOP01,DEL01
318584,2020-11-01,domingo,16:40:00,AC,364,124,RIO BRANCO,Desobediência às normas de trânsito pelo condutor,Colisão lateral,Com Vítimas Feridas,Pleno dia,Decrescente,Céu Claro,Dupla,Reta,Sim,4,0,2,0,1,1,2,3,-10.01152469,-67.79140099,SR-AC,UOP01,DEL01
318617,2020-11-01,domingo,19:10:00,AC,364,135,RIO BRANCO,Falta de Atenção à Condução,Colisão lateral,Com Vítimas Feridas,Plena Noite,Crescente,Céu Claro,Simples,Rotatória,Sim,3,0,2,0,0,1,2,2,-9.98588117,-67.84523538,SR-AC,UOP01,DEL01
318886,2020-11-02,segunda-feira,19:00:00,AC,317,290,EPITACIOLANDIA,Deficiência ou não Acionamento do Sistema de Iluminação/Sinalização do Veículo,Colisão traseira,Sem Vítimas,Plena Noite,Crescente,Céu Claro,Simples,Reta,Sim,3,0,0,0,3,0,0,2,-11.03783,-68.7167,SR-AC,UOP02,DEL01
318887,2020-11-02,segunda-feira,17:30:00,AC,317,303,BRASILEIA,Desobediência às normas de trânsito pelo condutor,Colisão traseira,Com Vítimas Feridas,Plena Noite,Crescente,Céu Claro,Simples,Curva,Não,3,0,0,2,0,1,2,2,-10.96524005,-68.78844504,SR-AC,UOP02,DEL01
319174,2020-11-04,quarta-feira,17:20:00,AC,364,124,RIO BRANCO,Falta de Atenção à Condução,Atropelamento de Pedestre,Com Vítimas Feridas,Anoitecer,Decrescente,Céu Claro,Dupla,Reta,Sim,3,0,2,1,0,0,3,1,-10.01152469,-67.79140099,SR-AC,UOP01,DEL01
319259,2020-11-05,quinta-feira,06:00:00,AC,317,100,SENADOR GUIOMARD,Defeito Mecânico no Veículo,Tombamento,Com Vítimas Feridas,Pleno dia,Decrescente,Céu Claro,Simples,Reta,Não,1,0,1,0,0,0,1,1,-10.2212353,-67.70247852,SR-AC,UOP01,DEL01
319775,2020-11-07,sábado,17:50:00,AC,364,96.2,SENADOR GUIOMARD,Falta de Atenção à Condução,Colisão lateral,Com Vítimas Feridas,Plena Noite,Decrescente,Céu Claro,Simples,Curva,Não,3,0,0,1,2,0,1,2,-10.07264149,-67.55862413,SR-AC,UOP01,DEL01
320083,2020-11-08,domingo,19:40:00,AC,364,135,RIO BRANCO,Desobediência às normas de trânsito pelo condutor,Colisão transversal,Com Vítimas Feridas,Plena Noite,Crescente,Chuva,Dupla,Rotatória,Sim,3,0,2,0,1,0,2,2,-9.98588117,-67.84523538,SR-AC,UOP01,DEL01
320196,2020-11-09,segunda-feira,07:15:00,AC,364,130,RIO BRANCO,Pista Escorregadia,Queda de ocupante de veículo,Com Vítimas Feridas,Pleno dia,Decrescente,Sol,Simples,Reta,Não,1,0,1,0,0,0,1,1,-10.0240943,-67.8369574,SR-AC,UOP01,DEL01
320592,2020-11-10,terça-feira,11:10:00,AC,NA,NA,RIO BRANCO,Desobediência às normas de trânsito pelo condutor,Colisão lateral,Sem Vítimas,Pleno dia,Não Informado,Céu Claro,Simples,Reta,Sim,2,0,0,0,2,0,0,2,-9.97025952,-67.81821728,SR-AC,UOP01,DEL01