id,data_inversa,dia_semana,horario,uf,br,km,municipio,causa_acidente,tipo_acidente,classificacao_acidente,fase_dia,sentido_via,condicao_metereologica,tipo_pista,tracado_via,uso_solo,pessoas,mortos,feridos_leves,feridos_graves,ilesos,ignorados,feridos,veiculos,latitude,longitude,regional,delegacia,uop
263019,2020-01-15,quarta-feira,18:30:00,RO,364,713,PORTO VELHO,Falta de Atenção do Pedestre,Atropelamento de Pedestre,Com Vítimas Feridas,Anoitecer,Crescente,Céu Claro,Dupla,Reta,Sim,2,0,1,0,1,0,1,1,-8.77160239,-63.88363492,SR-RO,DEL21/1,UOP01/RO
263079,2020-01-16,quinta-feira,06:00:00,RO,364,384,OURO PRETO DO OESTE,Falta de Atenção do Pedestre,Atropelamento de Pedestre,Com Vítimas Feridas,Amanhecer,Decrescente,Garoa/Chuvisco,Simples,Reta,Não,2,0,0,1,1,0,1,1,-10.71524933,-62.25065352,SR-RO,DEL21/2,UOP01/RO
263101,2020-01-15,quarta-feira,22:30:00,RO,364,340.7,JI-PARANA,Desobediência às normas de trânsito pelo condutor,Colisão transversal,Sem Vítimas,Plena Noite,Crescente,Nublado,Simples,Interseção de vias,Sim,2,0,0,0,2,0,0,2,-10.898802,-61.93046,SR-RO,DEL21/2,UOP01/RO
263151,2020-01-16,quinta-feira,08:30:00,RO,364,403.2,OURO PRETO DO OESTE,Não guardar distância de segurança,Colisão frontal,Com Vítimas Feridas,Pleno dia,Crescente,Céu Claro,Simples,Reta,Não,6,0,5,0,1,0,5,2,-10.58293907,-62.36028809,SR-RO,DEL21/3,UOP02/RO
263168,2020-01-16,quinta-feira,14:00:00,RO,364,341.5,JI-PARANA,Não guardar distância de segurança,Colisão traseira,Com Vítimas Feridas,Pleno dia,Crescente,Nublado,Simples,Reta,Sim,3,0,1,0,2,0,1,2,-10.88987987,-61.93126772,SR-RO,DEL21/2,UOP01/RO
263196,2020-01-16,quinta-feira,16:55:00,RO,364,341.8,JI-PARANA,Velocidade Incompatível,Colisão lateral,Com Vítimas Feridas,Pleno dia,Crescente,Céu Claro,Dupla,Reta,Sim,4,0,1,0,3,0,1,4,-10.88411609,-61.93711996,SR-RO,DEL21/2,UOP01/RO
263212,2020-01-16,quinta-feira,19:25:00,RO,364,341.5,JI-PARANA,Desobediência às normas de trânsito pelo pedestre,Atropelamento de Pedestre,Com Vítimas Feridas,Plena Noite,Crescente,Céu Claro,Dupla,Desvio Temporário,Sim,3,0,0,1,2,0,1,2,-10.88661208,-61.93356872,SR-RO,DEL21/2,UOP01/RO
263234,2020-01-16,quinta-feira,18:00:00,RO,425,66.6,NOVA MAMORE,Defeito na Via,Saída de leito carroçável,Sem Vítimas,Pleno dia,Decrescente,Céu Claro,Simples,Desvio Temporário,Não,2,0,0,0,2,0,0,1,-10.120482,-65.293472,SR-RO,DEL01,UOP04/RO
263357,2020-01-17,sexta-feira,11:25:00,RO,364,424.9,JARU,Desobediência às normas de trânsito pelo condutor,Colisão transversal,Com Vítimas Feridas,Pleno dia,Crescente,Nublado,Múltipla,Interseção de vias,Sim,3,0,0,1,2,0,1,2,-10.43822481,-62.4705255,SR-RO,DEL21/3,UOP02/RO
263396,2020-01-17,sexta-feira,16:10:00,RO,364,710,PORTO VELHO,Desobediência às normas de trânsito pelo condutor,Colisão lateral,Com Vítimas Feridas,Pleno dia,Decrescente,Sol,Simples,Interseção de vias,Sim,2,0,0,1,1,0,1,2,-8.78621576,-63.85712687,SR-RO,DEL21/1,UOP01/RO
263522,2020-01-18,sábado,05:20:00,RO,364,19.9,VILHENA,Desobediência às normas de trânsito pelo condutor,Colisão traseira,Com Vítimas Feridas,Pleno dia,Crescente,Céu Claro,Simples,Reta,Não,2,0,1,0,1,0,1,2,-12.72739955,-60.18370888,SR-RO,DEL21/4,UOP01/RO
263546,2020-01-18,sábado,06:45:00,RO,364,711.6,PORTO VELHO,Ingestão de Substâncias Psicoativas,Colisão lateral,Com Vítimas Feridas,Pleno dia,Crescente,Céu Claro,Dupla,Reta,Sim,2,0,2,0,0,0,2,2,-8.78153947,-63.86531369,SR-RO,DEL21/1,UOP01/RO
263596,2020-01-18,sábado,09:15:00,RO,364,451.1,THEOBROMA,Falta de Atenção à Condução,Tombamento,Sem Vítimas,Pleno dia,Crescente,Céu Claro,Simples,Reta,Não,2,0,0,0,2,0,0,2,-10.29426297,-62.66107398,SR-RO,DEL21/3,UOP02/RO
263621,2020-01-18,sábado,15:50:00,RO,364,711,PORTO VELHO,Falta de Atenção à Condução,Colisão transversal,Com Vítimas Feridas,Pleno dia,Crescente,Sol,Dupla,Reta,Sim,2,0,1,0,1,0,1,2,-8.78153947,-63.86531369,SR-RO,DEL21/1,UOP01/RO
263625,2020-01-18,sábado,07:00:00,RO,364,654,CANDEIAS DO JAMARI,Não guardar distância de segurança,Colisão lateral,Com Vítimas Feridas,Pleno dia,Decrescente,Céu Claro,Simples,Reta,Não,2,0,1,0,1,0,1,2,-8.882985,-63.440738,SR-RO,DEL21/1,UOP01/RO
263627,2020-01-18,sábado,14:18:00,RO,364,19.8,VILHENA,Mal Súbito,Atropelamento de Pedestre,Com Vítimas Fatais,Pleno dia,Decrescente,Céu Claro,Simples,Reta,Não,3,1,0,0,1,1,0,1,-12.72739955,-60.18370888,SR-RO,DEL21/4,UOP01/RO
263676,2020-01-18,sábado,21:15:00,RO,364,708.3,PORTO VELHO,Falta de Atenção à Condução,Colisão com objeto estático,Sem Vítimas,Plena Noite,Decrescente,Céu Claro,Dupla,Reta,Não,1,0,0,0,1,0,0,1,-8.79554083,-63.84072487,SR-RO,DEL21/1,UOP01/RO
263680,2020-01-18,sábado,21:35:00,RO,364,14.5,VILHENA,Desobediência às normas de trânsito pelo condutor,Colisão transversal,Com Vítimas Feridas,Plena Noite,Crescente,Céu Claro,Dupla,Reta,Sim,2,0,1,0,1,0,1,2,-12.73898138,-60.13911417,SR-RO,DEL21/4,UOP01/RO
263733,2020-01-19,domingo,04:00:00,RO,364,710,PORTO VELHO,Ingestão de Álcool,Colisão transversal,Com Vítimas Feridas,Plena Noite,Decrescente,Nublado,Simples,Reta,Sim,2,0,1,0,1,0,1,2,-8.78438882,-63.86080027,SR-RO,DEL21/1,UOP01/RO
263813,2020-01-19,domingo,14:50:00,RO,364,340.9,JI-PARANA,Falta de Atenção à Condução,Colisão com objeto estático,Com Vítimas Feridas,Pleno dia,Crescente,Céu Claro,Dupla,Não Informado,Sim,1,0,1,0,0,0,1,1,-10.898802,-61.93046,SR-RO,DEL21/2,UOP01/RO
263818,2020-01-19,domingo,09:45:00,RO,364,268.5,CACOAL,Falta de Atenção à Condução,Colisão traseira,Sem Vítimas,Pleno dia,Decrescente,Sol,Simples,Reta,Não,3,0,0,0,3,0,0,2,-11.37734201,-61.695898,SR-RO,DEL21/2,UOP02/RO
263835,2020-01-19,domingo,05:30:00,RO,364,918,PORTO VELHO,Defeito na Via,Tombamento,Com Vítimas Feridas,Amanhecer,Decrescente,Nublado,Simples,Reta,Não,1,0,1,0,0,0,1,1,-9.73003754,-65.24093628,SR-RO,DEL01,UOP04/RO
263995,2020-01-20,segunda-feira,08:30:00,RO,364,340,JI-PARANA,Falta de Atenção à Condução,Colisão traseira,Com Vítimas Feridas,Pleno dia,Decrescente,Céu Claro,Simples,Reta,Sim,2,0,1,0,1,0,1,2,-10.898802,-61.93046,SR-RO,DEL21/2,UOP01/RO
263997,2020-01-20,segunda-feira,07:00:00,RO,364,426,JARU,Desobediência às normas de trânsito pelo condutor,Colisão frontal,Com Vítimas Feridas,Pleno dia,Crescente,Céu Claro,Simples,Reta,Sim,2,0,2,0,0,0,2,2,-10.432443,-62.479584,SR-RO,DEL21/3,UOP02/RO
264037,2020-01-18,sábado,13:25:00,RO,364,19.8,VILHENA,Desobediência às normas de trânsito pelo condutor,Colisão frontal,Com Vítimas Feridas,Pleno dia,Decrescente,Sol,Simples,Reta,Não,2,0,0,1,1,0,1,2,-12.72739955,-60.18370888,SR-RO,DEL21/4,UOP01/RO
264060,2020-01-20,segunda-feira,14:23:00,RO,364,196.1,PIMENTA BUENO,Desobediência às normas de trânsito pelo condutor,Colisão lateral,Com Vítimas Feridas,Pleno dia,Crescente,Sol,Dupla,Interseção de vias,Sim,2,0,2,0,0,0,2,2,-11.68558594,-61.18397713,SR-RO,DEL21/2,UOP02/RO
264141,2020-01-20,segunda-feira,17:50:00,RO,364,663,CANDEIAS DO JAMARI,Pista Escorregadia,Colisão lateral,Com Vítimas Feridas,Anoitecer,Decrescente,Céu Claro,Simples,Reta,Não,3,0,1,0,2,0,1,2,-8.80733378,-63.46191655,SR-RO,DEL21/1,UOP01/RO
264208,2020-01-21,terça-feira,08:45:00,RO,364,352.5,JI-PARANA,Falta de Atenção à Condução,Colisão lateral,Sem Vítimas,Pleno dia,Decrescente,Céu Claro,Simples,Reta,Não,5,0,0,0,5,0,0,2,-10.82722,-62.01394,SR-RO,DEL21/2,UOP01/RO
264221,2020-01-17,sexta-feira,06:45:00,RO,364,343,JI-PARANA,Falta de Atenção à Condução,Colisão lateral,Com Vítimas Feridas,Pleno dia,Crescente,Céu Claro,Dupla,Interseção de vias,Sim,2,0,1,0,1,0,1,2,-10.87878519,-61.94499012,SR-RO,DEL21/2,UOP01/RO
264242,2020-01-21,terça-feira,14:00:00,RO,319,59,PORTO VELHO,Falta de Atenção à Condução,Colisão traseira,Com Vítimas Feridas,Pleno dia,Crescente,Céu Claro,Dupla,Reta,Sim,1,0,1,0,0,0,1,1,-8.766685,-63.884052,SR-RO,DEL21/1,UOP01/RO
264250,2020-01-21,terça-feira,10:20:00,RO,174,16,VILHENA,Agressão Externa,Tombamento,Com Vítimas Feridas,Pleno dia,Decrescente,Céu Claro,Simples,Reta,Sim,1,0,1,0,0,0,1,1,-12.71452302,-60.1262149,SR-RO,DEL21/4,UOP01/RO
264288,2020-01-21,terça-feira,17:30:00,RO,319,63,PORTO VELHO,Falta de Atenção à Condução,Colisão lateral,Com Vítimas Feridas,Pleno dia,Crescente,Chuva,Múltipla,Reta,Não,3,0,1,0,2,0,1,2,-8.766685,-63.884052,SR-RO,DEL21/1,UOP01/RO
264326,2020-01-21,terça-feira,18:55:00,RO,364,507,ARIQUEMES,Ultrapassagem Indevida,Colisão frontal,Sem Vítimas,Plena Noite,Crescente,Ignorado,Simples,Reta,Não,4,0,0,0,2,2,0,2,-9.98347879,-63.02364384,SR-RO,DEL21/3,UOP01/RO
264405,2020-01-22,quarta-feira,12:15:00,RO,364,20,VILHENA,Falta de Atenção à Condução,Colisão lateral,Com Vítimas Feridas,Pleno dia,Crescente,Chuva,Simples,Reta,Não,3,0,1,1,1,0,2,2,-12.72595705,-60.192765,SR-RO,DEL21/4,UOP01/RO
264431,2020-01-22,quarta-feira,12:00:00,RO,364,375,OURO PRETO DO OESTE,Desobediência às normas de trânsito pelo condutor,Colisão transversal,Com Vítimas Feridas,Pleno dia,Crescente,Chuva,Múltipla,Curva,Não,3,0,0,1,2,0,1,2,-10.73949672,-62.18555898,SR-RO,DEL21/2,UOP01/RO
264432,2020-01-22,quarta-feira,11:15:00,RO,364,427,JARU,Falta de Atenção à Condução,Colisão transversal,Com Vítimas Feridas,Pleno dia,Crescente,Céu Claro,Simples,Interseção de vias,Sim,3,0,2,0,1,0,2,2,-10.42731312,-62.48745208,SR-RO,DEL21/3,UOP02/RO
264465,2020-01-22,quarta-feira,17:00:00,RO,319,63.8,PORTO VELHO,Falta de Atenção à Condução,Atropelamento de Pedestre,Sem Vítimas,Pleno dia,Crescente,Sol,Dupla,Reta,Sim,2,0,0,0,2,0,0,1,-8.76609341,-63.88419097,SR-RO,DEL21/1,UOP01/RO
264519,2020-01-22,quarta-feira,19:20:00,RO,174,18.3,VILHENA,Restrição de Visibilidade,Colisão traseira,Com Vítimas Feridas,Plena Noite,Decrescente,Chuva,Simples,Reta,Não,4,0,3,0,1,0,3,3,-12.6991689,-60.1173752,SR-RO,DEL21/4,UOP01/RO
264692,2020-01-23,quinta-feira,17:30:00,RO,364,237.7,CACOAL,Objeto estático sobre o leito carroçável,Tombamento,Com Vítimas Feridas,Anoitecer,Crescente,Nublado,Simples,Reta,Sim,3,0,0,1,0,2,1,2,-11.44341056,-61.44672787,SR-RO,DEL21/2,UOP02/RO
264725,2020-01-23,quinta-feira,20:00:00,RO,364,603,ITAPUA DO OESTE,Falta de Atenção à Condução,Saída de leito carroçável,Com Vítimas Feridas,Plena Noite,Decrescente,Céu Claro,Simples,Reta,Não,1,0,1,0,0,0,1,1,-9.19843426,-63.18258226,SR-RO,DEL21/3,UOP03/RO
264750,2020-01-24,sexta-feira,04:20:00,RO,364,352,JI-PARANA,Não guardar distância de segurança,Colisão traseira,Com Vítimas Feridas,Amanhecer,Decrescente,Chuva,Simples,Reta,Sim,3,0,3,0,0,0,3,2,-10.83322284,-62.01156957,SR-RO,DEL21/2,UOP01/RO
264776,2020-01-23,quinta-feira,09:55:00,RO,435,135,CEREJEIRAS,Defeito Mecânico no Veículo,Incêndio,Sem Vítimas,Pleno dia,Crescente,Céu Claro,Simples,Reta,Não,1,0,0,0,1,0,0,1,-13.18903,-60.928911,SR-RO,DEL21/4,UOP02/RO
264790,2020-01-24,sexta-feira,04:30:00,RO,364,942,PORTO VELHO,Falta de Atenção à Condução,Atropelamento de Pedestre,Com Vítimas Fatais,Amanhecer,Crescente,Céu Claro,Simples,Reta,Sim,8,1,1,2,1,3,3,2,-9.67104072,-65.4479599,SR-RO,DEL01,UOP04/RO
264962,2020-01-25,sábado,03:50:00,RO,174,13,VILHENA,Velocidade Incompatível,Saída de leito carroçável,Sem Vítimas,Plena Noite,Decrescente,Garoa/Chuvisco,Dupla,Rotatória,Não,2,0,0,0,2,0,0,1,-12.74065154,-60.1322937,SR-RO,DEL21/4,UOP01/RO
265008,2020-01-25,sábado,10:25:00,RO,364,343.2,JI-PARANA,Não guardar distância de segurança,Colisão traseira,Com Vítimas Feridas,Pleno dia,Crescente,Céu Claro,Simples,Interseção de vias,Sim,1,0,1,0,0,0,1,1,-10.87769772,-61.94666862,SR-RO,DEL21/2,UOP01/RO
265012,2020-01-25,sábado,08:30:00,RO,364,394,OURO PRETO DO OESTE,Falta de Atenção à Condução,Saída de leito carroçável,Com Vítimas Feridas,Pleno dia,Decrescente,Sol,Simples,Reta,Não,1,0,0,1,0,0,1,1,-10.64530994,-62.30854892,SR-RO,DEL21/3,UOP02/RO
265042,2020-01-25,sábado,11:50:00,RO,364,343,JI-PARANA,Falta de Atenção à Condução,Colisão traseira,Com Vítimas Feridas,Pleno dia,Decrescente,Céu Claro,Múltipla,Reta,Sim,5,0,1,0,4,0,1,3,-10.87878519,-61.94499012,SR-RO,DEL21/2,UOP01/RO
265044,2020-01-25,sábado,12:20:00,RO,435,122.8,CEREJEIRAS,Falta de Atenção à Condução,Colisão transversal,Com Vítimas Feridas,Pleno dia,Decrescente,Sol,Dupla,Não Informado,Sim,2,0,2,0,0,0,2,2,-13.18775891,-60.79986605,SR-RO,DEL21/4,UOP02/RO
265132,2020-01-25,sábado,23:10:00,RO,364,710,PORTO VELHO,Restrição de Visibilidade,Colisão lateral,Com Vítimas Feridas,Plena Noite,Decrescente,Céu Claro,Dupla,Reta,Sim,3,0,2,1,0,0,3,1,-8.78621576,-63.85712687,SR-RO,DEL21/1,UOP01/RO
265185,2020-01-26,domingo,07:50:00,RO,364,710,PORTO VELHO,Desobediência às normas de trânsito pelo condutor,Colisão traseira,Com Vítimas Feridas,Pleno dia,Decrescente,Sol,Dupla,Reta,Sim,4,0,1,1,2,0,2,2,-8.78153947,-63.86531369,SR-RO,DEL21/1,UOP01/RO
265212,2020-01-26,domingo,11:20:00,RO,364,343.3,JI-PARANA,Desobediência às normas de trânsito pelo condutor,Colisão transversal,Com Vítimas Feridas,Pleno dia,Decrescente,Nublado,Múltipla,Interseção de vias,Sim,2,0,1,0,1,0,1,2,-10.87878519,-61.94499012,SR-RO,DEL21/2,UOP01/RO
265320,2020-01-26,domingo,17:40:00,RO,435,122,CEREJEIRAS,Falta de Atenção à Condução,Colisão transversal,Com Vítimas Feridas,Anoitecer,Decrescente,Céu Claro,Dupla,Retorno Regulamentado,Sim,2,0,1,0,1,0,1,2,-13.18775891,-60.79986605,SR-RO,DEL21/4,UOP02/RO
265421,2020-01-27,segunda-feira,06:50:00,RO,364,424,JARU,Desobediência às normas de trânsito pelo condutor,Colisão lateral,Com Vítimas Feridas,Pleno dia,Decrescente,Céu Claro,Simples,Reta,Sim,2,0,1,0,1,0,1,2,-10.44457274,-62.46568412,SR-RO,DEL21/3,UOP02/RO
265517,2020-01-07,terça-feira,21:00:00,RO,319,63,PORTO VELHO,Falta de Atenção à Condução,Colisão lateral,Sem Vítimas,Plena Noite,Decrescente,Céu Claro,Múltipla,Reta,Sim,6,0,0,0,6,0,0,5,-8.766685,-63.884052,SR-RO,DEL21/1,UOP01/RO
265525,2020-01-27,segunda-feira,15:20:00,RO,364,422,JARU,Não guardar distância de segurança,Colisão traseira,Com Vítimas Feridas,Pleno dia,Crescente,Céu Claro,Simples,Reta,Sim,3,0,1,0,2,0,1,2,-10.4597532,-62.4558043,SR-RO,DEL21/3,UOP02/RO
265546,2020-01-27,segunda-feira,19:20:00,RO,364,351.2,JI-PARANA,Ultrapassagem Indevida,Colisão lateral,Com Vítimas Feridas,Plena Noite,Crescente,Nublado,Simples,Não Informado,Não,6,0,1,0,5,0,1,2,-10.84031861,-62.00639574,SR-RO,DEL21/2,UOP01/RO
265570,2020-01-27,segunda-feira,22:35:00,RO,364,200,PIMENTA BUENO,Ingestão de álcool e/ou substâncias psicoativas pelo pedestre,Queda de ocupante de veículo,Com Vítimas Feridas,Plena Noite,Decrescente,Nublado,Simples,Reta,Não,1,0,1,0,0,0,1,1,-11.65284309,-61.19276342,SR-RO,DEL21/2,UOP02/RO
265571,2020-01-27,segunda-feira,20:10:00,RO,364,427,JARU,Falta de Atenção à Condução,Colisão traseira,Sem Vítimas,Plena Noite,Crescente,Céu Claro,Simples,Reta,Não,2,0,0,0,2,0,0,2,-10.42731312,-62.48745208,SR-RO,DEL21/3,UOP02/RO
265605,2020-01-28,terça-feira,07:30:00,RO,174,17.3,VILHENA,Desobediência às normas de trânsito pelo condutor,Colisão traseira,Com Vítimas Feridas,Pleno dia,Crescente,Céu Claro,Simples,Reta,Sim,3,0,1,0,1,1,1,2,-12.723321,-60.12801,SR-RO,DEL21/4,UOP01/RO
265606,2020-01-28,terça-feira,06:50:00,RO,319,63,PORTO VELHO,Desobediência às normas de trânsito pelo condutor,Colisão transversal,Com Vítimas Feridas,Pleno dia,Crescente,Garoa/Chuvisco,Múltipla,Interseção de vias,Sim,2,0,0,1,1,0,1,2,-8.766685,-63.884052,SR-RO,DEL21/1,UOP01/RO
265689,2020-01-16,quinta-feira,16:55:00,RO,364,341.9,JI-PARANA,Desobediência às normas de trânsito pelo condutor,Colisão transversal,Com Vítimas Feridas,Pleno dia,Decrescente,Céu Claro,Dupla,Reta,Sim,2,0,1,0,1,0,1,2,-10.88417733,-61.93737745,SR-RO,DEL21/2,UOP01/RO
265698,2020-01-28,terça-feira,14:20:00,RO,364,439.1,JARU,Não guardar distância de segurança,Colisão traseira,Com Vítimas Feridas,Pleno dia,Decrescente,Céu Claro,Simples,Reta,Não,2,0,1,0,1,0,1,2,-10.36005242,-62.5739773,SR-RO,DEL21/3,UOP02/RO
265725,2020-01-28,terça-feira,19:20:00,RO,364,436.5,JARU,Defeito Mecânico no Veículo,Queda de ocupante de veículo,Com Vítimas Feridas,Plena Noite,Decrescente,Chuva,Simples,Desvio Temporário,Não,1,0,1,0,0,0,1,1,-10.37739925,-62.55303028,SR-RO,DEL21/3,UOP02/RO
265736,2020-01-28,terça-feira,18:00:00,RO,364,400.4,OURO PRETO DO OESTE,Pista Escorregadia,Colisão lateral,Com Vítimas Feridas,Anoitecer,Crescente,Chuva,Simples,Reta,Não,3,0,0,2,1,0,2,2,-10.6037419,-62.34299189,SR-RO,DEL21/3,UOP02/RO
265738,2020-01-28,terça-feira,21:47:00,RO,364,577,ITAPUA DO OESTE,Falta de Atenção à Condução,Colisão traseira,Sem Vítimas,Plena Noite,Decrescente,Céu Claro,Simples,Reta,Sim,22,0,0,0,22,0,0,2,-9.42221923,-63.11594625,SR-RO,DEL21/3,UOP03/RO
265828,2020-01-29,quarta-feira,11:55:00,RO,364,1040,PORTO VELHO,Falta de Atenção à Condução,Colisão transversal,Com Vítimas Feridas,Pleno dia,Decrescente,Sol,Simples,Reta,Não,2,0,0,1,1,0,1,2,-9.76703666,-66.30236518,SR-RO,DEL01,UOP04/RO
265905,2020-01-29,quarta-feira,20:10:00,RO,364,218.1,PIMENTA BUENO,Defeito Mecânico no Veículo,Saída de leito carroçável,Com Vítimas Feridas,Plena Noite,Crescente,Céu Claro,Simples,Não Informado,Não,1,0,1,0,0,0,1,1,-11.53984005,-61.30595904,SR-RO,DEL21/2,UOP02/RO
265931,2020-01-29,quarta-feira,15:20:00,RO,364,329,PRESIDENTE MEDICI,Defeito Mecânico no Veículo,Colisão traseira,Sem Vítimas,Pleno dia,Decrescente,Céu Claro,Simples,Reta,Não,3,0,0,0,3,0,0,3,-10.99369301,-61.91698046,SR-RO,DEL21/2,UOP01/RO
265932,2020-01-29,quarta-feira,17:30:00,RO,364,326.3,PRESIDENTE MEDICI,Não guardar distância de segurança,Engavetamento,Com Vítimas Feridas,Pleno dia,Crescente,Céu Claro,Simples,Reta,Não,4,0,2,0,2,0,2,3,-11.01735492,-61.9277631,SR-RO,DEL21/2,UOP01/RO
266018,2020-01-30,quinta-feira,08:45:00,RO,435,24,VILHENA,Falta de Atenção à Condução,Capotamento,Com Vítimas Feridas,Pleno dia,Decrescente,Céu Claro,Simples,Reta,Não,1,0,1,0,0,0,1,1,-12.7754864,-60.3273788,SR-RO,DEL21/4,UOP02/RO
266064,2020-01-30,quinta-feira,19:55:00,RO,364,427,JARU,Ingestão de Álcool,Colisão frontal,Com Vítimas Feridas,Plena Noite,Decrescente,Céu Claro,Simples,Reta,Sim,3,0,0,1,2,0,1,2,-10.432443,-62.479584,SR-RO,DEL21/3,UOP02/RO
266087,2020-01-30,quinta-feira,22:40:00,RO,421,10,ARIQUEMES,Defeito na Via,Tombamento,Com Vítimas Feridas,Plena Noite,Decrescente,Céu Claro,Simples,Reta,Não,1,0,1,0,0,0,1,1,-9.970236,-63.125076,SR-RO,DEL21/3,UOP01/RO
266097,2020-01-31,sexta-feira,00:30:00,RO,319,62,PORTO VELHO,Desobediência às normas de trânsito pelo condutor,Colisão transversal,Com Vítimas Feridas,Plena Noite,Decrescente,Ignorado,Dupla,Interseção de vias,Sim,2,0,1,0,1,0,1,2,-8.755567,-63.886538,SR-RO,DEL21/1,UOP01/RO
266136,2020-01-31,sexta-feira,07:10:00,RO,364,242.9,CACOAL,Falta de Atenção à Condução,Colisão traseira,Com Vítimas Feridas,Amanhecer,Decrescente,Céu Claro,Simples,Desvio Temporário,Não,3,0,1,1,1,0,2,2,-11.44084787,-61.48767999,SR-RO,DEL21/2,UOP02/RO
266184,2020-01-31,sexta-feira,11:20:00,RO,364,799,PORTO VELHO,Falta de Atenção à Condução,Colisão frontal,Com Vítimas Feridas,Pleno dia,Crescente,Céu Claro,Simples,Reta,Não,2,0,1,0,1,0,1,2,-9.257213,-64.38678,SR-RO,DEL21/1,UOP02/RO
266227,2020-01-31,sexta-feira,16:10:00,RO,364,344,JI-PARANA,Desobediência às normas de trânsito pelo condutor,Colisão transversal,Com Vítimas Feridas,Pleno dia,Crescente,Céu Claro,Dupla,Reta,Sim,2,0,1,0,1,0,1,2,-10.87376391,-61.95256893,SR-RO,DEL21/2,UOP01/RO
266237,2020-01-31,sexta-feira,10:30:00,RO,364,378.2,OURO PRETO DO OESTE,Defeito na Via,Colisão lateral,Com Vítimas Feridas,Pleno dia,Crescente,Sol,Simples,Curva,Não,3,0,1,0,2,0,1,2,-10.7422942,-62.20886998,SR-RO,DEL21/2,UOP01/RO
266320,2020-02-01,sábado,02:30:00,RO,364,237,CACOAL,Falta de Atenção à Condução,Colisão com objeto estático,Com Vítimas Feridas,Plena Noite,Decrescente,Nublado,Simples,Reta,Sim,1,0,1,0,0,0,1,1,-11.44361739,-61.44749343,SR-RO,DEL21/2,UOP02/RO
266355,2020-02-01,sábado,07:50:00,RO,364,341,JI-PARANA,Falta de Atenção à Condução,Colisão lateral,Com Vítimas Feridas,Pleno dia,Crescente,Céu Claro,Dupla,Reta,Sim,2,0,1,0,1,0,1,2,-10.88987987,-61.93126772,SR-RO,DEL21/2,UOP01/RO
266397,2020-02-01,sábado,11:05:00,RO,364,383,OURO PRETO DO OESTE,Falta de Atenção à Condução,Colisão transversal,Sem Vítimas,Pleno dia,Crescente,Céu Claro,Simples,Reta,Não,2,0,0,0,2,0,0,2,-10.72104014,-62.24385208,SR-RO,DEL21/2,UOP01/RO
266424,2020-02-01,sábado,13:00:00,RO,435,82,COLORADO DO OESTE,Pista Escorregadia,Colisão lateral,Com Vítimas Feridas,Pleno dia,Crescente,Nublado,Simples,Não Informado,Não,2,0,1,0,1,0,1,2,-13.11453938,-60.50579894,SR-RO,DEL21/4,UOP02/RO
266429,2020-02-01,sábado,12:00:00,RO,364,540,ARIQUEMES,Falta de Atenção à Condução,Tombamento,Sem Vítimas,Pleno dia,Crescente,Céu Claro,Simples,Curva,Não,1,0,0,0,1,0,0,1,-9.725236,-63.119003,SR-RO,DEL21/3,UOP01/RO
266449,2020-02-01,sábado,11:55:00,RO,364,477,ARIQUEMES,Ultrapassagem Indevida,Colisão traseira,Sem Vítimas,Pleno dia,Crescente,Céu Claro,Simples,Curva,Não,4,0,0,0,4,0,0,2,-10.1531818,-62.84130784,SR-RO,DEL21/3,UOP01/RO
266459,2020-02-01,sábado,17:20:00,RO,364,244,CACOAL,Falta de Atenção à Condução,Colisão transversal,Com Vítimas Feridas,Pleno dia,Decrescente,Nublado,Simples,Desvio Temporário,Não,5,0,0,1,4,0,1,2,-11.44010534,-61.50592399,SR-RO,DEL21/2,UOP02/RO
266505,2020-02-01,sábado,21:09:00,RO,174,13.5,VILHENA,Não guardar distância de segurança,Colisão traseira,Sem Vítimas,Plena Noite,Decrescente,Céu Claro,Dupla,Reta,Sim,2,0,0,0,2,0,0,2,-12.74140004,-60.13026401,SR-RO,DEL21/4,UOP01/RO
266509,2020-02-01,sábado,18:00:00,RO,364,381,OURO PRETO DO OESTE,Falta de Atenção à Condução,Colisão traseira,Com Vítimas Feridas,Pleno dia,Crescente,Céu Claro,Simples,Reta,Não,2,0,1,0,1,0,1,2,-10.73029115,-62.22943647,SR-RO,DEL21/2,UOP01/RO
266536,2020-02-02,domingo,01:10:00,RO,319,62,PORTO VELHO,Desobediência às normas de trânsito pelo condutor,Colisão transversal,Com Vítimas Feridas,Plena Noite,Crescente,Nublado,Dupla,Interseção de vias,Sim,2,0,1,0,1,0,1,2,-8.75035167,-63.88798714,SR-RO,DEL21/1,UOP01/RO
266563,2020-02-02,domingo,01:25:00,RO,364,273,CACOAL,Desobediência às normas de trânsito pelo condutor,Colisão lateral,Sem Vítimas,Plena Noite,Crescente,Nublado,Simples,Reta,Não,3,0,0,0,3,0,0,2,-11.38505906,-61.74110399,SR-RO,DEL21/2,UOP02/RO
266649,2020-02-02,domingo,14:20:00,RO,364,43,VILHENA,Pista Escorregadia,Saída de leito carroçável,Com Vítimas Feridas,Pleno dia,Decrescente,Nublado,Simples,Curva,Não,3,0,2,0,1,0,2,1,-12.61104003,-60.34257608,SR-RO,DEL21/4,UOP01/RO
266683,2020-02-02,domingo,17:36:00,RO,319,63,PORTO VELHO,Falta de Atenção à Condução,Colisão transversal,Com Vítimas Feridas,Pleno dia,Crescente,Céu Claro,Dupla,Interseção de vias,Sim,3,0,1,1,1,0,2,2,-8.766685,-63.884052,SR-RO,DEL21/1,UOP01/RO