id,data_inversa,dia_semana,horario,uf,br,km,municipio,causa_acidente,tipo_acidente,classificacao_acidente,fase_dia,sentido_via,condicao_metereologica,tipo_pista,tracado_via,uso_solo,pessoas,mortos,feridos_leves,feridos_graves,ilesos,ignorados,feridos,veiculos,latitude,longitude,regional,delegacia,uop
266695,2020-02-02,domingo,17:40:00,RO,319,60,PORTO VELHO,Ingestão de Álcool,Colisão lateral,Sem Vítimas,Pleno dia,Decrescente,Céu Claro,Dupla,Rotatória,Sim,2,0,0,0,2,0,0,2,-8.74001973,-63.8904047,SR-RO,DEL21/1,UOP01/RO
266738,2020-02-02,domingo,19:40:00,RO,364,693,PORTO VELHO,Animais na Pista,Atropelamento de Animal,Com Vítimas Feridas,Plena Noite,Decrescente,Nublado,Dupla,Reta,Não,1,0,1,0,0,0,1,1,-8.798112,-63.708916,SR-RO,DEL21/1,UOP01/RO
266765,2020-02-02,domingo,23:10:00,RO,319,61,PORTO VELHO,Ingestão de Álcool,Colisão traseira,Com Vítimas Feridas,Plena Noite,Decrescente,Céu Claro,Dupla,Reta,Sim,2,0,1,0,1,0,1,2,-8.766685,-63.884052,SR-RO,DEL21/1,UOP01/RO
266879,2020-02-03,segunda-feira,10:20:00,RO,364,128.3,PIMENTA BUENO,Defeito Mecânico no Veículo,Incêndio,Sem Vítimas,Pleno dia,Crescente,Céu Claro,Simples,Reta,Não,1,0,0,0,1,0,0,1,-12.06013397,-60.75930372,SR-RO,DEL21/2,UOP02/RO
266928,2020-02-03,segunda-feira,13:42:00,RO,435,86.4,COLORADO DO OESTE,Falta de Atenção à Condução,Colisão transversal,Com Vítimas Feridas,Pleno dia,Crescente,Nublado,Dupla,Não Informado,Sim,2,0,1,0,1,0,1,2,-13.12097371,-60.54493546,SR-RO,DEL21/4,UOP02/RO
266956,2020-02-03,segunda-feira,15:40:00,RO,364,404,OURO PRETO DO OESTE,Falta de Atenção à Condução,Saída de leito carroçável,Com Vítimas Feridas,Pleno dia,Crescente,Nublado,Simples,Reta,Não,1,0,0,1,0,0,1,1,-10.57604201,-62.36609702,SR-RO,DEL21/3,UOP02/RO
266961,2020-02-03,segunda-feira,20:25:00,RO,364,704,PORTO VELHO,Falta de Atenção à Condução,Colisão lateral,Com Vítimas Feridas,Plena Noite,Crescente,Céu Claro,Dupla,Retorno Regulamentado,Não,4,0,1,1,1,1,2,2,-8.80032739,-63.804543,SR-RO,DEL21/1,UOP01/RO
266972,2020-02-03,segunda-feira,20:00:00,RO,364,855,PORTO VELHO,Defeito na Via,Saída de leito carroçável,Com Vítimas Feridas,Plena Noite,Decrescente,Nublado,Simples,Não Informado,Não,3,0,0,3,0,0,3,1,-9.49484221,-64.79370184,SR-RO,DEL21/1,UOP02/RO
266973,2020-02-03,segunda-feira,20:15:00,RO,364,708.4,PORTO VELHO,Defeito na Via,Colisão com objeto estático,Com Vítimas Feridas,Plena Noite,Crescente,Céu Claro,Dupla,Reta,Sim,1,0,0,1,0,0,1,1,-8.79554083,-63.84072487,SR-RO,DEL21/1,UOP01/RO
267075,2020-01-09,quinta-feira,19:20:00,RO,364,341.2,JI-PARANA,Desobediência às normas de trânsito pelo condutor,Colisão lateral,Com Vítimas Feridas,Plena Noite,Crescente,Céu Claro,Simples,Interseção de vias,Sim,2,0,0,1,1,0,1,2,-10.88821135,-61.93216935,SR-RO,DEL21/2,UOP01/RO
267095,2020-02-04,terça-feira,13:20:00,RO,364,495,ARIQUEMES,Defeito na Via,Colisão frontal,Com Vítimas Feridas,Pleno dia,Decrescente,Céu Claro,Simples,Reta,Não,2,0,1,0,1,0,1,2,-10.07323798,-62.97343164,SR-RO,DEL21/3,UOP01/RO
267141,2020-02-04,terça-feira,14:20:00,RO,364,831.8,PORTO VELHO,Defeito na Via,Saída de leito carroçável,Com Vítimas Fatais,Pleno dia,Crescente,Nublado,Simples,Reta,Não,1,1,0,0,0,0,0,1,-9.3476027,-64.64478115,SR-RO,DEL21/1,UOP02/RO
267142,2020-02-04,terça-feira,20:20:00,RO,364,237.3,CACOAL,Falta de Atenção à Condução,Colisão transversal,Com Vítimas Feridas,Plena Noite,Decrescente,Garoa/Chuvisco,Simples,Não Informado,Sim,3,0,1,0,2,0,1,2,-11.442194,-61.448915,SR-RO,DEL21/2,UOP02/RO
267143,2020-02-04,terça-feira,17:15:00,RO,364,384,OURO PRETO DO OESTE,Desobediência às normas de trânsito pelo condutor,Colisão transversal,Com Vítimas Feridas,Anoitecer,Crescente,Céu Claro,Simples,Não Informado,Sim,7,0,3,0,4,0,3,3,-10.71524933,-62.25065352,SR-RO,DEL21/2,UOP01/RO
267152,2020-02-04,terça-feira,15:35:00,RO,364,341,JI-PARANA,Falta de Atenção à Condução,Colisão lateral,Com Vítimas Feridas,Pleno dia,Crescente,Nublado,Simples,Reta,Sim,2,0,2,0,0,0,2,1,-10.88987987,-61.93126772,SR-RO,DEL21/2,UOP01/RO
267232,2020-02-05,quarta-feira,06:40:00,RO,364,375,OURO PRETO DO OESTE,Velocidade Incompatível,Colisão lateral,Sem Vítimas,Pleno dia,Crescente,Nublado,Simples,Não Informado,Não,3,0,0,0,3,0,0,2,-10.73949672,-62.18555898,SR-RO,DEL21/2,UOP01/RO
267267,2020-02-05,quarta-feira,10:00:00,RO,364,342.4,JI-PARANA,Falta de Atenção à Condução,Tombamento,Com Vítimas Feridas,Pleno dia,Crescente,Céu Claro,Dupla,Reta,Sim,3,0,1,0,0,2,1,1,-10.88200694,-61.94023132,SR-RO,DEL21/2,UOP01/RO
267299,2020-02-05,quarta-feira,13:40:00,RO,364,708,PORTO VELHO,Não guardar distância de segurança,Colisão traseira,Com Vítimas Feridas,Pleno dia,Crescente,Sol,Múltipla,Reta,Sim,3,0,1,1,1,0,2,2,-8.79554083,-63.84072487,SR-RO,DEL21/1,UOP01/RO
267312,2020-02-01,sábado,09:30:00,RO,364,456,JARU,Velocidade Incompatível,Saída de leito carroçável,Com Vítimas Feridas,Pleno dia,Crescente,Céu Claro,Simples,Curva,Não,1,0,1,0,0,0,1,1,-10.26727425,-62.69772512,SR-RO,DEL21/3,UOP02/RO
267485,2020-02-06,quinta-feira,09:50:00,RO,364,218.3,PIMENTA BUENO,Animais na Pista,Colisão traseira,Com Vítimas Feridas,Pleno dia,Decrescente,Nublado,Simples,Reta,Não,4,0,1,0,3,0,1,2,-11.53984005,-61.30595904,SR-RO,DEL21/2,UOP02/RO
267620,2020-02-06,quinta-feira,12:20:00,RO,364,8.4,VILHENA,Falta de Atenção à Condução,Colisão com objeto estático,Com Vítimas Fatais,Pleno dia,Decrescente,Sol,Simples,Reta,Não,1,1,0,0,0,0,0,1,-12.76679409,-60.09631128,SR-RO,DEL21/4,UOP01/RO
267637,2020-02-06,quinta-feira,19:15:00,RO,364,379.7,OURO PRETO DO OESTE,Objeto estático sobre o leito carroçável,Colisão lateral,Com Vítimas Feridas,Plena Noite,Decrescente,Nublado,Simples,Não Informado,Não,7,0,2,0,4,1,2,5,-10.74022322,-62.22458839,SR-RO,DEL21/2,UOP01/RO
267733,2020-02-07,sexta-feira,08:40:00,RO,364,430,JARU,Falta de Atenção à Condução,Tombamento,Com Vítimas Feridas,Pleno dia,Decrescente,Garoa/Chuvisco,Simples,Rotatória,Não,2,0,2,0,0,0,2,1,-10.40718139,-62.51553297,SR-RO,DEL21/3,UOP02/RO
267762,2020-02-07,sexta-feira,13:00:00,RO,364,168.3,PIMENTA BUENO,Avarias e/ou desgaste excessivo no pneu,Saída de leito carroçável,Com Vítimas Feridas,Pleno dia,Crescente,Chuva,Simples,Reta,Não,1,0,1,0,0,0,1,1,-11.86186086,-61.00623082,SR-RO,DEL21/2,UOP02/RO
267801,2020-02-07,sexta-feira,15:00:00,RO,319,63.1,PORTO VELHO,Falta de Atenção à Condução,Colisão transversal,Com Vítimas Feridas,Pleno dia,Decrescente,Sol,Dupla,Reta,Sim,3,0,0,1,2,0,1,2,-8.766685,-63.884052,SR-RO,DEL21/1,UOP01/RO
267839,2020-02-07,sexta-feira,18:00:00,RO,364,13,VILHENA,Desobediência às normas de trânsito pelo condutor,Atropelamento de Pedestre,Com Vítimas Feridas,Anoitecer,Decrescente,Nublado,Dupla,Reta,Sim,4,0,1,1,0,2,2,1,-12.74140004,-60.13026401,SR-RO,DEL21/4,UOP01/RO
267852,2020-02-07,sexta-feira,17:30:00,RO,364,419,JARU,Ultrapassagem Indevida,Colisão transversal,Com Vítimas Feridas,Pleno dia,Crescente,Chuva,Simples,Reta,Não,3,0,0,2,1,0,2,2,-10.48262607,-62.44173207,SR-RO,UOP02,DEL03
267859,2020-02-07,sexta-feira,19:20:00,RO,364,532,ALTO PARAISO,Ingestão de Álcool,Saída de leito carroçável,Com Vítimas Feridas,Plena Noite,Decrescente,Céu Claro,Simples,Reta,Não,1,0,1,0,0,0,1,1,-9.78054903,-63.0904921,SR-RO,DEL21/3,UOP01/RO
267873,2020-02-07,sexta-feira,15:25:00,RO,364,107.4,CHUPINGUAIA,Falta de Atenção do Pedestre,Atropelamento de Pedestre,Com Vítimas Feridas,Pleno dia,Decrescente,Garoa/Chuvisco,Simples,Reta,Não,2,0,1,0,1,0,1,1,-12.22849216,-60.68659902,SR-RO,DEL21/4,UOP01/RO
267891,2020-02-07,sexta-feira,22:00:00,RO,364,344.5,JI-PARANA,Desobediência às normas de trânsito pelo condutor,Colisão transversal,Com Vítimas Feridas,Plena Noite,Crescente,Garoa/Chuvisco,Dupla,Interseção de vias,Não,2,0,1,0,1,0,1,2,-10.87024863,-61.95774078,SR-RO,DEL21/2,UOP01/RO
267899,2020-02-07,sexta-feira,22:00:00,RO,364,432,JARU,Falta de Atenção à Condução,Tombamento,Com Vítimas Feridas,Plena Noite,Decrescente,Chuva,Simples,Desvio Temporário,Não,2,0,1,1,0,0,2,1,-10.39356858,-62.53542423,SR-RO,DEL21/3,UOP02/RO
267900,2020-02-07,sexta-feira,19:45:00,RO,319,58,PORTO VELHO,Desobediência às normas de trânsito pelo condutor,Colisão lateral,Com Vítimas Feridas,Plena Noite,Crescente,Nublado,Simples,Curva,Sim,3,0,0,1,1,1,1,2,-8.7375,-63.917483,SR-RO,DEL21/1,UOP01/RO
267907,2020-02-07,sexta-feira,21:55:00,RO,364,426.4,JARU,Falta de Atenção à Condução,Colisão com objeto estático,Com Vítimas Feridas,Plena Noite,Crescente,Garoa/Chuvisco,Simples,Interseção de vias,Sim,2,0,0,1,1,0,1,2,-10.43038511,-62.48247743,SR-RO,DEL21/3,UOP02/RO
267915,2020-02-07,sexta-feira,16:30:00,RO,364,907,PORTO VELHO,Mal Súbito,Saída de leito carroçável,Com Vítimas Feridas,Pleno dia,Decrescente,Céu Claro,Simples,Reta,Não,1,0,0,1,0,0,1,1,-9.71379981,-65.18765506,SR-RO,DEL21/1,UOP02/RO
267931,2020-02-08,sábado,03:30:00,RO,319,63,PORTO VELHO,Não guardar distância de segurança,Colisão traseira,Com Vítimas Feridas,Plena Noite,Crescente,Nublado,Dupla,Reta,Sim,2,0,1,0,1,0,1,2,-8.766685,-63.884052,SR-RO,UOP01,DEL01
268009,2020-02-08,sábado,13:25:00,RO,364,242,CACOAL,Desobediência às normas de trânsito pelo condutor,Queda de ocupante de veículo,Com Vítimas Feridas,Pleno dia,Decrescente,Nublado,Simples,Interseção de vias,Sim,2,0,1,0,0,1,1,2,-11.44084787,-61.48767999,SR-RO,DEL21/2,UOP02/RO
268182,2020-02-09,domingo,06:20:00,RO,435,124,CEREJEIRAS,Desobediência às normas de trânsito pelo condutor,Colisão transversal,Com Vítimas Feridas,Pleno dia,Crescente,Céu Claro,Simples,Reta,Sim,2,0,1,0,0,1,1,2,-13.188876,-60.817287,SR-RO,DEL21/4,UOP02/RO
268270,2020-02-09,domingo,18:00:00,RO,364,249,CACOAL,Mal Súbito,Saída de leito carroçável,Com Vítimas Feridas,Anoitecer,Crescente,Nublado,Simples,Desvio Temporário,Não,1,0,1,0,0,0,1,1,-11.438196,-61.552613,SR-RO,DEL21/2,UOP02/RO
268272,2020-02-09,domingo,18:00:00,RO,364,241,CACOAL,Desobediência às normas de trânsito pelo condutor,Saída de leito carroçável,Com Vítimas Feridas,Anoitecer,Decrescente,Céu Claro,Simples,Curva,Sim,1,0,1,0,0,0,1,1,-11.44070217,-61.4786063,SR-RO,UOP02,DEL02
268331,2020-02-09,domingo,22:45:00,RO,364,515,ARIQUEMES,Sinalização da via insuficiente ou inadequada,Colisão com objeto estático,Com Vítimas Feridas,Plena Noite,Crescente,Céu Claro,Simples,Desvio Temporário,Sim,1,0,1,0,0,0,1,1,-9.92497302,-63.05491046,SR-RO,DEL21/3,UOP01/RO
268397,2020-02-10,segunda-feira,07:20:00,RO,364,710,PORTO VELHO,Desobediência às normas de trânsito pelo condutor,Colisão traseira,Sem Vítimas,Amanhecer,Crescente,Sol,Múltipla,Reta,Sim,3,0,0,0,3,0,0,2,-8.78621576,-63.85712687,SR-RO,DEL21/1,UOP01/RO
268538,2020-02-10,segunda-feira,21:20:00,RO,435,124,CEREJEIRAS,Falta de Atenção à Condução,Colisão traseira,Com Vítimas Feridas,Plena Noite,Crescente,Nublado,Dupla,Reta,Sim,2,0,1,0,1,0,1,2,-13.188876,-60.817287,SR-RO,UOP02,DEL04
268555,2020-02-11,terça-feira,04:50:00,RO,364,514,ARIQUEMES,Falta de Atenção à Condução,Colisão lateral,Com Vítimas Feridas,Amanhecer,Decrescente,Chuva,Simples,Reta,Sim,3,0,1,0,2,0,1,3,-9.93398403,-63.05522959,SR-RO,UOP01,DEL03
268563,2020-02-11,terça-feira,06:40:00,RO,435,83,COLORADO DO OESTE,Defeito Mecânico no Veículo,Colisão lateral,Com Vítimas Feridas,Pleno dia,Decrescente,Céu Claro,Dupla,Não Informado,Sim,2,0,1,0,1,0,1,2,-13.11692454,-60.51411889,SR-RO,UOP02,DEL04
268624,2020-02-11,terça-feira,12:20:00,RO,364,343,JI-PARANA,Desobediência às normas de trânsito pelo pedestre,Atropelamento de Pedestre,Com Vítimas Feridas,Pleno dia,Decrescente,Céu Claro,Múltipla,Reta,Sim,2,0,1,0,1,0,1,1,-10.87878519,-61.94499012,SR-RO,DEL21/2,UOP01/RO
268676,2020-02-11,terça-feira,18:00:00,RO,364,342.5,JI-PARANA,Falta de Atenção à Condução,Colisão transversal,Com Vítimas Feridas,Anoitecer,Crescente,Céu Claro,Simples,Reta,Sim,2,0,2,0,0,0,2,2,-10.88381227,-61.93741416,SR-RO,DEL21/2,UOP01/RO
268721,2020-02-11,terça-feira,17:30:00,RO,435,122,CEREJEIRAS,Falta de Atenção à Condução,Colisão transversal,Com Vítimas Feridas,Anoitecer,Decrescente,Nublado,Dupla,Reta,Sim,3,0,1,0,1,1,1,2,-13.18775891,-60.79986605,SR-RO,DEL21/4,UOP02/RO
268836,2020-02-12,quarta-feira,14:00:00,RO,319,62,PORTO VELHO,Desobediência às normas de trânsito pelo condutor,Colisão transversal,Com Vítimas Feridas,Pleno dia,Decrescente,Nublado,Múltipla,Interseção de vias,Sim,2,0,1,0,1,0,1,2,-8.766685,-63.884052,SR-RO,DEL21/1,UOP01/RO
268856,2020-02-12,quarta-feira,16:00:00,RO,364,710,PORTO VELHO,Falta de Atenção à Condução,Colisão traseira,Com Vítimas Feridas,Pleno dia,Crescente,Nublado,Dupla,Reta,Sim,2,0,1,0,0,1,1,2,-8.78621576,-63.85712687,SR-RO,DEL21/1,UOP01/RO
268884,2020-02-12,quarta-feira,17:27:00,RO,364,715,PORTO VELHO,Desobediência às normas de trânsito pelo condutor,Colisão transversal,Sem Vítimas,Pleno dia,Crescente,Sol,Simples,Reta,Sim,2,0,0,0,2,0,0,2,-8.77957291,-63.89174213,SR-RO,DEL21/1,UOP01/RO
268941,2020-02-13,quinta-feira,06:30:00,RO,364,613,ITAPUA DO OESTE,Defeito Mecânico no Veículo,Incêndio,Sem Vítimas,Pleno dia,Crescente,Chuva,Simples,Reta,Não,3,0,0,0,3,0,0,1,-9.128943,-63.251609,SR-RO,UOP03,DEL03
268962,2020-02-13,quinta-feira,08:00:00,RO,364,418,JARU,Falta de Atenção à Condução,Colisão traseira,Com Vítimas Feridas,Pleno dia,Crescente,Chuva,Simples,Interseção de vias,Não,2,0,1,0,1,0,1,2,-10.49339784,-62.42677867,SR-RO,UOP02,DEL03
269038,2020-02-12,quarta-feira,19:00:00,RO,364,378,OURO PRETO DO OESTE,Ultrapassagem Indevida,Colisão lateral,Com Vítimas Feridas,Plena Noite,Crescente,Chuva,Simples,Curva,Não,2,0,1,0,0,1,1,2,-10.7422942,-62.20886998,SR-RO,UOP01,DEL02
269052,2020-02-13,quinta-feira,08:30:00,RO,429,51,PRESIDENTE MEDICI,Defeito na Via,Queda de ocupante de veículo,Com Vítimas Feridas,Amanhecer,Decrescente,Chuva,Simples,Reta,Não,1,0,1,0,0,0,1,1,-11.20030932,-61.99143799,SR-RO,UOP03,DEL02
269071,2020-02-13,quinta-feira,19:40:00,RO,425,121,GUAJARA-MIRIM,Animais na Pista,Saída de leito carroçável,Com Vítimas Feridas,Plena Noite,Crescente,Nublado,Simples,Reta,Não,2,0,2,0,0,0,2,1,-10.61408578,-65.31977177,SR-RO,UOP04,DEL01
269182,2020-02-14,sexta-feira,10:50:00,RO,364,344.8,JI-PARANA,Falta de Atenção do Pedestre,Atropelamento de Pedestre,Com Vítimas Fatais,Pleno dia,Crescente,Céu Claro,Dupla,Reta,Não,2,1,0,0,1,0,0,1,-10.87376391,-61.95256893,SR-RO,UOP01,DEL02
269260,2020-02-14,sexta-feira,19:00:00,RO,421,9,ARIQUEMES,Defeito na Via,Queda de ocupante de veículo,Com Vítimas Feridas,Plena Noite,Decrescente,Nublado,Simples,Ponte,Não,1,0,1,0,0,0,1,1,-9.963603,-63.119144,SR-RO,UOP01,DEL03
269348,2020-02-15,sábado,05:40:00,RO,364,709,PORTO VELHO,Desobediência às normas de trânsito pelo condutor,Saída de leito carroçável,Sem Vítimas,Amanhecer,Crescente,Nublado,Simples,Reta,Sim,1,0,0,0,0,1,0,1,-8.7909383,-63.84895617,SR-RO,UOP01,DEL01
269355,2020-02-15,sábado,06:00:00,RO,364,241,CACOAL,Falta de Atenção à Condução,Tombamento,Sem Vítimas,Amanhecer,Crescente,Céu Claro,Múltipla,Reta,Sim,1,0,0,0,0,1,0,1,-11.44070217,-61.4786063,SR-RO,UOP02,DEL02
269397,2020-02-15,sábado,11:55:00,RO,364,235.8,CACOAL,Falta de Atenção à Condução,Colisão transversal,Com Vítimas Feridas,Pleno dia,Crescente,Céu Claro,Simples,Reta,Sim,2,0,1,0,1,0,1,2,-11.4506169,-61.4302469,SR-RO,UOP02,DEL02
269405,2020-02-15,sábado,08:00:00,RO,421,3,ARIQUEMES,Defeito na Via,Queda de ocupante de veículo,Com Vítimas Feridas,Pleno dia,Crescente,Garoa/Chuvisco,Simples,Reta,Não,1,0,1,0,0,0,1,1,-9.930296,-63.078598,SR-RO,UOP01,DEL03
269407,2020-02-15,sábado,09:00:00,RO,364,629.8,ITAPUA DO OESTE,Velocidade Incompatível,Saída de leito carroçável,Com Vítimas Feridas,Pleno dia,Decrescente,Nublado,Simples,Reta,Não,2,0,2,0,0,0,2,1,-9.08019478,-63.36288908,SR-RO,UOP03,DEL03
269408,2020-02-15,sábado,11:10:00,RO,364,714,PORTO VELHO,Falta de Atenção à Condução,Atropelamento de Pedestre,Com Vítimas Feridas,Pleno dia,Decrescente,Chuva,Simples,Rotatória,Sim,2,0,0,1,0,1,1,1,-8.77323714,-63.88521091,SR-RO,UOP01,DEL01
269501,2020-02-15,sábado,15:00:00,RO,364,811,PORTO VELHO,Desobediência às normas de trânsito pelo condutor,Colisão frontal,Com Vítimas Fatais,Pleno dia,Crescente,Céu Claro,Simples,Reta,Não,5,2,0,1,1,1,1,2,-9.27117415,-64.49327497,SR-RO,UOP02,DEL01
269559,2020-02-16,domingo,05:05:00,RO,364,198.3,PIMENTA BUENO,Ingestão de álcool e/ou substâncias psicoativas pelo pedestre,Atropelamento de Pedestre,Com Vítimas Feridas,Plena Noite,Crescente,Céu Claro,Simples,Ponte,Sim,2,0,1,1,0,0,2,1,-11.67049488,-61.19146173,SR-RO,UOP02,DEL02
269619,2020-02-16,domingo,09:30:00,RO,429,116,ALVORADA DOESTE,Defeito na Via,Queda de ocupante de veículo,Com Vítimas Feridas,Pleno dia,Decrescente,Nublado,Simples,Reta,Não,2,0,2,0,0,0,2,1,-11.50374119,-62.43618482,SR-RO,UOP03,DEL02
269766,2020-02-17,segunda-feira,02:30:00,RO,364,711.9,PORTO VELHO,Defeito na Via,Tombamento,Com Vítimas Feridas,Plena Noite,Decrescente,Céu Claro,Simples,Reta,Sim,1,0,1,0,0,0,1,1,-8.77785732,-63.87247324,SR-RO,UOP01,DEL01
269893,2020-02-17,segunda-feira,13:00:00,RO,364,199.8,PIMENTA BUENO,Falta de Atenção à Condução,Colisão traseira,Com Vítimas Feridas,Pleno dia,Crescente,Céu Claro,Simples,Reta,Não,3,0,2,0,1,0,2,2,-11.661617,-61.191055,SR-RO,UOP02,DEL02
269904,2020-02-17,segunda-feira,14:50:00,RO,364,708,PORTO VELHO,Animais na Pista,Colisão traseira,Sem Vítimas,Pleno dia,Decrescente,Nublado,Dupla,Reta,Sim,3,0,0,0,3,0,0,2,-8.79554083,-63.84072487,SR-RO,UOP01,DEL01
269979,2020-02-17,segunda-feira,18:40:00,RO,364,707,PORTO VELHO,Animais na Pista,Atropelamento de Animal,Com Vítimas Feridas,Anoitecer,Crescente,Céu Claro,Dupla,Reta,Sim,2,0,2,0,0,0,2,1,-8.80037213,-63.83262707,SR-RO,UOP01,DEL01
269984,2020-02-17,segunda-feira,19:50:00,RO,421,55,MONTE NEGRO,Defeito na Via,Queda de ocupante de veículo,Com Vítimas Feridas,Plena Noite,Crescente,Céu Claro,Simples,Reta,Não,1,0,1,0,0,0,1,1,-10.298895,-63.321854,SR-RO,UOP01,DEL03
270024,2020-02-18,terça-feira,06:55:00,RO,364,708.2,PORTO VELHO,Velocidade Incompatível,Colisão com objeto estático,Sem Vítimas,Pleno dia,Crescente,Céu Claro,Dupla,Reta,Sim,2,0,0,0,2,0,0,2,-8.79554083,-63.84072487,SR-RO,UOP01,DEL01
270110,2020-02-18,terça-feira,12:25:00,RO,364,565,ALTO PARAISO,Pista Escorregadia,Saída de leito carroçável,Com Vítimas Feridas,Pleno dia,Crescente,Chuva,Simples,Curva,Não,1,0,1,0,0,0,1,1,-9.51679303,-63.0778104,SR-RO,UOP03,DEL03
270149,2020-02-18,terça-feira,18:30:00,RO,364,342,JI-PARANA,Desobediência às normas de trânsito pelo condutor,Colisão traseira,Com Vítimas Feridas,Plena Noite,Crescente,Céu Claro,Dupla,Reta,Sim,2,0,2,0,0,0,2,2,-10.88204908,-61.9404459,SR-RO,UOP01,DEL02
270257,2020-02-19,quarta-feira,12:50:00,RO,174,14,VILHENA,Falta de Atenção à Condução,Colisão transversal,Com Vítimas Feridas,Pleno dia,Decrescente,Céu Claro,Dupla,Interseção de vias,Sim,4,0,1,0,2,1,1,2,-12.73306632,-60.12981255,SR-RO,UOP01,DEL04
270258,2020-02-19,quarta-feira,08:40:00,RO,319,63,PORTO VELHO,Falta de Atenção à Condução,Engavetamento,Sem Vítimas,Pleno dia,Decrescente,Nublado,Dupla,Reta,Sim,3,0,0,0,3,0,0,3,-8.7573078,-63.88614178,SR-RO,UOP01,DEL01
270382,2020-02-19,quarta-feira,16:10:00,RO,435,35.5,VILHENA,Velocidade Incompatível,Saída de leito carroçável,Com Vítimas Feridas,Pleno dia,Crescente,Céu Claro,Simples,Curva,Não,1,0,1,0,0,0,1,1,-12.84736708,-60.37897271,SR-RO,UOP02,DEL04
270509,2020-02-20,quinta-feira,16:50:00,RO,364,714,PORTO VELHO,Não guardar distância de segurança,Colisão traseira,Com Vítimas Feridas,Pleno dia,Decrescente,Céu Claro,Dupla,Viaduto,Sim,3,0,1,0,2,0,1,2,-8.77323714,-63.88521091,SR-RO,UOP01,DEL01
270510,2020-02-20,quinta-feira,17:15:00,RO,174,9.6,VILHENA,Desobediência às normas de trânsito pelo condutor,Tombamento,Com Vítimas Feridas,Pleno dia,Crescente,Garoa/Chuvisco,Dupla,Reta,Sim,2,0,1,0,1,0,1,2,-12.75498774,-60.10349751,SR-RO,UOP01,DEL04
270558,2020-02-20,quinta-feira,22:45:00,RO,364,235.9,CACOAL,Desobediência às normas de trânsito pelo condutor,Colisão transversal,Com Vítimas Feridas,Plena Noite,Crescente,Garoa/Chuvisco,Simples,Não Informado,Sim,2,0,1,0,1,0,1,2,-11.446256,-61.436207,SR-RO,UOP02,DEL02
270719,2020-02-21,sexta-feira,10:55:00,RO,364,12.3,VILHENA,Desobediência às normas de trânsito pelo condutor,Colisão transversal,Com Vítimas Feridas,Pleno dia,Crescente,Nublado,Dupla,Rotatória,Sim,2,0,1,1,0,0,2,2,-12.74370233,-60.12147609,SR-RO,UOP01,DEL04
270763,2020-02-21,sexta-feira,16:20:00,RO,364,712,PORTO VELHO,Desobediência às normas de trânsito pelo condutor,Colisão transversal,Com Vítimas Feridas,Pleno dia,Crescente,Céu Claro,Dupla,Interseção de vias,Sim,2,0,0,1,1,0,1,2,-8.7770354,-63.87316466,SR-RO,UOP01,DEL01
270810,2020-02-21,sexta-feira,19:45:00,RO,364,343,JI-PARANA,Falta de Atenção à Condução,Colisão traseira,Com Vítimas Feridas,Plena Noite,Crescente,Chuva,Dupla,Reta,Sim,2,0,1,0,1,0,1,2,-10.87878519,-61.94499012,SR-RO,UOP01,DEL02
270820,2020-02-21,sexta-feira,20:00:00,RO,364,528,ARIQUEMES,Pista Escorregadia,Queda de ocupante de veículo,Com Vítimas Feridas,Plena Noite,Crescente,Chuva,Simples,Reta,Não,1,0,1,0,0,0,1,1,-9.81112783,-63.07481273,SR-RO,UOP01,DEL03
270863,2020-02-22,sábado,02:30:00,RO,364,238,CACOAL,Falta de Atenção à Condução,Colisão com objeto estático,Sem Vítimas,Plena Noite,Crescente,Chuva,Simples,Interseção de vias,Sim,1,0,0,0,0,1,0,1,-11.4388578,-61.45471289,SR-RO,UOP02,DEL02
270907,2020-02-22,sábado,05:40:00,RO,425,66,NOVA MAMORE,Defeito na Via,Saída de leito carroçável,Com Vítimas Fatais,Amanhecer,Decrescente,Nublado,Simples,Reta,Não,3,1,1,1,0,0,2,1,-10.137222,-65.294441,SR-RO,UOP04,DEL01
270997,2020-02-22,sábado,13:55:00,RO,364,22,VILHENA,Não guardar distância de segurança,Engavetamento,Com Vítimas Feridas,Pleno dia,Crescente,Chuva,Simples,Reta,Não,3,0,1,0,2,0,1,3,-12.72526539,-60.21119301,SR-RO,UOP01,DEL04
271075,2020-02-22,sábado,18:30:00,RO,364,308,PRESIDENTE MEDICI,Falta de Atenção à Condução,Queda de ocupante de veículo,Com Vítimas Feridas,Anoitecer,Decrescente,Chuva,Simples,Reta,Sim,1,0,1,0,0,0,1,1,-11.172427,-61.901573,SR-RO,UOP01,DEL02
271127,2020-02-22,sábado,23:30:00,RO,319,59.5,PORTO VELHO,Ingestão de Álcool,Colisão traseira,Sem Vítimas,Plena Noite,Crescente,Garoa/Chuvisco,Dupla,Reta,Sim,4,0,0,0,4,0,0,2,-8.74088221,-63.89408112,SR-RO,UOP01,DEL01
271177,2020-02-22,sábado,18:00:00,RO,364,1062,PORTO VELHO,Desobediência às normas de trânsito pelo condutor,Colisão frontal,Com Vítimas Fatais,Anoitecer,Decrescente,Nublado,Simples,Reta,Não,3,1,0,1,1,0,1,2,-9.78635258,-66.55163527,SR-RO,UOP04,DEL01