id,data_inversa,dia_semana,horario,uf,br,km,municipio,causa_acidente,tipo_acidente,classificacao_acidente,fase_dia,sentido_via,condicao_metereologica,tipo_pista,tracado_via,uso_solo,pessoas,mortos,feridos_leves,feridos_graves,ilesos,ignorados,feridos,veiculos,latitude,longitude,regional,delegacia,uop
271179,2020-02-23,domingo,05:40:00,RO,319,62.1,PORTO VELHO,Pista Escorregadia,Saída de leito carroçável,Com Vítimas Feridas,Amanhecer,Decrescente,Chuva,Múltipla,Interseção de vias,Sim,1,0,1,0,0,0,1,1,-8.75014539,-63.88781732,SR-RO,UOP01,DEL01
271290,2020-02-23,domingo,14:30:00,RO,429,166.7,SAO MIGUEL DO GUAPORE,Ingestão de Álcool,Saída de leito carroçável,Com Vítimas Feridas,Pleno dia,Crescente,Nublado,Simples,Reta,Não,3,0,1,0,0,2,1,1,-11.71147573,-62.76629224,SR-RO,UOP03,DEL02
271294,2020-02-23,domingo,18:00:00,RO,364,492,ARIQUEMES,Animais na Pista,Atropelamento de Animal,Com Vítimas Feridas,Pleno dia,Decrescente,Céu Claro,Simples,Reta,Não,1,0,0,1,0,0,1,1,-10.09560911,-62.96269506,SR-RO,UOP01,DEL03
271307,2020-02-23,domingo,18:25:00,RO,364,237.4,CACOAL,Ingestão de Álcool,Colisão lateral,Sem Vítimas,Anoitecer,Crescente,Nublado,Dupla,Reta,Sim,2,0,0,0,2,0,0,2,-11.44152955,-61.4497304,SR-RO,UOP02,DEL02
271342,2020-02-23,domingo,22:25:00,RO,319,61.9,PORTO VELHO,Ingestão de Álcool,Colisão transversal,Com Vítimas Feridas,Plena Noite,Decrescente,Céu Claro,Dupla,Reta,Sim,2,0,1,1,0,0,2,2,-8.74809302,-63.88809443,SR-RO,UOP01,DEL01
271347,2020-02-23,domingo,17:40:00,RO,319,62.9,PORTO VELHO,Falta de Atenção à Condução,Tombamento,Com Vítimas Feridas,Plena Noite,Crescente,Céu Claro,Múltipla,Reta,Sim,2,0,1,0,0,1,1,2,-8.766685,-63.884052,SR-RO,UOP01,DEL01
271378,2020-02-24,segunda-feira,06:35:00,RO,364,273.9,CACOAL,Falta de Atenção à Condução,Colisão transversal,Com Vítimas Fatais,Pleno dia,Crescente,Céu Claro,Simples,Interseção de vias,Não,3,1,1,0,1,0,1,3,-11.38643282,-61.74882889,SR-RO,UOP02,DEL02
271420,2020-02-24,segunda-feira,12:43:00,RO,364,711,PORTO VELHO,Não guardar distância de segurança,Colisão traseira,Sem Vítimas,Pleno dia,Decrescente,Nublado,Dupla,Reta,Sim,2,0,0,0,2,0,0,2,-8.78153947,-63.86531369,SR-RO,UOP01,DEL01
271497,2020-02-24,segunda-feira,20:20:00,RO,364,196.8,PIMENTA BUENO,Defeito na Via,Tombamento,Com Vítimas Feridas,Plena Noite,Crescente,Nublado,Simples,Reta,Sim,1,0,1,0,0,0,1,1,-11.68671732,-61.18347731,SR-RO,UOP02,DEL02
271529,2020-02-25,terça-feira,02:50:00,RO,364,516,ARIQUEMES,Ingestão de Álcool,Queda de ocupante de veículo,Com Vítimas Feridas,Plena Noite,Decrescente,Nublado,Simples,Reta,Sim,1,0,1,0,0,0,1,1,-9.915961,-63.05532,SR-RO,UOP01,DEL03
271587,2020-02-24,segunda-feira,17:15:00,RO,425,100,GUAJARA-MIRIM,Desobediência às normas de trânsito pelo condutor,Colisão frontal,Com Vítimas Feridas,Pleno dia,Crescente,Céu Claro,Múltipla,Reta,Sim,2,0,1,0,1,0,1,2,-10.411559,-65.33094,SR-RO,UOP04,DEL01
271691,2020-02-25,terça-feira,18:50:00,RO,364,15,VILHENA,Desobediência às normas de trânsito pelo condutor,Colisão transversal,Com Vítimas Feridas,Anoitecer,Crescente,Céu Claro,Dupla,Reta,Sim,3,0,1,0,2,0,1,2,-12.73672751,-60.14804088,SR-RO,UOP01,DEL04
271841,2020-02-26,quarta-feira,15:10:00,RO,364,237.6,CACOAL,Ultrapassagem Indevida,Colisão transversal,Com Vítimas Feridas,Pleno dia,Crescente,Céu Claro,Simples,Reta,Sim,2,0,1,1,0,0,2,2,-11.439719,-61.453205,SR-RO,UOP02,DEL02
271856,2020-02-26,quarta-feira,15:08:00,RO,364,237,CACOAL,Velocidade Incompatível,Colisão transversal,Com Vítimas Feridas,Pleno dia,Crescente,Sol,Simples,Reta,Sim,3,0,2,0,0,1,2,2,-11.44341056,-61.44672787,SR-RO,UOP02,DEL02
272033,2020-02-27,quinta-feira,12:45:00,RO,364,706,PORTO VELHO,Avarias e/ou desgaste excessivo no pneu,Colisão com objeto estático,Com Vítimas Feridas,Pleno dia,Crescente,Garoa/Chuvisco,Dupla,Curva,Não,1,0,1,0,0,0,1,1,-8.80091,-63.82728,SR-RO,UOP01,DEL01
272050,2020-02-27,quinta-feira,16:25:00,RO,364,246.8,CACOAL,Ultrapassagem Indevida,Colisão frontal,Com Vítimas Feridas,Pleno dia,Decrescente,Céu Claro,Simples,Reta,Não,5,0,4,0,1,0,4,3,-11.439203,-61.530122,SR-RO,UOP02,DEL02
272067,2020-02-27,quinta-feira,17:10:00,RO,364,227.5,CACOAL,Desobediência às normas de trânsito pelo condutor,Colisão transversal,Com Vítimas Feridas,Pleno dia,Crescente,Céu Claro,Simples,Não Informado,Não,2,0,1,0,1,0,1,2,-11.493521,-61.377072,SR-RO,UOP02,DEL02
272089,2020-02-27,quinta-feira,19:50:00,RO,435,123.9,CEREJEIRAS,Velocidade Incompatível,Colisão transversal,Com Vítimas Feridas,Plena Noite,Decrescente,Nublado,Dupla,Interseção de vias,Sim,2,0,0,1,1,0,1,2,-13.18899601,-60.81628919,SR-RO,UOP02,DEL04
272105,2020-02-27,quinta-feira,09:40:00,RO,319,64.5,PORTO VELHO,Defeito na Via,Tombamento,Com Vítimas Feridas,Plena Noite,Decrescente,Nublado,Dupla,Não Informado,Sim,1,0,1,0,0,0,1,1,-8.77048804,-63.8833952,SR-RO,UOP01,DEL01
272152,2020-02-28,sexta-feira,09:15:00,RO,364,263.2,CACOAL,Fenômenos da Natureza,Saída de leito carroçável,Com Vítimas Feridas,Pleno dia,Crescente,Chuva,Simples,Não Informado,Não,1,0,1,0,0,0,1,1,-11.393249,-61.660736,SR-RO,UOP02,DEL02
272159,2020-02-28,sexta-feira,09:00:00,RO,364,812,PORTO VELHO,Desobediência às normas de trânsito pelo condutor,Colisão traseira,Com Vítimas Feridas,Pleno dia,Crescente,Nublado,Simples,Reta,Não,3,0,1,0,1,1,1,2,-9.27302723,-64.50218195,SR-RO,UOP02,DEL01
272187,2020-02-14,sexta-feira,08:30:00,RO,364,340.8,JI-PARANA,Falta de Atenção à Condução,Colisão transversal,Com Vítimas Feridas,Pleno dia,Crescente,Céu Claro,Dupla,Reta,Sim,3,0,1,1,1,0,2,2,-10.898802,-61.93046,SR-RO,UOP01,DEL02
272220,2020-02-28,sexta-feira,15:40:00,RO,421,11,ARIQUEMES,Desobediência às normas de trânsito pelo condutor,Colisão transversal,Com Vítimas Feridas,Pleno dia,Crescente,Céu Claro,Simples,Reta,Não,3,0,0,1,2,0,1,2,-9.976976,-63.131104,SR-RO,UOP01,DEL03
272380,2020-02-29,sábado,10:35:00,RO,364,343.9,JI-PARANA,Desobediência às normas de trânsito pelo condutor,Colisão transversal,Com Vítimas Feridas,Pleno dia,Crescente,Sol,Simples,Desvio Temporário,Sim,2,0,1,0,1,0,1,2,-10.85304758,-61.90527141,SR-RO,UOP01,DEL02
272382,2020-02-29,sábado,10:00:00,RO,364,345.2,JI-PARANA,Falta de Atenção à Condução,Colisão com objeto estático,Com Vítimas Feridas,Pleno dia,Crescente,Nublado,Dupla,Reta,Sim,1,0,1,0,0,0,1,1,-10.8688113,-61.9601791,SR-RO,UOP01,DEL02
272388,2020-02-01,sábado,23:15:00,RO,364,714,PORTO VELHO,Falta de Atenção à Condução,Colisão frontal,Com Vítimas Feridas,Plena Noite,Crescente,Céu Claro,Dupla,Reta,Sim,2,0,0,1,1,0,1,2,-8.77323714,-63.88521091,SR-RO,DEL21/1,UOP01/RO
272530,2020-02-21,sexta-feira,18:00:00,RO,364,383.4,OURO PRETO DO OESTE,Ingestão de Álcool,Colisão frontal,Sem Vítimas,Anoitecer,Crescente,Garoa/Chuvisco,Simples,Desvio Temporário,Sim,2,0,0,0,2,0,0,2,-10.72104014,-62.24385208,SR-RO,UOP01,DEL02
272563,2020-03-01,domingo,09:50:00,RO,319,63,PORTO VELHO,Falta de Atenção à Condução,Colisão lateral,Com Vítimas Feridas,Pleno dia,Crescente,Chuva,Dupla,Não Informado,Sim,2,0,1,0,1,0,1,2,-8.766685,-63.884052,SR-RO,UOP01,DEL01
272681,2020-03-01,domingo,18:15:00,RO,364,720,PORTO VELHO,Falta de Atenção à Condução,Saída de leito carroçável,Sem Vítimas,Anoitecer,Decrescente,Céu Claro,Dupla,Não Informado,Não,1,0,0,0,0,1,0,1,-8.81451931,-63.91986092,SR-RO,UOP01,DEL01
272696,2020-03-01,domingo,18:50:00,RO,364,709,PORTO VELHO,Defeito Mecânico no Veículo,Incêndio,Sem Vítimas,Plena Noite,Decrescente,Céu Claro,Múltipla,Reta,Sim,1,0,0,0,1,0,0,1,-8.7893934,-63.85227084,SR-RO,UOP01,DEL01
272840,2020-03-02,segunda-feira,12:45:00,RO,364,355,JI-PARANA,Defeito Mecânico no Veículo,Saída de leito carroçável,Com Vítimas Feridas,Pleno dia,Decrescente,Céu Claro,Simples,Curva,Não,1,0,1,0,0,0,1,1,-10.8014385,-62.02404499,SR-RO,UOP01,DEL02
272845,2020-03-02,segunda-feira,11:30:00,RO,364,14.7,VILHENA,Falta de Atenção do Pedestre,Atropelamento de Pedestre,Com Vítimas Feridas,Pleno dia,Crescente,Céu Claro,Dupla,Reta,Sim,2,0,1,1,0,0,2,1,-12.7381714,-60.14228225,SR-RO,UOP01,DEL04
272890,2020-03-02,segunda-feira,17:15:00,RO,364,238.8,CACOAL,Falta de Atenção à Condução,Saída de leito carroçável,Com Vítimas Feridas,Anoitecer,Crescente,Céu Claro,Simples,Reta,Sim,1,0,0,1,0,0,1,1,-11.4388578,-61.45471289,SR-RO,UOP02,DEL02
272891,2020-03-02,segunda-feira,17:15:00,RO,364,697,PORTO VELHO,Falta de Atenção à Condução,Colisão traseira,Com Vítimas Feridas,Pleno dia,Decrescente,Nublado,Dupla,Interseção de vias,Não,2,0,1,0,1,0,1,2,-8.80124887,-63.74350506,SR-RO,UOP01,DEL01
272941,2020-03-02,segunda-feira,21:25:00,RO,364,488,ARIQUEMES,Defeito na Via,Queda de ocupante de veículo,Com Vítimas Feridas,Plena Noite,Crescente,Céu Claro,Simples,Reta,Não,2,0,1,1,0,0,2,1,-10.10877489,-62.92948798,SR-RO,UOP01,DEL03
272946,2020-03-02,segunda-feira,23:00:00,RO,364,456.9,ARIQUEMES,Velocidade Incompatível,Colisão frontal,Com Vítimas Fatais,Plena Noite,Decrescente,Garoa/Chuvisco,Simples,Curva,Não,2,1,0,0,1,0,0,2,-10.26348898,-62.70463943,SR-RO,UOP02,DEL03
273108,2020-03-03,terça-feira,18:54:00,RO,364,237.7,CACOAL,Desobediência às normas de trânsito pelo condutor,Colisão transversal,Com Vítimas Feridas,Plena Noite,Decrescente,Nublado,Simples,Não Informado,Sim,4,0,1,0,0,3,1,2,-11.44341056,-61.44672787,SR-RO,UOP02,DEL02
273136,2020-03-03,terça-feira,20:30:00,RO,364,928.2,PORTO VELHO,Desobediência às normas de trânsito pelo condutor,Colisão lateral,Sem Vítimas,Plena Noite,Crescente,Nublado,Simples,Reta,Sim,2,0,0,0,1,1,0,2,-9.700625,-65.367781,SR-RO,UOP04,DEL01
273171,2020-03-03,terça-feira,21:00:00,RO,364,568,ITAPUA DO OESTE,Falta de Atenção à Condução,Queda de ocupante de veículo,Com Vítimas Feridas,Plena Noite,Crescente,Nublado,Simples,Desvio Temporário,Não,1,0,0,1,0,0,1,1,-9.49373484,-63.09032378,SR-RO,UOP03,DEL03
273229,2020-03-04,quarta-feira,13:45:00,RO,364,347.2,JI-PARANA,Desobediência às normas de trânsito pelo condutor,Colisão transversal,Com Vítimas Feridas,Pleno dia,Crescente,Céu Claro,Simples,Reta,Sim,2,0,1,0,1,0,1,2,-10.86070186,-61.9761549,SR-RO,UOP01,DEL02
273260,2020-03-04,quarta-feira,16:50:00,RO,319,63,PORTO VELHO,Não guardar distância de segurança,Colisão traseira,Com Vítimas Feridas,Pleno dia,Decrescente,Céu Claro,Dupla,Não Informado,Sim,2,0,1,0,1,0,1,2,-8.766685,-63.884052,SR-RO,UOP01,DEL01
273349,2020-03-05,quinta-feira,08:10:00,RO,364,240.6,CACOAL,Falta de Atenção à Condução,Colisão transversal,Com Vítimas Feridas,Pleno dia,Crescente,Céu Claro,Simples,Reta,Sim,2,0,1,1,0,0,2,2,-11.43579019,-61.47096987,SR-RO,UOP02,DEL02
273444,2020-03-05,quinta-feira,17:25:00,RO,364,371.4,OURO PRETO DO OESTE,Falta de Atenção à Condução,Saída de leito carroçável,Com Vítimas Feridas,Pleno dia,Decrescente,Céu Claro,Simples,Não Informado,Não,1,0,0,1,0,0,1,1,-10.75696169,-62.1541214,SR-RO,UOP01,DEL02
273445,2020-03-05,quinta-feira,15:00:00,RO,364,448.9,JARU,Não guardar distância de segurança,Engavetamento,Com Vítimas Feridas,Pleno dia,Crescente,Nublado,Simples,Não Informado,Não,6,0,2,2,2,0,4,3,-10.31044223,-62.63906217,SR-RO,UOP02,DEL03
273462,2020-03-05,quinta-feira,19:25:00,RO,435,35,VILHENA,Falta de Atenção do Pedestre,Atropelamento de Pedestre,Com Vítimas Feridas,Plena Noite,Crescente,Céu Claro,Simples,Desvio Temporário,Não,2,0,1,0,1,0,1,1,-12.84736708,-60.37897271,SR-RO,UOP02,DEL04
273465,2020-03-05,quinta-feira,20:30:00,RO,364,713,PORTO VELHO,Desobediência às normas de trânsito pelo condutor,Colisão lateral,Com Vítimas Feridas,Plena Noite,Crescente,Céu Claro,Dupla,Curva,Não,2,0,1,1,0,0,2,2,-8.77331583,-63.87969248,SR-RO,UOP01,DEL01
273471,2020-03-05,quinta-feira,22:30:00,RO,319,63.8,PORTO VELHO,Desobediência às normas de trânsito pelo condutor,Colisão transversal,Com Vítimas Feridas,Plena Noite,Crescente,Céu Claro,Dupla,Interseção de vias,Sim,2,0,0,1,1,0,1,2,-8.766685,-63.884052,SR-RO,UOP01,DEL01
273584,2020-03-06,sexta-feira,10:55:00,RO,364,409,JARU,Falta de Atenção do Pedestre,Atropelamento de Pedestre,Com Vítimas Feridas,Pleno dia,Crescente,Céu Claro,Simples,Reta,Não,2,0,1,1,0,0,2,1,-10.54019698,-62.39333998,SR-RO,UOP02,DEL03
273682,2020-03-06,sexta-feira,19:10:00,RO,364,16.6,VILHENA,Falta de Atenção à Condução,Colisão transversal,Com Vítimas Feridas,Plena Noite,Decrescente,Céu Claro,Simples,Reta,Não,3,0,2,0,1,0,2,2,-12.73437947,-60.15696986,SR-RO,UOP01,DEL04
273685,2020-03-06,sexta-feira,17:30:00,RO,364,12,VILHENA,Falta de Atenção à Condução,Queda de ocupante de veículo,Com Vítimas Feridas,Anoitecer,Decrescente,Céu Claro,Dupla,Rotatória,Sim,2,0,1,0,1,0,1,2,-12.74370233,-60.12147609,SR-RO,UOP01,DEL04
273791,2020-03-07,sábado,09:15:00,RO,364,424,JARU,Restrição de Visibilidade,Colisão transversal,Com Vítimas Feridas,Pleno dia,Crescente,Garoa/Chuvisco,Simples,Reta,Sim,2,0,1,0,1,0,1,2,-10.4404353,-62.46828854,SR-RO,UOP02,DEL03
273913,2020-03-07,sábado,14:40:00,RO,364,496,ARIQUEMES,Defeito na Via,Tombamento,Sem Vítimas,Pleno dia,Decrescente,Céu Claro,Simples,Curva,Não,2,0,0,0,2,0,0,1,-10.06422899,-62.97402181,SR-RO,UOP01,DEL03
273923,2020-03-07,sábado,17:50:00,RO,364,342,JI-PARANA,Desobediência às normas de trânsito pelo condutor,Colisão transversal,Com Vítimas Feridas,Anoitecer,Decrescente,Céu Claro,Simples,Retorno Regulamentado,Sim,2,0,1,0,1,0,1,2,-10.88381227,-61.93741416,SR-RO,UOP01,DEL02
273980,2020-03-07,sábado,20:30:00,RO,364,711,PORTO VELHO,Não guardar distância de segurança,Colisão traseira,Com Vítimas Feridas,Plena Noite,Decrescente,Chuva,Dupla,Reta,Sim,6,0,2,0,3,1,2,2,-8.78153947,-63.86531369,SR-RO,UOP01,DEL01
273998,2020-03-07,sábado,08:15:00,RO,364,514.7,ARIQUEMES,Desobediência às normas de trânsito pelo condutor,Colisão transversal,Com Vítimas Feridas,Pleno dia,Crescente,Céu Claro,Dupla,Reta,Sim,4,0,1,0,2,1,1,2,-9.93398403,-63.05522959,SR-RO,UOP01,DEL03
274003,2020-03-08,domingo,06:00:00,RO,435,117,COLORADO DO OESTE,Ingestão de Álcool,Saída de leito carroçável,Com Vítimas Feridas,Amanhecer,Decrescente,Céu Claro,Simples,Reta,Não,2,0,1,1,0,0,2,1,-13.18754689,-60.75678299,SR-RO,UOP02,DEL04
274015,2020-03-08,domingo,06:20:00,RO,364,713.5,PORTO VELHO,Desobediência às normas de trânsito pelo condutor,Colisão transversal,Com Vítimas Feridas,Pleno dia,Crescente,Nublado,Dupla,Reta,Sim,2,0,0,1,1,0,1,2,-8.77171803,-63.88371706,SR-RO,UOP01,DEL01
274046,2020-03-08,domingo,08:00:00,RO,364,602.1,ITAPUA DO OESTE,Falta de Atenção à Condução,Saída de leito carroçável,Sem Vítimas,Pleno dia,Crescente,Nublado,Dupla,Reta,Não,1,0,0,0,1,0,0,1,-9.20509766,-63.17616647,SR-RO,UOP03,DEL03
274063,2020-03-08,domingo,14:15:00,RO,364,23.6,VILHENA,Desobediência às normas de trânsito pelo condutor,Colisão traseira,Com Vítimas Feridas,Pleno dia,Decrescente,Chuva,Simples,Não Informado,Não,2,0,1,0,1,0,1,2,-12.72507963,-60.22636414,SR-RO,UOP01,DEL04
274114,2020-03-08,domingo,18:10:00,RO,364,235.1,CACOAL,Ingestão de Álcool,Saída de leito carroçável,Sem Vítimas,Anoitecer,Decrescente,Nublado,Simples,Reta,Sim,1,0,0,0,1,0,0,1,-11.449685,-61.431342,SR-RO,UOP02,DEL02
274127,2020-03-08,domingo,18:50:00,RO,364,242.4,CACOAL,Deficiência ou não Acionamento do Sistema de Iluminação/Sinalização do Veículo,Colisão traseira,Com Vítimas Feridas,Plena Noite,Decrescente,Nublado,Simples,Não Informado,Sim,4,0,1,1,0,2,2,2,-11.4409688,-61.491597,SR-RO,UOP02,DEL02
274171,2020-03-08,domingo,09:54:00,RO,364,391,OURO PRETO DO OESTE,Defeito Mecânico no Veículo,Colisão com objeto estático,Sem Vítimas,Pleno dia,Crescente,Céu Claro,Simples,Desvio Temporário,Não,1,0,0,0,1,0,0,1,-10.66607588,-62.29120385,SR-RO,UOP02,DEL03
274187,2020-03-08,domingo,14:45:00,RO,435,91.8,COLORADO DO OESTE,Falta de Atenção à Condução,Colisão traseira,Com Vítimas Feridas,Pleno dia,Crescente,Céu Claro,Simples,Reta,Não,1,0,0,1,0,0,1,1,-13.175628,-60.544884,SR-RO,UOP02,DEL04
274306,2020-03-09,segunda-feira,13:48:00,RO,364,698,PORTO VELHO,Desobediência às normas de trânsito pelo condutor,Colisão traseira,Com Vítimas Feridas,Pleno dia,Crescente,Céu Claro,Dupla,Curva,Não,3,0,2,0,1,0,2,2,-8.80298977,-63.75179291,SR-RO,UOP01,DEL01
274460,2020-03-10,terça-feira,10:40:00,RO,364,170,PIMENTA BUENO,Falta de Atenção à Condução,Colisão traseira,Sem Vítimas,Pleno dia,Crescente,Nublado,Simples,Reta,Não,3,0,0,0,3,0,0,1,-11.84752501,-61.01742202,SR-RO,UOP02,DEL02
274462,2020-03-10,terça-feira,10:25:00,RO,364,62,PORTO VELHO,Falta de Atenção à Condução,Colisão traseira,Sem Vítimas,Pleno dia,Crescente,Chuva,Dupla,Reta,Sim,2,0,0,0,2,0,0,2,-8.74959879,-63.88774037,SR-RO,UOP01,DEL04
274536,2020-03-10,terça-feira,09:20:00,RO,364,479.9,ARIQUEMES,Defeito na Via,Tombamento,Com Vítimas Feridas,Pleno dia,Decrescente,Chuva,Simples,Reta,Não,1,0,1,0,0,0,1,1,-10.14114091,-62.85421996,SR-RO,UOP01,DEL03
274546,2020-03-10,terça-feira,14:58:00,RO,435,20,VILHENA,Falta de Atenção à Condução,Colisão lateral,Com Vítimas Feridas,Pleno dia,Crescente,Céu Claro,Simples,Reta,Não,3,0,2,0,1,0,2,2,-12.75860695,-60.29644206,SR-RO,UOP02,DEL04
274686,2020-03-11,quarta-feira,09:10:00,RO,364,15,VILHENA,Falta de Atenção à Condução,Atropelamento de Pedestre,Com Vítimas Feridas,Pleno dia,Crescente,Nublado,Simples,Rotatória,Sim,2,0,1,0,1,0,1,1,-12.73672751,-60.14804088,SR-RO,UOP01,DEL04
274707,2020-03-11,quarta-feira,12:00:00,RO,364,710.6,PORTO VELHO,Não guardar distância de segurança,Colisão traseira,Sem Vítimas,Pleno dia,Decrescente,Céu Claro,Dupla,Retorno Regulamentado,Sim,2,0,0,0,2,0,0,2,-8.783387,-63.86206,SR-RO,UOP01,DEL01
274844,2020-03-12,quinta-feira,07:40:00,RO,364,711,PORTO VELHO,Não guardar distância de segurança,Colisão traseira,Sem Vítimas,Pleno dia,Crescente,Sol,Múltipla,Reta,Sim,2,0,0,0,2,0,0,2,-8.78153947,-63.86531369,SR-RO,UOP01,DEL01
275030,2020-03-13,sexta-feira,05:50:00,RO,364,423,JARU,Falta de Atenção do Pedestre,Atropelamento de Pedestre,Com Vítimas Feridas,Amanhecer,Decrescente,Céu Claro,Simples,Não Informado,Sim,3,0,0,3,0,0,3,1,-10.45220802,-62.46072003,SR-RO,UOP02,DEL03
275033,2020-03-13,sexta-feira,04:10:00,RO,364,753,PORTO VELHO,Animais na Pista,Atropelamento de Animal,Sem Vítimas,Amanhecer,Decrescente,Nevoeiro/Neblina,Simples,Reta,Não,1,0,0,0,1,0,0,1,-9.07190611,-64.03898899,SR-RO,UOP02,DEL01
275126,2020-03-13,sexta-feira,14:10:00,RO,364,417.9,JARU,Avarias e/ou desgaste excessivo no pneu,Saída de leito carroçável,Com Vítimas Feridas,Pleno dia,Decrescente,Nublado,Simples,Curva,Não,2,0,0,2,0,0,2,1,-10.49204616,-62.42765112,SR-RO,UOP02,DEL03
275132,2020-03-13,sexta-feira,15:00:00,RO,364,306.5,PRESIDENTE MEDICI,Ultrapassagem Indevida,Colisão lateral,Com Vítimas Feridas,Pleno dia,Decrescente,Sol,Simples,Reta,Sim,2,0,1,0,1,0,1,2,-11.190471,-61.90149,SR-RO,UOP01,DEL02
275145,2020-03-13,sexta-feira,15:29:00,RO,364,341,JI-PARANA,Desobediência às normas de trânsito pelo condutor,Colisão transversal,Com Vítimas Feridas,Pleno dia,Crescente,Céu Claro,Dupla,Interseção de vias,Sim,3,0,2,0,1,0,2,2,-10.88987987,-61.93126772,SR-RO,UOP01,DEL02
275211,2020-03-13,sexta-feira,19:20:00,RO,364,233,CACOAL,Desobediência às normas de trânsito pelo condutor,Colisão traseira,Com Vítimas Feridas,Plena Noite,Decrescente,Nublado,Simples,Não Informado,Sim,2,0,0,1,1,0,1,2,-11.46104613,-61.41546107,SR-RO,UOP02,DEL02
275262,2020-03-14,sábado,05:20:00,RO,364,44.3,VILHENA,Restrição de Visibilidade,Colisão transversal,Com Vítimas Feridas,Amanhecer,Decrescente,Nevoeiro/Neblina,Simples,Reta,Não,2,0,0,1,1,0,1,2,-12.60211401,-60.34375015,SR-RO,UOP01,DEL04
275431,2020-03-14,sábado,19:10:00,RO,364,343,JI-PARANA,Desobediência às normas de trânsito pelo condutor,Colisão lateral,Com Vítimas Feridas,Anoitecer,Crescente,Nublado,Múltipla,Reta,Sim,2,0,0,1,1,0,1,2,-10.87878519,-61.94499012,SR-RO,UOP01,DEL02
275437,2020-03-14,sábado,19:00:00,RO,364,239.1,CACOAL,Desobediência às normas de trânsito pelo condutor,Colisão transversal,Sem Vítimas,Plena Noite,Crescente,Nublado,Simples,Reta,Sim,3,0,0,0,3,0,0,2,-11.43425083,-61.46267289,SR-RO,UOP02,DEL02
275612,2020-03-15,domingo,18:30:00,RO,364,417.2,JARU,Ultrapassagem Indevida,Colisão lateral,Com Vítimas Feridas,Anoitecer,Crescente,Céu Claro,Simples,Não Informado,Não,1,0,0,1,0,0,1,1,-10.4920926,-62.42758065,SR-RO,UOP02,DEL03
275670,2020-03-15,domingo,23:40:00,RO,364,343,JI-PARANA,Falta de Atenção à Condução,Queda de ocupante de veículo,Com Vítimas Feridas,Plena Noite,Crescente,Ignorado,Múltipla,Retorno Regulamentado,Sim,1,0,1,0,0,0,1,1,-10.87878519,-61.94499012,SR-RO,UOP01,DEL02
275787,2020-03-16,segunda-feira,12:00:00,RO,364,514.5,ARIQUEMES,Desobediência às normas de trânsito pelo condutor,Colisão frontal,Com Vítimas Fatais,Pleno dia,Decrescente,Céu Claro,Simples,Reta,Sim,2,1,0,0,1,0,0,2,-9.929193,-63.054915,SR-RO,UOP01,DEL03
275894,2020-03-17,terça-feira,03:00:00,RO,319,50.5,PORTO VELHO,Restrição de Visibilidade,Atropelamento de Pedestre,Com Vítimas Fatais,Amanhecer,Crescente,Céu Claro,Simples,Reta,Não,2,1,0,0,0,1,0,1,-8.712245,-63.984695,SR-RO,UOP01,DEL01
275905,2020-03-17,terça-feira,04:30:00,RO,435,19.8,VILHENA,Defeito na Via,Colisão com objeto estático,Com Vítimas Feridas,Amanhecer,Crescente,Céu Claro,Simples,Reta,Não,1,0,1,0,0,0,1,1,-12.752167,-60.290398,SR-RO,UOP02,DEL04
275955,2020-03-17,terça-feira,11:20:00,RO,364,704.8,PORTO VELHO,Desobediência às normas de trânsito pelo condutor,Colisão traseira,Com Vítimas Feridas,Pleno dia,Crescente,Sol,Dupla,Reta,Sim,4,0,3,0,1,0,3,3,-8.80032739,-63.804543,SR-RO,UOP01,DEL01
275978,2020-03-17,terça-feira,14:00:00,RO,364,703,PORTO VELHO,Desobediência às normas de trânsito pelo condutor,Colisão traseira,Com Vítimas Feridas,Pleno dia,Decrescente,Sol,Dupla,Reta,Sim,3,0,2,0,1,0,2,2,-8.800479,-63.80172914,SR-RO,UOP01,DEL01
276005,2020-03-17,terça-feira,16:00:00,RO,364,703,PORTO VELHO,Desobediência às normas de trânsito pelo condutor,Colisão transversal,Com Vítimas Feridas,Pleno dia,Crescente,Céu Claro,Dupla,Reta,Sim,2,0,0,1,1,0,1,2,-8.80021523,-63.79557792,SR-RO,UOP01,DEL01
276017,2020-03-17,terça-feira,15:20:00,RO,364,422.8,JARU,Desobediência às normas de trânsito pelo condutor,Colisão lateral,Sem Vítimas,Pleno dia,Crescente,Nublado,Simples,Reta,Sim,4,0,0,0,4,0,0,2,-10.4597532,-62.4558043,SR-RO,UOP02,DEL03
276019,2020-03-17,terça-feira,16:30:00,RO,435,87,VILHENA,Defeito na Via,Capotamento,Com Vítimas Feridas,Pleno dia,Decrescente,Céu Claro,Simples,Reta,Não,3,0,3,0,0,0,3,1,-12.7486446,-60.2921581,SR-RO,UOP02,DEL04
276034,2020-03-17,terça-feira,18:50:00,RO,364,235,CACOAL,Falta de Atenção à Condução,Colisão traseira,Com Vítimas Feridas,Plena Noite,Decrescente,Nublado,Simples,Reta,Sim,2,0,0,1,1,0,1,2,-11.4506169,-61.4302469,SR-RO,UOP02,DEL02