id,data_inversa,dia_semana,horario,uf,br,km,municipio,causa_acidente,tipo_acidente,classificacao_acidente,fase_dia,sentido_via,condicao_metereologica,tipo_pista,tracado_via,uso_solo,pessoas,mortos,feridos_leves,feridos_graves,ilesos,ignorados,feridos,veiculos,latitude,longitude,regional,delegacia,uop
287305,2020-05-31,domingo,00:25:00,RO,364,425,JARU,Desobediência às normas de trânsito pelo condutor,Colisão traseira,Com Vítimas Feridas,Plena Noite,Decrescente,Céu Claro,Múltipla,Reta,Sim,2,0,0,1,1,0,1,2,-10.43752488,-62.47169791,SR-RO,UOP02,DEL03
287343,2020-05-31,domingo,06:00:00,RO,364,118,CHUPINGUAIA,Desobediência às normas de trânsito pelo pedestre,Colisão traseira,Com Vítimas Feridas,Pleno dia,Crescente,Céu Claro,Simples,Desvio Temporário,Não,2,0,0,1,1,0,1,2,-12.14170225,-60.72485236,SR-RO,UOP02,DEL02
287478,2020-05-31,domingo,18:30:00,RO,421,64,MONTE NEGRO,Ingestão de Álcool,Saída de leito carroçável,Com Vítimas Feridas,Anoitecer,Crescente,Céu Claro,Simples,Não Informado,Não,3,0,2,0,1,0,2,1,-10.347285,-63.382229,SR-RO,UOP01,DEL03
287489,2020-05-31,domingo,22:25:00,RO,364,237.2,CACOAL,Desobediência às normas de trânsito pelo condutor,Colisão transversal,Com Vítimas Feridas,Plena Noite,Decrescente,Céu Claro,Simples,Retorno Regulamentado,Sim,3,0,0,3,0,0,3,2,-11.442175,-61.448914,SR-RO,UOP02,DEL02
287497,2020-05-31,domingo,22:30:00,RO,364,988,PORTO VELHO,Desobediência às normas de trânsito pelo condutor,Saída de leito carroçável,Com Vítimas Fatais,Plena Noite,Crescente,Céu Claro,Simples,Reta,Não,2,1,0,0,1,0,0,1,-9.68140135,-65.88669298,SR-RO,UOP04,DEL01
287531,2020-06-01,segunda-feira,04:35:00,RO,364,181.4,PIMENTA BUENO,Desobediência às normas de trânsito pelo condutor,Saída de leito carroçável,Com Vítimas Feridas,Plena Noite,Decrescente,Nevoeiro/Neblina,Simples,Reta,Não,1,0,1,0,0,0,1,1,-11.77036478,-61.07912472,SR-RO,UOP02,DEL02
287548,2020-06-01,segunda-feira,08:30:00,RO,364,425.6,JARU,Velocidade Incompatível,Tombamento,Com Vítimas Feridas,Pleno dia,Crescente,Sol,Múltipla,Reta,Sim,1,0,1,0,0,0,1,1,-10.43752488,-62.47169791,SR-RO,UOP02,DEL03
287555,2020-06-01,segunda-feira,09:15:00,RO,364,337.8,JI-PARANA,Falta de Atenção à Condução,Colisão transversal,Com Vítimas Feridas,Pleno dia,Decrescente,Céu Claro,Simples,Não Informado,Sim,2,0,1,0,1,0,1,2,-10.898802,-61.93046,SR-RO,UOP01,DEL02
287654,2020-06-01,segunda-feira,19:15:00,RO,364,367,OURO PRETO DO OESTE,Defeito na Via,Queda de ocupante de veículo,Com Vítimas Feridas,Plena Noite,Decrescente,Ignorado,Simples,Reta,Não,2,0,0,1,0,1,1,1,-10.76727809,-62.11907002,SR-RO,UOP01,DEL02
287664,2020-06-01,segunda-feira,20:43:00,RO,421,11,ARIQUEMES,Animais na Pista,Atropelamento de Animal,Com Vítimas Feridas,Plena Noite,Decrescente,Céu Claro,Simples,Reta,Não,2,0,2,0,0,0,2,1,-9.94159095,-63.09861705,SR-RO,UOP01,DEL03
287797,2020-06-02,terça-feira,16:00:00,RO,364,509,ARIQUEMES,Defeito na Via,Saída de leito carroçável,Com Vítimas Feridas,Pleno dia,Crescente,Céu Claro,Simples,Não Informado,Não,1,0,1,0,0,0,1,1,-9.97158975,-63.03721087,SR-RO,UOP01,DEL03
287848,2020-05-29,sexta-feira,19:00:00,RO,364,362,JI-PARANA,Defeito na Via,Queda de ocupante de veículo,Com Vítimas Feridas,Plena Noite,Crescente,Céu Claro,Simples,Reta,Não,1,0,1,0,0,0,1,1,-10.77706265,-62.07442393,SR-RO,UOP01,DEL02
287860,2020-06-02,terça-feira,23:30:00,RO,319,62,PORTO VELHO,Desobediência às normas de trânsito pelo condutor,Colisão transversal,Com Vítimas Feridas,Plena Noite,Decrescente,Céu Claro,Dupla,Interseção de vias,Sim,2,0,1,0,1,0,1,2,-8.766685,-63.884052,SR-RO,UOP01,DEL01
287947,2020-06-03,quarta-feira,13:10:00,RO,364,327,PRESIDENTE MEDICI,Ingestão de Álcool,Colisão lateral,Sem Vítimas,Pleno dia,Crescente,Céu Claro,Simples,Reta,Não,4,0,0,0,4,0,0,2,-11.01013414,-61.92228481,SR-RO,UOP01,DEL02
287954,2020-05-11,segunda-feira,19:30:00,RO,364,82,VILHENA,Não guardar distância de segurança,Colisão traseira,Sem Vítimas,Plena Noite,Crescente,Nublado,Simples,Reta,Não,2,0,0,0,2,0,0,2,-12.4226799,-60.59238494,SR-RO,UOP01,DEL04
287986,2020-06-03,quarta-feira,18:20:00,RO,364,427,JARU,Defeito na Via,Tombamento,Com Vítimas Feridas,Anoitecer,Decrescente,Céu Claro,Simples,Reta,Não,2,0,0,1,0,1,1,1,-10.42450784,-62.49229431,SR-RO,UOP02,DEL03
287996,2020-06-03,quarta-feira,17:40:00,RO,364,696,PORTO VELHO,Desobediência às normas de trânsito pelo condutor,Colisão transversal,Com Vítimas Feridas,Amanhecer,Decrescente,Céu Claro,Simples,Retorno Regulamentado,Não,2,0,1,0,1,0,1,2,-8.80046614,-63.734779,SR-RO,UOP01,DEL01
287997,2020-06-03,quarta-feira,19:00:00,RO,364,191.9,PIMENTA BUENO,Ultrapassagem Indevida,Colisão lateral,Com Vítimas Feridas,Plena Noite,Crescente,Nublado,Simples,Não Informado,Não,6,0,4,0,1,1,4,2,-11.71739105,-61.15037204,SR-RO,UOP02,DEL02
288134,2020-06-04,quinta-feira,18:01:00,RO,174,14.7,VILHENA,Desobediência às normas de trânsito pelo condutor,Colisão transversal,Com Vítimas Feridas,Anoitecer,Decrescente,Nublado,Simples,Reta,Sim,2,0,1,0,1,0,1,2,-12.73306632,-60.12981255,SR-RO,UOP01,DEL04
288154,2020-06-04,quinta-feira,15:20:00,RO,425,61,NOVA MAMORE,Falta de Atenção à Condução,Tombamento,Com Vítimas Feridas,Pleno dia,Decrescente,Nublado,Simples,Curva,Não,1,0,1,0,0,0,1,1,-10.09360002,-65.28591156,SR-RO,UOP04,DEL01
288274,2020-06-05,sexta-feira,11:25:00,RO,364,341.5,JI-PARANA,Não guardar distância de segurança,Colisão traseira,Sem Vítimas,Pleno dia,Decrescente,Céu Claro,Simples,Reta,Sim,2,0,0,0,2,0,0,2,-10.88607377,-61.93437338,SR-RO,UOP01,DEL02
288333,2020-06-05,sexta-feira,13:15:00,RO,364,79,VILHENA,Avarias e/ou desgaste excessivo no pneu,Saída de leito carroçável,Com Vítimas Feridas,Pleno dia,Crescente,Chuva,Simples,Não Informado,Não,2,0,2,0,0,0,2,1,-12.43655117,-60.5686841,SR-RO,UOP01,DEL04
288345,2020-06-05,sexta-feira,18:00:00,RO,319,57.2,PORTO VELHO,Falta de Atenção à Condução,Tombamento,Com Vítimas Feridas,Anoitecer,Decrescente,Céu Claro,Simples,Curva,Sim,1,0,1,0,0,0,1,1,-8.739714,-63.93214024,SR-RO,UOP01,DEL01
288354,2020-06-05,sexta-feira,18:40:00,RO,364,344.6,JI-PARANA,Falta de Atenção à Condução,Colisão traseira,Com Vítimas Feridas,Plena Noite,Crescente,Nublado,Simples,Interseção de vias,Sim,2,0,0,1,1,0,1,2,-10.87007083,-61.95780208,SR-RO,UOP01,DEL02
288376,2020-06-05,sexta-feira,18:50:00,RO,364,426.5,JARU,Defeito na Via,Tombamento,Com Vítimas Feridas,Plena Noite,Crescente,Céu Claro,Simples,Reta,Sim,1,0,1,0,0,0,1,1,-10.432443,-62.479584,SR-RO,UOP02,DEL03
288511,2020-06-06,sábado,14:15:00,RO,364,298.6,PRESIDENTE MEDICI,Desobediência às normas de trânsito pelo condutor,Colisão lateral,Com Vítimas Feridas,Pleno dia,Decrescente,Nublado,Simples,Não Informado,Não,3,0,1,0,2,0,1,2,-11.262843,-61.90205,SR-RO,UOP01,DEL02
288536,2020-06-06,sábado,12:20:00,RO,364,434,JARU,Não guardar distância de segurança,Colisão lateral,Sem Vítimas,Pleno dia,Decrescente,Sol,Simples,Reta,Não,4,0,0,0,4,0,0,3,-10.39005863,-62.54015174,SR-RO,UOP02,DEL03
288555,2020-06-06,sábado,16:30:00,RO,174,15,VILHENA,Ingestão de Álcool,Colisão traseira,Sem Vítimas,Pleno dia,Decrescente,Céu Claro,Simples,Reta,Sim,3,0,0,0,3,0,0,2,-12.723321,-60.12801,SR-RO,UOP01,DEL04
288581,2020-06-06,sábado,12:05:00,RO,364,434,JARU,Falta de Atenção à Condução,Tombamento,Com Vítimas Feridas,Pleno dia,Crescente,Céu Claro,Simples,Reta,Não,1,0,1,0,0,0,1,1,-10.39005863,-62.54015174,SR-RO,UOP02,DEL03
288645,2020-06-07,domingo,02:40:00,RO,435,99,COLORADO DO OESTE,Animais na Pista,Atropelamento de Animal,Sem Vítimas,Plena Noite,Crescente,Nevoeiro/Neblina,Simples,Desvio Temporário,Não,1,0,0,0,1,0,0,1,-13.18608492,-60.60098401,SR-RO,UOP02,DEL04
288662,2020-06-07,domingo,07:40:00,RO,364,700,PORTO VELHO,Ingestão de Substâncias Psicoativas,Saída de leito carroçável,Sem Vítimas,Pleno dia,Decrescente,Céu Claro,Dupla,Reta,Não,1,0,0,0,1,0,0,1,-8.80076046,-63.76922261,SR-RO,UOP01,DEL01
288664,2020-04-27,segunda-feira,20:30:00,RO,364,643,CANDEIAS DO JAMARI,Falta de Atenção à Condução,Saída de leito carroçável,Com Vítimas Feridas,Plena Noite,Crescente,Chuva,Simples,Reta,Não,2,0,2,0,0,0,2,1,-8.98864,-63.423045,SR-RO,UOP03,DEL03
288679,2020-04-21,terça-feira,08:20:00,RO,364,613,ITAPUA DO OESTE,Ingestão de Álcool,Colisão traseira,Sem Vítimas,Amanhecer,Decrescente,Sol,Simples,Reta,Não,2,0,0,0,2,0,0,2,-9.13450396,-63.24593296,SR-RO,UOP03,DEL03
288710,2020-06-07,domingo,16:40:00,RO,364,12.7,VILHENA,Desobediência às normas de trânsito pelo condutor,Colisão transversal,Com Vítimas Feridas,Pleno dia,Decrescente,Garoa/Chuvisco,Dupla,Rotatória,Sim,2,0,1,0,1,0,1,2,-12.74370233,-60.12147609,SR-RO,UOP01,DEL04
288786,2020-06-07,domingo,21:00:00,RO,364,569,ITAPUA DO OESTE,Ingestão de Álcool,Saída de leito carroçável,Com Vítimas Feridas,Plena Noite,Decrescente,Céu Claro,Simples,Desvio Temporário,Não,1,0,1,0,0,0,1,1,-9.48656987,-63.09585109,SR-RO,UOP03,DEL03
288856,2020-06-08,segunda-feira,07:25:00,RO,364,203.5,PIMENTA BUENO,Defeito Mecânico no Veículo,Colisão com objeto estático,Com Vítimas Feridas,Pleno dia,Crescente,Nevoeiro/Neblina,Simples,Desvio Temporário,Não,1,0,1,0,0,0,1,1,-11.62947438,-61.2056878,SR-RO,UOP02,DEL02
288862,2020-06-08,segunda-feira,06:35:00,RO,364,1084,PORTO VELHO,Defeito na Via,Saída de leito carroçável,Com Vítimas Feridas,Amanhecer,Decrescente,Céu Claro,Simples,Reta,Não,2,0,2,0,0,0,2,1,-9.7657925902,-66.7784820878,SR-RO,UOP04,DEL01
288938,2020-06-08,segunda-feira,12:45:00,RO,364,780,PORTO VELHO,Desobediência às normas de trânsito pelo condutor,Colisão frontal,Com Vítimas Fatais,Pleno dia,Crescente,Céu Claro,Simples,Reta,Não,4,1,0,1,2,0,1,2,-9.1903333,-64.251918,SR-RO,UOP02,DEL01
289015,2020-06-08,segunda-feira,23:45:00,RO,364,344.9,JI-PARANA,Ingestão de Álcool,Colisão com objeto estático,Sem Vítimas,Plena Noite,Crescente,Céu Claro,Dupla,Reta,Sim,2,0,0,0,2,0,0,2,-10.87376391,-61.95256893,SR-RO,UOP01,DEL02
289057,2020-06-09,terça-feira,10:20:00,RO,364,425.8,JARU,Falta de Atenção à Condução,Colisão transversal,Com Vítimas Feridas,Pleno dia,Crescente,Sol,Múltipla,Não Informado,Sim,2,0,0,1,1,0,1,2,-10.43251413,-62.47951359,SR-RO,UOP02,DEL03
289058,2020-06-09,terça-feira,10:10:00,RO,425,85,NOVA MAMORE,Desobediência às normas de trânsito pelo condutor,Colisão traseira,Sem Vítimas,Pleno dia,Crescente,Céu Claro,Simples,Desvio Temporário,Não,6,0,0,0,6,0,0,3,-10.282122,-65.295586,SR-RO,UOP04,DEL01
289085,2020-06-09,terça-feira,12:20:00,RO,364,350,JI-PARANA,Desobediência às normas de trânsito pelo condutor,Colisão frontal,Com Vítimas Feridas,Pleno dia,Decrescente,Sol,Simples,Não Informado,Sim,2,0,1,0,1,0,1,2,-10.84541153,-61.99883268,SR-RO,UOP01,DEL02
289098,2020-06-09,terça-feira,10:45:00,RO,435,21,VILHENA,Falta de Atenção à Condução,Tombamento,Sem Vítimas,Pleno dia,Decrescente,Sol,Simples,Curva,Não,1,0,0,0,1,0,0,1,-12.76406915,-60.30326493,SR-RO,UOP02,DEL04
289156,2020-06-09,terça-feira,18:30:00,RO,364,558,ALTO PARAISO,Falta de Atenção à Condução,Colisão frontal,Com Vítimas Feridas,Anoitecer,Crescente,Céu Claro,Simples,Túnel,Não,3,0,0,1,1,1,1,2,-9.57984798,-63.07405762,SR-RO,UOP01,DEL03
289157,2020-06-09,terça-feira,22:00:00,RO,364,345.9,JI-PARANA,Falta de Atenção à Condução,Colisão traseira,Com Vítimas Feridas,Plena Noite,Decrescente,Céu Claro,Dupla,Reta,Sim,2,0,1,0,1,0,1,2,-10.8677199,-61.96550846,SR-RO,UOP01,DEL02
289184,2020-06-10,quarta-feira,07:25:00,RO,319,60,PORTO VELHO,Desobediência às normas de trânsito pelo condutor,Colisão lateral,Com Vítimas Feridas,Pleno dia,Crescente,Céu Claro,Dupla,Rotatória,Sim,2,0,1,0,1,0,1,2,-8.766685,-63.884052,SR-RO,UOP01,DEL01
289232,2020-06-10,quarta-feira,12:50:00,RO,364,523,ARIQUEMES,Defeito Mecânico no Veículo,Queda de ocupante de veículo,Com Vítimas Feridas,Pleno dia,Decrescente,Céu Claro,Dupla,Reta,Não,2,0,2,0,0,0,2,1,-9.85234299,-63.05883787,SR-RO,UOP01,DEL03
289384,2020-06-10,quarta-feira,19:40:00,RO,174,15,VILHENA,Falta de Atenção à Condução,Colisão frontal,Com Vítimas Feridas,Plena Noite,Crescente,Céu Claro,Simples,Reta,Sim,2,0,1,1,0,0,2,2,-12.723321,-60.12801,SR-RO,UOP01,DEL04
289387,2020-06-11,quinta-feira,01:30:00,RO,364,343,JI-PARANA,Desobediência às normas de trânsito pelo condutor,Colisão transversal,Com Vítimas Feridas,Plena Noite,Crescente,Céu Claro,Simples,Interseção de vias,Sim,3,0,0,1,2,0,1,2,-10.87878519,-61.94499012,SR-RO,UOP01,DEL02
289419,2020-06-11,quinta-feira,06:25:00,RO,364,331,JI-PARANA,Carga excessiva e/ou mal acondicionada,Tombamento,Com Vítimas Feridas,Amanhecer,Crescente,Céu Claro,Dupla,Reta,Não,1,0,1,0,0,0,1,1,-10.977757,-61.917295,SR-RO,UOP01,DEL02
289454,2020-06-11,quinta-feira,10:55:00,RO,364,390,OURO PRETO DO OESTE,Falta de Atenção à Condução,Colisão traseira,Com Vítimas Feridas,Pleno dia,Decrescente,Céu Claro,Simples,Reta,Não,3,0,1,0,2,0,1,3,-10.67306111,-62.28550013,SR-RO,UOP02,DEL03
289496,2020-06-11,quinta-feira,17:30:00,RO,364,353,JI-PARANA,Defeito na Via,Queda de ocupante de veículo,Com Vítimas Feridas,Pleno dia,Decrescente,Céu Claro,Simples,Não Informado,Não,1,0,1,0,0,0,1,1,-10.81439133,-62.01844085,SR-RO,UOP01,DEL02
289524,2020-06-11,quinta-feira,17:08:00,RO,364,308,PRESIDENTE MEDICI,Falta de Atenção à Condução,Colisão traseira,Sem Vítimas,Pleno dia,Crescente,Céu Claro,Múltipla,Não Informado,Sim,2,0,0,0,2,0,0,2,-11.172427,-61.901573,SR-RO,UOP01,DEL02
289549,2020-06-11,quinta-feira,21:00:00,RO,364,426,JARU,Falta de Atenção à Condução,Tombamento,Com Vítimas Feridas,Plena Noite,Crescente,Céu Claro,Simples,Reta,Sim,1,0,0,1,0,0,1,1,-10.42972036,-62.48338938,SR-RO,UOP02,DEL03
289555,2020-06-11,quinta-feira,17:25:00,RO,435,79,COLORADO DO OESTE,Falta de Atenção à Condução,Colisão transversal,Com Vítimas Feridas,Anoitecer,Crescente,Céu Claro,Simples,Reta,Não,2,0,1,0,1,0,1,2,-13.112628,-60.495681,SR-RO,UOP02,DEL04
289577,2020-06-11,quinta-feira,03:00:00,RO,364,449,JARU,Condutor Dormindo,Saída de leito carroçável,Com Vítimas Feridas,Plena Noite,Decrescente,Céu Claro,Simples,Não Informado,Não,1,0,0,1,0,0,1,1,-10.30504704,-62.64639803,SR-RO,UOP02,DEL03
289592,2020-06-12,sexta-feira,09:15:00,RO,364,210.7,PIMENTA BUENO,Falta de Atenção à Condução,Saída de leito carroçável,Com Vítimas Feridas,Pleno dia,Crescente,Céu Claro,Simples,Reta,Não,1,0,1,0,0,0,1,1,-11.585732,-61.259839,SR-RO,UOP02,DEL02
289675,2020-06-12,sexta-feira,17:45:00,RO,364,710,PORTO VELHO,Falta de Atenção à Condução,Colisão traseira,Com Vítimas Feridas,Anoitecer,Crescente,Céu Claro,Dupla,Reta,Sim,3,0,2,0,1,0,2,2,-8.78621576,-63.85712687,SR-RO,UOP01,DEL01
289757,2020-06-13,sábado,06:45:00,RO,364,701,PORTO VELHO,Falta de Atenção do Pedestre,Atropelamento de Pedestre,Com Vítimas Feridas,Pleno dia,Crescente,Céu Claro,Dupla,Reta,Não,2,0,1,0,1,0,1,1,-8.80049198,-63.777876,SR-RO,UOP01,DEL01
289800,2020-06-13,sábado,11:20:00,RO,364,293.9,PRESIDENTE MEDICI,Ultrapassagem Indevida,Saída de leito carroçável,Com Vítimas Feridas,Pleno dia,Decrescente,Sol,Simples,Reta,Não,2,0,0,1,1,0,1,2,-11.29801696,-61.8938153,SR-RO,UOP01,DEL02
289871,2020-06-13,sábado,20:20:00,RO,364,17.8,VILHENA,Velocidade Incompatível,Colisão traseira,Com Vítimas Feridas,Plena Noite,Decrescente,Garoa/Chuvisco,Simples,Não Informado,Não,7,0,2,0,4,1,2,3,-12.73207998,-60.16589399,SR-RO,UOP01,DEL04
289884,2020-06-13,sábado,20:20:00,RO,364,425.9,JARU,Desobediência às normas de trânsito pelo condutor,Colisão transversal,Com Vítimas Feridas,Plena Noite,Crescente,Céu Claro,Simples,Reta,Sim,2,0,0,1,0,1,1,2,-10.4311717,-62.48137772,SR-RO,UOP02,DEL03
289895,2020-06-13,sábado,19:30:00,RO,364,303,PRESIDENTE MEDICI,Falta de Atenção à Condução,Colisão lateral,Com Vítimas Feridas,Plena Noite,Crescente,Céu Claro,Simples,Não Informado,Não,2,0,0,1,1,0,1,2,-11.217592,-61.90172,SR-RO,UOP01,DEL02
290060,2020-06-14,domingo,16:20:00,RO,364,714,PORTO VELHO,Não guardar distância de segurança,Colisão traseira,Sem Vítimas,Pleno dia,Decrescente,Céu Claro,Dupla,Rotatória,Sim,3,0,0,0,3,0,0,2,-8.78499319,-63.89687061,SR-RO,UOP01,DEL01
290117,2020-06-15,segunda-feira,10:10:00,RO,319,63,PORTO VELHO,Falta de Atenção à Condução,Colisão traseira,Sem Vítimas,Pleno dia,Decrescente,Nublado,Dupla,Reta,Sim,2,0,0,0,2,0,0,2,-8.766685,-63.884052,SR-RO,UOP01,DEL01
290149,2020-06-15,segunda-feira,14:00:00,RO,429,345,JI-PARANA,Sinalização da via insuficiente ou inadequada,Colisão transversal,Com Vítimas Feridas,Pleno dia,Decrescente,Céu Claro,Múltipla,Não Informado,Sim,3,0,0,1,1,1,1,2,-10.87039614,-61.95783734,SR-RO,UOP03,DEL02
290192,2020-06-15,segunda-feira,11:30:00,RO,364,673,CANDEIAS DO JAMARI,Desobediência às normas de trânsito pelo condutor,Tombamento,Com Vítimas Feridas,Pleno dia,Crescente,Céu Claro,Simples,Reta,Não,3,0,1,0,2,0,1,2,-8.77885388,-63.52559801,SR-RO,UOP01,DEL01
290195,2020-06-15,segunda-feira,17:40:00,RO,364,348,JI-PARANA,Falta de Atenção à Condução,Colisão transversal,Com Vítimas Feridas,Pleno dia,Crescente,Céu Claro,Simples,Não Informado,Sim,2,0,0,1,1,0,1,2,-10.85878488,-61.979177,SR-RO,UOP01,DEL02
290219,2020-06-15,segunda-feira,20:40:00,RO,174,15,VILHENA,Falta de Atenção à Condução,Colisão lateral,Com Vítimas Feridas,Plena Noite,Decrescente,Céu Claro,Simples,Interseção de vias,Sim,4,0,2,0,0,2,2,2,-12.723321,-60.12801,SR-RO,UOP01,DEL04
290268,2020-06-16,terça-feira,08:25:00,RO,364,16,VILHENA,Não guardar distância de segurança,Colisão traseira,Sem Vítimas,Pleno dia,Decrescente,Céu Claro,Simples,Túnel,Sim,2,0,0,0,2,0,0,2,-12.73437947,-60.15696986,SR-RO,UOP01,DEL04
290360,2020-06-16,terça-feira,18:22:00,RO,364,239.2,CACOAL,Ingestão de Álcool,Colisão frontal,Com Vítimas Feridas,Anoitecer,Crescente,Nublado,Simples,Não Informado,Sim,2,0,1,0,1,0,1,2,-11.433448,-61.466687,SR-RO,UOP02,DEL02
290391,2020-06-16,terça-feira,19:00:00,RO,364,306.5,PRESIDENTE MEDICI,Não guardar distância de segurança,Colisão transversal,Com Vítimas Feridas,Plena Noite,Crescente,Céu Claro,Simples,Reta,Não,2,0,1,0,0,1,1,2,-11.190471,-61.90149,SR-RO,UOP01,DEL02
290441,2020-06-17,quarta-feira,11:25:00,RO,319,62.8,PORTO VELHO,Desobediência às normas de trânsito pelo condutor,Engavetamento,Sem Vítimas,Pleno dia,Crescente,Céu Claro,Dupla,Não Informado,Sim,3,0,0,0,3,0,0,3,-8.75789101,-63.8863349,SR-RO,UOP01,DEL01
290479,2020-06-17,quarta-feira,12:00:00,RO,364,730,PORTO VELHO,Falta de Atenção à Condução,Colisão traseira,Com Vítimas Feridas,Pleno dia,Decrescente,Céu Claro,Simples,Não Informado,Não,5,0,1,1,3,0,2,2,-8.85793443,-63.94454956,SR-RO,UOP01,DEL01
290488,2020-06-17,quarta-feira,13:30:00,RO,319,63,PORTO VELHO,Desobediência às normas de trânsito pelo condutor,Colisão frontal,Com Vítimas Feridas,Pleno dia,Crescente,Céu Claro,Dupla,Reta,Sim,2,0,1,0,1,0,1,2,-8.766685,-63.884052,SR-RO,UOP01,DEL01
290543,2020-06-17,quarta-feira,20:45:00,RO,364,424.6,JARU,Falta de Atenção à Condução,Tombamento,Com Vítimas Feridas,Plena Noite,Decrescente,Céu Claro,Simples,Não Informado,Sim,1,0,1,0,0,0,1,1,-10.43844573,-62.47092314,SR-RO,UOP02,DEL03
290583,2020-06-18,quinta-feira,05:30:00,RO,364,653,CANDEIAS DO JAMARI,Falta de Atenção à Condução,Tombamento,Com Vítimas Feridas,Amanhecer,Decrescente,Céu Claro,Simples,Reta,Não,1,0,0,1,0,0,1,1,-8.89444495,-63.43875268,SR-RO,UOP01,DEL01
290639,2020-06-18,quinta-feira,10:55:00,RO,364,711,PORTO VELHO,Defeito Mecânico no Veículo,Queda de ocupante de veículo,Com Vítimas Feridas,Pleno dia,Decrescente,Céu Claro,Múltipla,Reta,Sim,3,0,2,1,0,0,3,1,-8.77525953,-63.87647438,SR-RO,UOP01,DEL01
290659,2020-06-18,quinta-feira,14:35:00,RO,364,197,PIMENTA BUENO,Desobediência às normas de trânsito pelo condutor,Colisão traseira,Com Vítimas Feridas,Pleno dia,Crescente,Céu Claro,Simples,Reta,Sim,2,0,1,0,1,0,1,2,-11.67707557,-61.1885047,SR-RO,UOP02,DEL02
290704,2020-06-18,quinta-feira,18:35:00,RO,364,305,PRESIDENTE MEDICI,Falta de Atenção à Condução,Colisão lateral,Com Vítimas Feridas,Plena Noite,Crescente,Ignorado,Dupla,Reta,Não,2,0,1,0,1,0,1,2,-11.199493,-61.90149998,SR-RO,UOP01,DEL02
290830,2020-06-19,sexta-feira,09:00:00,RO,364,352,JI-PARANA,Falta de Atenção à Condução,Colisão traseira,Sem Vítimas,Pleno dia,Decrescente,Céu Claro,Simples,Desvio Temporário,Não,2,0,0,0,2,0,0,2,-10.83322284,-62.01156957,SR-RO,UOP01,DEL02
290887,2020-06-19,sexta-feira,13:30:00,RO,364,423.5,JARU,Desobediência às normas de trânsito pelo condutor,Colisão frontal,Com Vítimas Feridas,Pleno dia,Decrescente,Céu Claro,Simples,Interseção de vias,Sim,3,0,2,1,0,0,3,2,-10.44466103,-62.46585846,SR-RO,UOP02,DEL03
290893,2020-06-19,sexta-feira,17:35:00,RO,364,517,ARIQUEMES,Falta de Atenção à Condução,Tombamento,Com Vítimas Feridas,Anoitecer,Decrescente,Céu Claro,Simples,Reta,Sim,1,0,1,0,0,0,1,1,-9.92848146,-63.07466171,SR-RO,UOP01,DEL03
290927,2020-06-19,sexta-feira,10:30:00,RO,364,1070,PORTO VELHO,Falta de Atenção do Pedestre,Atropelamento de Pedestre,Com Vítimas Feridas,Pleno dia,Crescente,Céu Claro,Simples,Reta,Não,2,0,0,1,1,0,1,1,-9.74651173,-66.64004403,SR-RO,UOP04,DEL01
291035,2020-06-20,sábado,15:15:00,RO,364,421,JARU,Falta de Atenção à Condução,Colisão transversal,Com Vítimas Feridas,Anoitecer,Crescente,Céu Claro,Simples,Não Informado,Sim,2,0,0,1,1,0,1,2,-10.46729967,-62.45088748,SR-RO,UOP02,DEL03
291070,2020-06-20,sábado,17:28:00,RO,364,425,JARU,Velocidade Incompatível,Colisão traseira,Com Vítimas Feridas,Anoitecer,Crescente,Céu Claro,Dupla,Não Informado,Sim,4,0,0,1,3,0,1,2,-10.4321712,-62.47980687,SR-RO,UOP02,DEL03
291246,2020-06-21,domingo,15:30:00,RO,364,195.8,PIMENTA BUENO,Velocidade Incompatível,Tombamento,Sem Vítimas,Pleno dia,Decrescente,Sol,Simples,Rotatória,Sim,1,0,0,0,1,0,0,1,-11.68831285,-61.18261641,SR-RO,UOP02,DEL02
291333,2020-06-21,domingo,23:50:00,RO,364,683,CANDEIAS DO JAMARI,Desobediência às normas de trânsito pelo condutor,Saída de leito carroçável,Com Vítimas Feridas,Plena Noite,Decrescente,Céu Claro,Simples,Reta,Não,2,0,1,0,0,1,1,1,-8.78859991,-63.61516701,SR-RO,UOP01,DEL01
291386,2020-06-22,segunda-feira,09:30:00,RO,364,736.1,PORTO VELHO,Defeito Mecânico no Veículo,Colisão lateral,Com Vítimas Feridas,Pleno dia,Crescente,Sol,Simples,Reta,Não,5,0,2,0,3,0,2,2,-8.94498284,-63.98028737,SR-RO,UOP02,DEL01
291419,2020-06-22,segunda-feira,12:30:00,RO,364,14,VILHENA,Falta de Atenção à Condução,Colisão traseira,Com Vítimas Feridas,Pleno dia,Crescente,Céu Claro,Dupla,Rotatória,Sim,3,0,2,0,1,0,2,2,-12.73898138,-60.13911417,SR-RO,UOP01,DEL04
291561,2020-06-23,terça-feira,09:45:00,RO,364,448.1,THEOBROMA,Falta de Atenção à Condução,Colisão traseira,Com Vítimas Feridas,Pleno dia,Crescente,Céu Claro,Simples,Não Informado,Não,5,0,1,0,4,0,1,2,-10.31044223,-62.63906217,SR-RO,UOP02,DEL03