id,data_inversa,dia_semana,horario,uf,br,km,municipio,causa_acidente,tipo_acidente,classificacao_acidente,fase_dia,sentido_via,condicao_metereologica,tipo_pista,tracado_via,uso_solo,pessoas,mortos,feridos_leves,feridos_graves,ilesos,ignorados,feridos,veiculos,latitude,longitude,regional,delegacia,uop
291586,2020-06-23,terça-feira,15:20:00,RO,319,63,PORTO VELHO,Falta de Atenção à Condução,Colisão lateral,Sem Vítimas,Pleno dia,Crescente,Céu Claro,Dupla,Reta,Sim,2,0,0,0,2,0,0,2,-8.75875571,-63.88608998,SR-RO,UOP01,DEL01
291597,2020-06-23,terça-feira,13:30:00,RO,364,505,ARIQUEMES,Falta de Atenção à Condução,Colisão traseira,Com Vítimas Feridas,Pleno dia,Crescente,Céu Claro,Simples,Não Informado,Não,3,0,2,0,1,0,2,2,-9.99751508,-63.01245618,SR-RO,UOP01,DEL03
291609,2020-06-23,terça-feira,16:20:00,RO,364,439,JARU,Não guardar distância de segurança,Engavetamento,Sem Vítimas,Pleno dia,Decrescente,Céu Claro,Simples,Não Informado,Não,4,0,0,0,4,0,0,3,-10.36005242,-62.5739773,SR-RO,UOP02,DEL03
291613,2020-06-23,terça-feira,18:15:00,RO,364,710,PORTO VELHO,Falta de Atenção do Pedestre,Atropelamento de Pedestre,Com Vítimas Feridas,Anoitecer,Decrescente,Céu Claro,Simples,Reta,Sim,2,0,2,0,0,0,2,1,-8.78814226,-63.85443807,SR-RO,UOP01,DEL01
291616,2020-06-23,terça-feira,16:10:00,RO,364,298,PRESIDENTE MEDICI,Não guardar distância de segurança,Colisão traseira,Sem Vítimas,Pleno dia,Decrescente,Céu Claro,Simples,Não Informado,Não,2,0,0,0,2,0,0,2,-11.262843,-61.90205,SR-RO,UOP01,DEL02
291658,2020-06-23,terça-feira,21:35:00,RO,435,85,COLORADO DO OESTE,Falta de Atenção à Condução,Colisão com objeto estático,Com Vítimas Feridas,Plena Noite,Crescente,Céu Claro,Simples,Reta,Sim,2,0,1,0,1,0,1,1,-13.11884911,-60.53173398,SR-RO,UOP02,DEL04
291735,2020-06-24,quarta-feira,16:10:00,RO,174,14.7,VILHENA,Falta de Atenção à Condução,Colisão transversal,Com Vítimas Feridas,Pleno dia,Crescente,Céu Claro,Simples,Interseção de vias,Sim,3,0,1,0,1,1,1,2,-12.73306632,-60.12981255,SR-RO,UOP01,DEL04
291803,2020-06-25,quinta-feira,01:15:00,RO,319,60.9,PORTO VELHO,Desobediência às normas de trânsito pelo condutor,Saída de leito carroçável,Sem Vítimas,Plena Noite,Decrescente,Céu Claro,Dupla,Rotatória,Sim,1,0,0,0,0,1,0,1,-8.73977937,-63.89006853,SR-RO,UOP01,DEL01
291850,2020-06-25,quinta-feira,08:00:00,RO,364,12,VILHENA,Desobediência às normas de trânsito pelo condutor,Colisão traseira,Com Vítimas Feridas,Pleno dia,Decrescente,Céu Claro,Dupla,Reta,Sim,2,0,1,0,1,0,1,2,-12.74408393,-60.1202774,SR-RO,UOP01,DEL04
291884,2020-06-25,quinta-feira,07:35:00,RO,364,318.7,PRESIDENTE MEDICI,Velocidade Incompatível,Colisão traseira,Com Vítimas Feridas,Pleno dia,Decrescente,Céu Claro,Simples,Reta,Não,2,0,1,0,1,0,1,2,-11.08130037,-61.91701412,SR-RO,UOP01,DEL02
291927,2020-06-25,quinta-feira,16:35:00,RO,364,245.5,CACOAL,Velocidade Incompatível,Colisão traseira,Com Vítimas Feridas,Pleno dia,Crescente,Céu Claro,Simples,Reta,Não,3,0,2,0,1,0,2,2,-11.439733,-61.515045,SR-RO,UOP02,DEL02
292284,2020-06-27,sábado,11:55:00,RO,425,97,NOVA MAMORE,Falta de Atenção à Condução,Colisão lateral,Com Vítimas Feridas,Pleno dia,Decrescente,Nublado,Múltipla,Reta,Sim,2,0,1,0,1,0,1,2,-10.40665378,-65.32884836,SR-RO,UOP04,DEL01
292363,2020-06-27,sábado,21:20:00,RO,364,237.7,CACOAL,Ingestão de Álcool,Colisão traseira,Com Vítimas Feridas,Plena Noite,Crescente,Céu Claro,Simples,Não Informado,Sim,2,0,2,0,0,0,2,2,-11.44341056,-61.44672787,SR-RO,UOP02,DEL02
292395,2020-06-28,domingo,06:10:00,RO,364,517,ARIQUEMES,Falta de Atenção à Condução,Tombamento,Sem Vítimas,Amanhecer,Decrescente,Céu Claro,Simples,Ponte,Não,3,0,0,0,1,2,0,1,-9.90688101,-63.05581217,SR-RO,UOP01,DEL03
292413,2020-06-28,domingo,06:00:00,RO,364,1053,PORTO VELHO,Falta de Atenção à Condução,Saída de leito carroçável,Com Vítimas Fatais,Amanhecer,Decrescente,Nublado,Simples,Desvio Temporário,Não,2,1,0,0,0,1,0,1,-9.78916645,-66.46805573,SR-RO,UOP04,DEL01
292454,2020-06-28,domingo,09:50:00,RO,NA,NA,PORTO VELHO,Pista Escorregadia,Saída de leito carroçável,Sem Vítimas,Pleno dia,Não Informado,Céu Claro,Simples,Curva,Não,2,0,0,0,2,0,0,1,-9.063956,-64.096853,SR-RO,DEL01,RO
292474,2020-06-28,domingo,16:05:00,RO,364,430,JARU,Falta de Atenção à Condução,Colisão transversal,Com Vítimas Feridas,Pleno dia,Decrescente,Sol,Simples,Reta,Não,5,0,2,0,3,0,2,2,-10.40644273,-62.51636982,SR-RO,UOP02,DEL03
292512,2020-06-28,domingo,11:00:00,RO,364,473,ARIQUEMES,Falta de Atenção à Condução,Colisão transversal,Com Vítimas Feridas,Pleno dia,Crescente,Céu Claro,Simples,Reta,Não,3,0,2,1,0,0,3,2,-10.18146706,-62.81974504,SR-RO,UOP01,DEL03
292525,2020-06-28,domingo,19:51:00,RO,364,92,VILHENA,Deficiência ou não Acionamento do Sistema de Iluminação/Sinalização do Veículo,Colisão traseira,Com Vítimas Fatais,Plena Noite,Decrescente,Céu Claro,Simples,Reta,Não,4,1,0,0,2,1,0,3,-12.34401202,-60.63151613,SR-RO,UOP01,DEL04
292538,2020-06-28,domingo,14:30:00,RO,364,281,PRESIDENTE MEDICI,Falta de Atenção à Condução,Colisão traseira,Com Vítimas Feridas,Pleno dia,Decrescente,Céu Claro,Simples,Reta,Não,2,0,0,1,1,0,1,2,-11.37822066,-61.81321086,SR-RO,UOP01,DEL02
292542,2020-06-28,domingo,16:25:00,RO,364,281,PRESIDENTE MEDICI,Falta de Atenção à Condução,Colisão traseira,Sem Vítimas,Pleno dia,Crescente,Céu Claro,Simples,Reta,Não,2,0,0,0,2,0,0,2,-11.37822066,-61.81321086,SR-RO,UOP01,DEL02
292545,2020-06-28,domingo,18:45:00,RO,364,607,ITAPUA DO OESTE,Falta de Atenção à Condução,Colisão lateral,Com Vítimas Fatais,Plena Noite,Crescente,Céu Claro,Simples,Reta,Não,3,1,0,0,2,0,0,3,-9.17312304,-63.20760604,SR-RO,UOP03,DEL03
292611,2020-06-29,segunda-feira,11:20:00,RO,364,237,CACOAL,Desobediência às normas de trânsito pelo condutor,Colisão transversal,Com Vítimas Feridas,Pleno dia,Crescente,Céu Claro,Simples,Reta,Sim,2,0,1,0,1,0,1,2,-11.44341056,-61.44672787,SR-RO,UOP02,DEL02
292679,2020-06-29,segunda-feira,18:20:00,RO,319,63,PORTO VELHO,Falta de Atenção à Condução,Colisão lateral,Com Vítimas Feridas,Anoitecer,Crescente,Céu Claro,Dupla,Interseção de vias,Sim,2,0,1,0,1,0,1,2,-8.76497424,-63.88463974,SR-RO,UOP01,DEL01
292754,2020-06-30,terça-feira,10:30:00,RO,319,64,PORTO VELHO,Desobediência às normas de trânsito pelo condutor,Colisão transversal,Com Vítimas Feridas,Pleno dia,Decrescente,Céu Claro,Dupla,Interseção de vias,Sim,3,0,1,0,2,0,1,2,-8.766685,-63.884052,SR-RO,UOP01,DEL01
292784,2020-06-30,terça-feira,13:40:00,RO,319,62,PORTO VELHO,Falta de Atenção à Condução,Colisão lateral,Sem Vítimas,Pleno dia,Crescente,Céu Claro,Dupla,Reta,Sim,2,0,0,0,2,0,0,2,-8.766685,-63.884052,SR-RO,UOP01,DEL01
292791,2020-06-30,terça-feira,13:35:00,RO,364,426,JARU,Falta de Atenção à Condução,Colisão transversal,Com Vítimas Feridas,Pleno dia,Crescente,Céu Claro,Simples,Reta,Sim,3,0,2,0,1,0,2,2,-10.432443,-62.479584,SR-RO,UOP02,DEL03
292806,2020-06-30,terça-feira,14:45:00,RO,364,354,JI-PARANA,Falta de Atenção à Condução,Engavetamento,Com Vítimas Feridas,Pleno dia,Decrescente,Sol,Simples,Não Informado,Não,5,0,3,0,2,0,3,3,-10.8149278,-62.01833725,SR-RO,UOP01,DEL02
292818,2020-06-30,terça-feira,17:10:00,RO,364,711,PORTO VELHO,Não guardar distância de segurança,Colisão traseira,Com Vítimas Feridas,Anoitecer,Decrescente,Nublado,Múltipla,Não Informado,Sim,2,0,1,0,1,0,1,2,-8.77471842,-63.877671,SR-RO,UOP01,DEL01
292874,2020-07-01,quarta-feira,03:30:00,RO,364,315,PRESIDENTE MEDICI,Desobediência às normas de trânsito pelo condutor,Colisão lateral,Sem Vítimas,Plena Noite,Crescente,Céu Claro,Simples,Reta,Não,4,0,0,0,3,1,0,2,-11.10935386,-61.90211266,SR-RO,UOP01,DEL02
292909,2020-07-01,quarta-feira,09:00:00,RO,364,712,PORTO VELHO,Pista Escorregadia,Tombamento,Com Vítimas Feridas,Pleno dia,Crescente,Céu Claro,Múltipla,Curva,Sim,1,0,0,1,0,0,1,1,-8.7770354,-63.87316466,SR-RO,UOP01,DEL01
292911,2020-07-01,quarta-feira,09:50:00,RO,364,346.2,JI-PARANA,Defeito Mecânico no Veículo,Tombamento,Com Vítimas Feridas,Pleno dia,Decrescente,Céu Claro,Dupla,Não Informado,Sim,1,0,1,0,0,0,1,1,-10.865874,-61.968647,SR-RO,UOP01,DEL02
292916,2020-07-01,quarta-feira,10:25:00,RO,364,697,PORTO VELHO,Desobediência às normas de trânsito pelo condutor,Colisão transversal,Com Vítimas Feridas,Pleno dia,Decrescente,Céu Claro,Dupla,Reta,Não,3,0,1,1,1,0,2,2,-8.80311902,-63.74661511,SR-RO,UOP01,DEL01
292932,2020-07-01,quarta-feira,13:30:00,RO,364,773,PORTO VELHO,Falta de Atenção à Condução,Tombamento,Com Vítimas Feridas,Pleno dia,Decrescente,Sol,Simples,Reta,Não,1,0,1,0,0,0,1,1,-9.15875615,-64.19383992,SR-RO,UOP02,DEL01
292934,2020-07-01,quarta-feira,14:10:00,RO,319,62,PORTO VELHO,Avarias e/ou desgaste excessivo no pneu,Tombamento,Com Vítimas Feridas,Pleno dia,Crescente,Céu Claro,Dupla,Reta,Sim,1,0,1,0,0,0,1,1,-8.766685,-63.884052,SR-RO,UOP01,DEL01
292937,2020-07-01,quarta-feira,13:40:00,RO,364,354,JI-PARANA,Falta de Atenção à Condução,Engavetamento,Sem Vítimas,Pleno dia,Decrescente,Céu Claro,Simples,Não Informado,Não,3,0,0,0,3,0,0,3,-10.81618198,-62.01768595,SR-RO,UOP01,DEL02
292948,2020-07-01,quarta-feira,15:50:00,RO,364,380,OURO PRETO DO OESTE,Desobediência às normas de trânsito pelo condutor,Colisão traseira,Com Vítimas Feridas,Pleno dia,Decrescente,Céu Claro,Simples,Reta,Não,3,0,0,1,2,0,1,2,-10.73873806,-62.22637307,SR-RO,UOP01,DEL02
292965,2020-07-01,quarta-feira,17:30:00,RO,364,237.5,CACOAL,Desobediência às normas de trânsito pelo condutor,Colisão transversal,Com Vítimas Feridas,Pleno dia,Decrescente,Céu Claro,Simples,Reta,Sim,3,0,1,1,0,1,2,2,-11.44341056,-61.44672787,SR-RO,UOP02,DEL02
292975,2020-06-19,sexta-feira,09:30:00,RO,364,354,JI-PARANA,Falta de Atenção à Condução,Engavetamento,Com Vítimas Feridas,Pleno dia,Decrescente,Céu Claro,Simples,Não Informado,Não,4,0,0,1,3,0,1,4,-10.81618198,-62.01768595,SR-RO,UOP01,DEL02
293042,2020-07-02,quinta-feira,07:30:00,RO,364,707,PORTO VELHO,Falta de Atenção do Pedestre,Atropelamento de Pedestre,Com Vítimas Feridas,Pleno dia,Crescente,Céu Claro,Múltipla,Reta,Sim,2,0,1,1,0,0,2,1,-8.797837,-63.836907,SR-RO,UOP01,DEL01
293058,2020-07-02,quinta-feira,10:00:00,RO,364,704,PORTO VELHO,Defeito Mecânico no Veículo,Tombamento,Sem Vítimas,Pleno dia,Decrescente,Céu Claro,Dupla,Reta,Não,1,0,0,0,1,0,0,1,-8.80032739,-63.804543,SR-RO,UOP01,DEL01
293102,2020-07-02,quinta-feira,15:00:00,RO,364,676,CANDEIAS DO JAMARI,Falta de Atenção à Condução,Saída de leito carroçável,Com Vítimas Feridas,Pleno dia,Crescente,Sol,Simples,Reta,Não,1,0,1,0,0,0,1,1,-8.78177303,-63.552469,SR-RO,UOP01,DEL01
293126,2020-07-02,quinta-feira,18:30:00,RO,364,236.5,CACOAL,Desobediência às normas de trânsito pelo condutor,Colisão transversal,Com Vítimas Feridas,Anoitecer,Decrescente,Céu Claro,Simples,Retorno Regulamentado,Sim,2,0,1,0,1,0,1,2,-11.44587672,-61.43784993,SR-RO,UOP02,DEL02
293145,2020-07-02,quinta-feira,20:10:00,RO,364,703,PORTO VELHO,Falta de Atenção do Pedestre,Atropelamento de Pedestre,Com Vítimas Fatais,Plena Noite,Decrescente,Céu Claro,Dupla,Reta,Não,2,1,0,0,1,0,0,1,-8.80021523,-63.79557792,SR-RO,UOP01,DEL01
293148,2020-07-02,quinta-feira,20:30:00,RO,364,246,CACOAL,Defeito na Via,Saída de leito carroçável,Com Vítimas Feridas,Plena Noite,Decrescente,Céu Claro,Simples,Desvio Temporário,Não,1,0,1,0,0,0,1,1,-11.439371,-61.524097,SR-RO,UOP02,DEL02
293181,2020-07-02,quinta-feira,23:00:00,RO,364,839,PORTO VELHO,Defeito na Via,Colisão traseira,Sem Vítimas,Plena Noite,Crescente,Céu Claro,Simples,Reta,Não,2,0,0,0,1,1,0,2,-9.40117987,-64.68850815,SR-RO,UOP02,DEL01
293244,2020-07-03,sexta-feira,11:30:00,RO,364,344,JI-PARANA,Desobediência às normas de trânsito pelo condutor,Colisão transversal,Com Vítimas Feridas,Pleno dia,Decrescente,Sol,Dupla,Reta,Sim,2,0,0,1,1,0,1,2,-10.87376391,-61.95256893,SR-RO,UOP01,DEL02
293311,2020-07-03,sexta-feira,16:15:00,RO,364,430,JARU,Desobediência às normas de trânsito pelo condutor,Colisão transversal,Com Vítimas Feridas,Pleno dia,Decrescente,Sol,Simples,Interseção de vias,Não,7,0,2,0,5,0,2,2,-10.41098263,-62.51010043,SR-RO,UOP02,DEL03
293382,2020-07-04,sábado,00:30:00,RO,364,199,PIMENTA BUENO,Ingestão de Álcool,Colisão com objeto estático,Com Vítimas Feridas,Plena Noite,Crescente,Céu Claro,Simples,Curva,Sim,1,0,1,0,0,0,1,1,-11.661617,-61.191055,SR-RO,UOP02,DEL02
293395,2020-07-03,sexta-feira,21:30:00,RO,435,93,COLORADO DO OESTE,Falta de Atenção à Condução,Colisão com objeto estático,Com Vítimas Fatais,Plena Noite,Decrescente,Céu Claro,Simples,Rotatória,Não,1,1,0,0,0,0,0,1,-13.19219242,-60.54522514,SR-RO,UOP02,DEL04
293406,2020-07-04,sábado,04:00:00,RO,364,197,PIMENTA BUENO,Desobediência às normas de trânsito pelo condutor,Colisão lateral,Com Vítimas Feridas,Plena Noite,Crescente,Céu Claro,Simples,Reta,Sim,2,0,0,1,1,0,1,2,-11.67880278,-61.1878925,SR-RO,UOP02,DEL02
293408,2020-07-04,sábado,06:15:00,RO,364,409,JARU,Falta de Atenção à Condução,Engavetamento,Com Vítimas Feridas,Pleno dia,Crescente,Céu Claro,Simples,Reta,Não,8,0,1,0,7,0,1,3,-10.54019698,-62.39333998,SR-RO,UOP02,DEL03
293419,2020-07-04,sábado,05:40:00,RO,NA,NA,ARIQUEMES,Deficiência ou não Acionamento do Sistema de Iluminação/Sinalização do Veículo,Colisão traseira,Com Vítimas Feridas,Amanhecer,Não Informado,Céu Claro,Dupla,Reta,Não,4,0,1,0,2,1,1,2,-9.9837284,-62.67162681,SR-RO,UOP01,DEL03
293514,2020-07-04,sábado,17:37:00,RO,319,55.2,PORTO VELHO,Desobediência às normas de trânsito pelo condutor,Tombamento,Com Vítimas Feridas,Pleno dia,Crescente,Céu Claro,Simples,Reta,Não,1,0,0,1,0,0,1,1,-8.74176246,-63.94074113,SR-RO,UOP01,DEL01
293541,2020-07-04,sábado,18:55:00,RO,364,339,JI-PARANA,Falta de Atenção à Condução,Colisão com objeto estático,Com Vítimas Feridas,Anoitecer,Crescente,Nublado,Simples,Reta,Sim,3,0,0,1,1,1,1,2,-10.90226925,-61.93012703,SR-RO,UOP01,DEL02
293557,2020-07-04,sábado,18:10:00,RO,174,24.9,VILHENA,Ingestão de Álcool,Colisão lateral,Com Vítimas Feridas,Anoitecer,Crescente,Nublado,Simples,Reta,Não,3,0,1,2,0,0,3,2,-12.64926704,-60.0978318,SR-RO,UOP01,DEL04
293566,2020-07-04,sábado,18:45:00,RO,364,19,VILHENA,Ingestão de Álcool,Saída de leito carroçável,Sem Vítimas,Plena Noite,Crescente,Nublado,Simples,Reta,Não,1,0,0,0,1,0,0,1,-12.72739955,-60.18370888,SR-RO,UOP01,DEL04
293596,2020-07-04,sábado,21:25:00,RO,364,379,OURO PRETO DO OESTE,Desobediência às normas de trânsito pelo condutor,Colisão transversal,Sem Vítimas,Plena Noite,Crescente,Céu Claro,Simples,Reta,Não,3,0,0,0,2,1,0,2,-10.74140374,-62.21792696,SR-RO,UOP01,DEL02
293767,2020-07-05,domingo,17:30:00,RO,364,294,PRESIDENTE MEDICI,Falta de Atenção à Condução,Colisão lateral,Com Vítimas Feridas,Anoitecer,Crescente,Céu Claro,Simples,Reta,Não,2,0,1,0,1,0,1,2,-11.29701584,-61.89403573,SR-RO,UOP01,DEL02
293978,2020-06-05,sexta-feira,09:45:00,RO,364,256,CACOAL,Ultrapassagem Indevida,Colisão lateral,Com Vítimas Feridas,Pleno dia,Crescente,Céu Claro,Simples,Desvio Temporário,Não,3,0,1,0,2,0,1,3,-11.43557706,-61.615763,SR-RO,UOP02,DEL02
293979,2020-07-03,sexta-feira,00:30:00,RO,364,598,ITAPUA DO OESTE,Condutor Dormindo,Saída de leito carroçável,Com Vítimas Feridas,Plena Noite,Crescente,Céu Claro,Simples,Reta,Não,1,0,1,0,0,0,1,1,-9.23990703,-63.16685212,SR-RO,UOP03,DEL03
294002,2020-07-07,terça-feira,05:40:00,RO,364,226.6,CACOAL,Desobediência às normas de trânsito pelo condutor,Colisão transversal,Com Vítimas Feridas,Amanhecer,Decrescente,Nevoeiro/Neblina,Simples,Não Informado,Sim,3,0,1,0,2,0,1,2,-11.49960221,-61.37131945,SR-RO,UOP02,DEL02
294007,2020-07-07,terça-feira,06:00:00,RO,364,696,PORTO VELHO,Não guardar distância de segurança,Colisão traseira,Com Vítimas Feridas,Amanhecer,Decrescente,Nublado,Dupla,Reta,Não,3,0,0,1,2,0,1,2,-8.801732,-63.743547,SR-RO,UOP01,DEL01
294019,2020-07-07,terça-feira,07:30:00,RO,364,235.7,CACOAL,Desobediência às normas de trânsito pelo condutor,Colisão transversal,Com Vítimas Feridas,Pleno dia,Crescente,Céu Claro,Simples,Reta,Sim,2,0,1,0,1,0,1,2,-11.4506169,-61.4302469,SR-RO,UOP02,DEL02
294031,2020-07-07,terça-feira,06:30:00,RO,364,696,PORTO VELHO,Desobediência às normas de trânsito pelo condutor,Colisão transversal,Sem Vítimas,Pleno dia,Decrescente,Céu Claro,Dupla,Reta,Não,3,0,0,0,3,0,0,2,-8.80046614,-63.734779,SR-RO,UOP01,DEL01
294062,2020-07-07,terça-feira,12:00:00,RO,364,700,PORTO VELHO,Desobediência às normas de trânsito pelo condutor,Colisão transversal,Com Vítimas Feridas,Pleno dia,Crescente,Céu Claro,Dupla,Não Informado,Sim,2,0,0,1,1,0,1,2,-8.80023995,-63.79692078,SR-RO,UOP01,DEL01
294076,2020-07-07,terça-feira,14:15:00,RO,319,63.8,PORTO VELHO,Não guardar distância de segurança,Colisão traseira,Sem Vítimas,Pleno dia,Decrescente,Céu Claro,Dupla,Interseção de vias,Sim,2,0,0,0,2,0,0,2,-8.766685,-63.884052,SR-RO,UOP01,DEL01
294125,2020-07-07,terça-feira,20:45:00,RO,429,342.8,JI-PARANA,Falta de Atenção à Condução,Colisão com objeto estático,Com Vítimas Feridas,Plena Noite,Decrescente,Céu Claro,Múltipla,Não Informado,Sim,2,0,0,2,0,0,2,1,-10.87959996,-61.94403118,SR-RO,UOP03,DEL02
294196,2020-07-08,quarta-feira,08:40:00,RO,364,224.6,CACOAL,Desobediência às normas de trânsito pelo condutor,Colisão transversal,Com Vítimas Feridas,Pleno dia,Decrescente,Céu Claro,Simples,Reta,Sim,3,0,2,0,1,0,2,2,-11.51492614,-61.3539081,SR-RO,UOP02,DEL02
294235,2020-07-08,quarta-feira,14:00:00,RO,364,696,PORTO VELHO,Avarias e/ou desgaste excessivo no pneu,Tombamento,Com Vítimas Feridas,Pleno dia,Crescente,Céu Claro,Dupla,Reta,Não,2,0,2,0,0,0,2,1,-8.8004838,-63.73423219,SR-RO,UOP01,DEL01
294269,2020-07-08,quarta-feira,17:30:00,RO,364,346.4,JI-PARANA,Falta de Atenção à Condução,Colisão transversal,Com Vítimas Feridas,Pleno dia,Crescente,Céu Claro,Dupla,Reta,Sim,2,0,1,0,1,0,1,2,-10.865874,-61.968647,SR-RO,UOP01,DEL02
294290,2020-07-08,quarta-feira,19:05:00,RO,364,239,CACOAL,Desobediência às normas de trânsito pelo condutor,Colisão transversal,Com Vítimas Feridas,Anoitecer,Crescente,Céu Claro,Dupla,Reta,Sim,3,0,2,0,1,0,2,3,-11.43425083,-61.46267289,SR-RO,UOP02,DEL02
294356,2020-07-09,quinta-feira,07:15:00,RO,364,240,CACOAL,Desobediência às normas de trânsito pelo condutor,Colisão transversal,Com Vítimas Feridas,Pleno dia,Crescente,Céu Claro,Simples,Reta,Sim,2,0,1,1,0,0,2,2,-11.43579019,-61.47096987,SR-RO,UOP02,DEL02
294369,2020-07-09,quinta-feira,08:15:00,RO,364,711,PORTO VELHO,Não guardar distância de segurança,Colisão lateral,Sem Vítimas,Pleno dia,Decrescente,Céu Claro,Múltipla,Viaduto,Sim,3,0,0,0,3,0,0,2,-8.78153947,-63.86531369,SR-RO,UOP01,DEL01
294448,2020-07-09,quinta-feira,17:50:00,RO,174,14,VILHENA,Falta de Atenção à Condução,Colisão transversal,Com Vítimas Feridas,Anoitecer,Decrescente,Céu Claro,Dupla,Reta,Não,2,0,1,0,1,0,1,2,-12.72841804,-60.12913942,SR-RO,UOP01,DEL04
294485,2020-07-09,quinta-feira,19:18:00,RO,364,710,PORTO VELHO,Desobediência às normas de trânsito pelo condutor,Atropelamento de Pedestre,Com Vítimas Feridas,Plena Noite,Decrescente,Céu Claro,Dupla,Reta,Sim,2,0,1,1,0,0,2,1,-8.78621576,-63.85712687,SR-RO,UOP01,DEL01
294568,2020-07-10,sexta-feira,12:05:00,RO,319,63.1,PORTO VELHO,Desobediência às normas de trânsito pelo condutor,Colisão transversal,Com Vítimas Feridas,Pleno dia,Crescente,Céu Claro,Dupla,Interseção de vias,Sim,2,0,1,0,1,0,1,2,-8.75882414,-63.88616323,SR-RO,UOP01,DEL01
294638,2020-07-10,sexta-feira,16:05:00,RO,364,711.7,PORTO VELHO,Não guardar distância de segurança,Colisão traseira,Com Vítimas Feridas,Pleno dia,Crescente,Céu Claro,Dupla,Reta,Sim,2,0,1,0,1,0,1,2,-8.7770354,-63.87316466,SR-RO,UOP01,DEL01
294639,2020-07-10,sexta-feira,17:15:00,RO,319,57,PORTO VELHO,Falta de Atenção à Condução,Colisão lateral,Com Vítimas Feridas,Anoitecer,Decrescente,Céu Claro,Simples,Curva,Não,3,0,1,0,1,1,1,2,-8.739714,-63.93214024,SR-RO,UOP01,DEL01
294673,2020-07-10,sexta-feira,16:20:00,RO,425,139,GUAJARA-MIRIM,Desobediência às normas de trânsito pelo condutor,Colisão lateral,Com Vítimas Feridas,Pleno dia,Decrescente,Sol,Dupla,Reta,Sim,2,0,0,1,1,0,1,2,-10.735233,-65.286575,SR-RO,UOP04,DEL01
294690,2020-07-10,sexta-feira,20:00:00,RO,364,341,JI-PARANA,Defeito Mecânico no Veículo,Queda de ocupante de veículo,Com Vítimas Feridas,Plena Noite,Decrescente,Ignorado,Simples,Reta,Não,1,0,0,1,0,0,1,1,-10.88987987,-61.93126772,SR-RO,UOP01,DEL02
294697,2020-07-10,sexta-feira,23:45:00,RO,364,711,PORTO VELHO,Não guardar distância de segurança,Colisão traseira,Com Vítimas Feridas,Plena Noite,Crescente,Céu Claro,Dupla,Reta,Sim,5,0,1,0,4,0,1,2,-8.779971,-63.868117,SR-RO,UOP01,DEL01
294810,2020-07-11,sábado,14:00:00,RO,364,662,CANDEIAS DO JAMARI,Falta de Atenção à Condução,Saída de leito carroçável,Com Vítimas Feridas,Pleno dia,Decrescente,Céu Claro,Simples,Reta,Não,4,0,4,0,0,0,4,1,-8.81556089,-63.45804476,SR-RO,UOP01,DEL01
294816,2020-07-11,sábado,15:15:00,RO,364,711,PORTO VELHO,Falta de Atenção à Condução,Colisão traseira,Sem Vítimas,Pleno dia,Crescente,Sol,Simples,Interseção de vias,Sim,2,0,0,0,2,0,0,2,-8.77331583,-63.87969248,SR-RO,UOP01,DEL01
294922,2020-07-11,sábado,17:15:00,RO,364,90,VILHENA,Velocidade Incompatível,Capotamento,Com Vítimas Feridas,Pleno dia,Decrescente,Céu Claro,Simples,Reta,Não,4,0,3,0,1,0,3,3,-12.36103512,-60.62575836,SR-RO,UOP01,DEL04
295008,2020-07-12,domingo,10:50:00,RO,319,62.1,PORTO VELHO,Desobediência às normas de trânsito pelo condutor,Colisão transversal,Com Vítimas Feridas,Pleno dia,Decrescente,Céu Claro,Dupla,Reta,Sim,4,0,0,4,0,0,4,2,-8.75029865,-63.88764381,SR-RO,UOP01,DEL01
295014,2020-07-12,domingo,12:30:00,RO,364,237.3,CACOAL,Não guardar distância de segurança,Colisão traseira,Sem Vítimas,Pleno dia,Crescente,Céu Claro,Dupla,Reta,Não,2,0,0,0,2,0,0,2,-11.44341056,-61.44672787,SR-RO,UOP02,DEL02
295089,2020-07-12,domingo,18:40:00,RO,364,703,PORTO VELHO,Desobediência às normas de trânsito pelo condutor,Tombamento,Com Vítimas Feridas,Plena Noite,Crescente,Céu Claro,Dupla,Reta,Não,2,0,2,0,0,0,2,1,-8.80021523,-63.79557792,SR-RO,UOP01,DEL01
295111,2020-07-12,domingo,15:30:00,RO,364,640,CANDEIAS DO JAMARI,Falta de Atenção à Condução,Colisão transversal,Com Vítimas Feridas,Pleno dia,Crescente,Céu Claro,Simples,Reta,Não,2,0,2,0,0,0,2,2,-9.011074,-63.42149106,SR-RO,UOP03,DEL03
295121,2020-07-12,domingo,19:20:00,RO,364,302,PRESIDENTE MEDICI,Desobediência às normas de trânsito pelo condutor,Colisão lateral,Sem Vítimas,Anoitecer,Crescente,Céu Claro,Simples,Reta,Não,2,0,0,0,2,0,0,2,-11.226642,-61.90184,SR-RO,UOP01,DEL02