id,data_inversa,dia_semana,horario,uf,br,km,municipio,causa_acidente,tipo_acidente,classificacao_acidente,fase_dia,sentido_via,condicao_metereologica,tipo_pista,tracado_via,uso_solo,pessoas,mortos,feridos_leves,feridos_graves,ilesos,ignorados,feridos,veiculos,latitude,longitude,regional,delegacia,uop
312485,2020-10-05,segunda-feira,21:00:00,RO,364,367,OURO PRETO DO OESTE,Animais na Pista,Atropelamento de Animal,Com Vítimas Feridas,Plena Noite,Decrescente,Céu Claro,Simples,Reta,Não,2,0,1,0,1,0,1,1,-10.76727809,-62.11907002,SR-RO,UOP01,DEL02
312494,2020-10-06,terça-feira,05:15:00,RO,319,62,PORTO VELHO,Desobediência às normas de trânsito pelo condutor,Colisão transversal,Com Vítimas Feridas,Amanhecer,Decrescente,Céu Claro,Dupla,Reta,Sim,2,0,1,0,1,0,1,2,-8.74916403,-63.88791203,SR-RO,UOP01,DEL01
312514,2020-10-06,terça-feira,07:45:00,RO,364,703,PORTO VELHO,Falta de Atenção à Condução,Colisão traseira,Sem Vítimas,Pleno dia,Crescente,Céu Claro,Dupla,Reta,Sim,3,0,0,0,3,0,0,2,-8.80021523,-63.79557792,SR-RO,UOP01,DEL01
312516,2020-10-06,terça-feira,03:20:00,RO,364,871,PORTO VELHO,Falta de Atenção do Pedestre,Atropelamento de Pedestre,Com Vítimas Fatais,Plena Noite,Crescente,Nublado,Simples,Curva,Não,2,1,0,0,0,1,0,1,-9.598379,-64.887859,SR-RO,UOP02,DEL01
312543,2020-10-06,terça-feira,09:15:00,RO,319,63,PORTO VELHO,Desobediência às normas de trânsito pelo condutor,Colisão transversal,Sem Vítimas,Pleno dia,Crescente,Céu Claro,Múltipla,Reta,Sim,2,0,0,0,2,0,0,2,-8.75873931,-63.88613105,SR-RO,UOP01,DEL01
312583,2020-09-08,terça-feira,21:16:00,RO,364,1032,PORTO VELHO,Defeito na Via,Tombamento,Com Vítimas Feridas,Plena Noite,Crescente,Céu Claro,Simples,Desvio Temporário,Não,2,0,1,0,0,1,1,1,-9.76301212,-66.28283598,SR-RO,UOP04,DEL01
312682,2020-10-07,quarta-feira,07:10:00,RO,319,64,PORTO VELHO,Desobediência às normas de trânsito pelo condutor,Colisão transversal,Com Vítimas Feridas,Pleno dia,Decrescente,Céu Claro,Dupla,Não Informado,Sim,2,0,2,0,0,0,2,2,-8.766685,-63.884052,SR-RO,UOP01,DEL01
312817,2020-10-07,quarta-feira,18:20:00,RO,319,60,PORTO VELHO,Falta de Atenção à Condução,Tombamento,Com Vítimas Feridas,Plena Noite,Decrescente,Céu Claro,Dupla,Não Informado,Sim,1,0,1,0,0,0,1,1,-8.74054288,-63.8892746,SR-RO,UOP01,DEL01
312887,2020-10-08,quinta-feira,07:32:00,RO,435,13.5,VILHENA,Falta de Atenção à Condução,Colisão com objeto estático,Sem Vítimas,Pleno dia,Decrescente,Céu Claro,Dupla,Reta,Sim,1,0,0,0,0,1,0,1,-12.73813052,-60.13126742,SR-RO,UOP01,DEL04
312914,2020-10-08,quinta-feira,10:25:00,RO,319,60,PORTO VELHO,Pista Escorregadia,Tombamento,Com Vítimas Feridas,Pleno dia,Decrescente,Céu Claro,Dupla,Rotatória,Sim,1,0,1,0,0,0,1,1,-8.7396325,-63.89043903,SR-RO,UOP01,DEL01
313010,2020-10-08,quinta-feira,16:20:00,RO,364,223.9,PIMENTA BUENO,Defeito Mecânico no Veículo,Colisão traseira,Com Vítimas Feridas,Pleno dia,Crescente,Céu Claro,Simples,Desvio Temporário,Não,2,0,1,0,1,0,1,2,-11.5202183,-61.34649821,SR-RO,UOP02,DEL02
313127,2020-10-09,sexta-feira,11:05:00,RO,364,198.1,PIMENTA BUENO,Falta de Atenção à Condução,Colisão lateral,Com Vítimas Feridas,Pleno dia,Crescente,Céu Claro,Simples,Interseção de vias,Sim,2,0,1,0,1,0,1,2,-11.67049488,-61.19146173,SR-RO,UOP02,DEL02
313183,2020-10-09,sexta-feira,13:20:00,RO,364,539,RIO CRESPO,Defeito Mecânico no Veículo,Incêndio,Sem Vítimas,Pleno dia,Crescente,Céu Claro,Simples,Reta,Não,1,0,0,0,1,0,0,1,-9.7318339,-63.11276976,SR-RO,UOP01,DEL03
313189,2020-10-09,sexta-feira,13:15:00,RO,435,30,VILHENA,Desobediência às normas de trânsito pelo condutor,Colisão lateral,Com Vítimas Feridas,Pleno dia,Crescente,Céu Claro,Simples,Desvio Temporário,Não,3,0,0,1,0,2,1,2,-12.85555801,-60.37740279,SR-RO,UOP02,DEL04
313263,2020-10-09,sexta-feira,18:30:00,RO,364,422,JARU,Desobediência às normas de trânsito pelo condutor,Colisão lateral,Com Vítimas Feridas,Anoitecer,Crescente,Céu Claro,Simples,Desvio Temporário,Não,3,0,2,0,1,0,2,2,-10.4597532,-62.4558043,SR-RO,UOP02,DEL03
313298,2020-10-09,sexta-feira,21:20:00,RO,364,426,JARU,Falta de Atenção à Condução,Queda de ocupante de veículo,Com Vítimas Feridas,Plena Noite,Decrescente,Céu Claro,Simples,Reta,Sim,2,0,2,0,0,0,2,1,-10.432443,-62.479584,SR-RO,UOP02,DEL03
313307,2020-10-09,sexta-feira,23:30:00,RO,364,233,CACOAL,Falta de Atenção do Pedestre,Atropelamento de Pedestre,Com Vítimas Feridas,Plena Noite,Crescente,Nublado,Simples,Reta,Não,4,0,0,1,3,0,1,1,-11.46104613,-61.41546107,SR-RO,UOP02,DEL02
313344,2020-10-10,sábado,03:10:00,RO,364,342,JI-PARANA,Falta de Atenção à Condução,Queda de ocupante de veículo,Com Vítimas Feridas,Plena Noite,Decrescente,Céu Claro,Simples,Reta,Sim,1,0,1,0,0,0,1,1,-10.88488323,-61.93604708,SR-RO,UOP01,DEL02
313397,2020-10-10,sábado,07:20:00,RO,364,710,PORTO VELHO,Desobediência às normas de trânsito pelo condutor,Colisão transversal,Com Vítimas Feridas,Pleno dia,Decrescente,Céu Claro,Múltipla,Interseção de vias,Sim,2,0,1,0,1,0,1,2,-8.78621576,-63.85712687,SR-RO,UOP01,DEL01
313422,2020-10-10,sábado,06:25:00,RO,364,341,JI-PARANA,Ingestão de Álcool,Colisão lateral,Sem Vítimas,Amanhecer,Decrescente,Céu Claro,Dupla,Reta,Sim,2,0,0,0,2,0,0,2,-10.88987987,-61.93126772,SR-RO,UOP01,DEL02
313490,2020-10-10,sábado,14:50:00,RO,364,18,VILHENA,Falta de Atenção à Condução,Colisão transversal,Com Vítimas Feridas,Pleno dia,Crescente,Nublado,Simples,Não Informado,Não,6,0,4,0,2,0,4,2,-12.72972661,-60.17479789,SR-RO,UOP01,DEL04
313578,2020-10-10,sábado,18:45:00,RO,364,239,CACOAL,Desobediência às normas de trânsito pelo condutor,Colisão transversal,Com Vítimas Feridas,Pleno dia,Crescente,Céu Claro,Simples,Interseção de vias,Sim,2,0,1,0,1,0,1,2,-11.434133,-61.462818,SR-RO,UOP02,DEL02
313704,2020-10-10,sábado,19:45:00,RO,319,46,PORTO VELHO,Defeito Mecânico no Veículo,Queda de ocupante de veículo,Com Vítimas Feridas,Plena Noite,Crescente,Céu Claro,Simples,Reta,Não,2,0,2,0,0,0,2,1,-8.68929969,-63.99433136,SR-RO,UOP01,DEL01
313758,2020-10-10,sábado,20:15:00,RO,364,199.5,PIMENTA BUENO,Ingestão de Álcool,Colisão com objeto estático,Com Vítimas Feridas,Plena Noite,Crescente,Céu Claro,Simples,Reta,Sim,1,0,0,1,0,0,1,1,-11.65858875,-61.19129956,SR-RO,UOP02,DEL02
314059,2020-10-11,domingo,11:30:00,RO,319,27,PORTO VELHO,Não guardar distância de segurança,Colisão traseira,Com Vítimas Feridas,Pleno dia,Decrescente,Céu Claro,Simples,Reta,Não,2,0,1,1,0,0,2,2,-8.06652219,-63.56815294,SR-RO,UOP01,DEL01
314171,2020-10-11,domingo,19:15:00,RO,425,98,NOVA MAMORE,Falta de Atenção à Condução,Colisão lateral,Com Vítimas Feridas,Plena Noite,Decrescente,Nublado,Simples,Rotatória,Sim,2,0,0,1,1,0,1,2,-10.41161532,-65.33098005,SR-RO,UOP04,DEL01
314185,2020-10-11,domingo,18:40:00,RO,364,497,ARIQUEMES,Ingestão de Álcool,Tombamento,Com Vítimas Feridas,Plena Noite,Crescente,Nublado,Simples,Curva,Não,1,0,1,0,0,0,1,1,-10.05530308,-62.97367937,SR-RO,UOP01,DEL03
314186,2020-10-11,domingo,21:05:00,RO,319,57.2,PORTO VELHO,Desobediência às normas de trânsito pelo condutor,Colisão lateral,Com Vítimas Feridas,Plena Noite,Crescente,Céu Claro,Simples,Não Informado,Sim,2,0,1,0,1,0,1,2,-8.73812511,-63.91721249,SR-RO,UOP01,DEL01
314190,2020-10-11,domingo,21:30:00,RO,364,230,CACOAL,Ultrapassagem Indevida,Colisão lateral,Com Vítimas Fatais,Plena Noite,Decrescente,Céu Claro,Simples,Reta,Não,5,1,0,2,2,0,2,3,-11.47694099,-61.39322799,SR-RO,UOP02,DEL02
314315,2020-10-12,segunda-feira,12:30:00,RO,364,22,VILHENA,Falta de Atenção à Condução,Colisão lateral,Com Vítimas Feridas,Pleno dia,Decrescente,Céu Claro,Simples,Reta,Não,5,0,1,0,3,1,1,2,-12.72526539,-60.21119301,SR-RO,UOP01,DEL04
314361,2020-10-12,segunda-feira,13:25:00,RO,364,439,JARU,Ultrapassagem Indevida,Colisão lateral,Com Vítimas Feridas,Pleno dia,Decrescente,Céu Claro,Simples,Reta,Não,5,0,3,0,2,0,3,3,-10.36005242,-62.5739773,SR-RO,UOP02,DEL03
314419,2020-10-12,segunda-feira,19:15:00,RO,364,341,JI-PARANA,Ingestão de Álcool,Colisão traseira,Com Vítimas Feridas,Plena Noite,Decrescente,Céu Claro,Dupla,Reta,Sim,2,0,1,0,1,0,1,2,-10.88987987,-61.93126772,SR-RO,UOP01,DEL02
314435,2020-10-12,segunda-feira,21:00:00,RO,364,17,VILHENA,Falta de Atenção à Condução,Queda de ocupante de veículo,Com Vítimas Feridas,Plena Noite,Decrescente,Céu Claro,Simples,Não Informado,Não,1,0,1,0,0,0,1,1,-12.73207998,-60.16589399,SR-RO,UOP01,DEL04
314440,2020-10-12,segunda-feira,23:00:00,RO,319,62,PORTO VELHO,Ingestão de Álcool,Colisão lateral,Com Vítimas Feridas,Plena Noite,Decrescente,Céu Claro,Dupla,Interseção de vias,Sim,3,0,1,0,1,1,1,2,-8.766685,-63.884052,SR-RO,UOP01,DEL01
314508,2020-10-13,terça-feira,07:50:00,RO,364,338,JI-PARANA,Falta de Atenção à Condução,Queda de ocupante de veículo,Com Vítimas Feridas,Pleno dia,Crescente,Céu Claro,Simples,Reta,Sim,1,0,1,0,0,0,1,1,-10.91875392,-61.92988873,SR-RO,UOP01,DEL02
314610,2020-10-13,terça-feira,16:00:00,RO,364,225.9,CACOAL,Desobediência às normas de trânsito pelo condutor,Saída de leito carroçável,Com Vítimas Feridas,Pleno dia,Crescente,Nublado,Simples,Não Informado,Sim,3,0,1,0,1,1,1,2,-11.50963587,-61.36131591,SR-RO,UOP02,DEL02
314612,2020-10-13,terça-feira,15:40:00,RO,364,503,ARIQUEMES,Falta de Atenção à Condução,Saída de leito carroçável,Com Vítimas Fatais,Pleno dia,Crescente,Céu Claro,Simples,Desvio Temporário,Não,2,1,1,0,0,0,1,1,-10.01143817,-63.00101519,SR-RO,UOP01,DEL03
314643,2020-10-13,terça-feira,19:15:00,RO,364,714,PORTO VELHO,Falta de Atenção à Condução,Colisão com objeto estático,Sem Vítimas,Plena Noite,Crescente,Chuva,Dupla,Reta,Sim,2,0,0,0,2,0,0,1,-8.78115489,-63.89343739,SR-RO,UOP01,DEL01
314651,2020-10-13,terça-feira,19:15:00,RO,364,769,PORTO VELHO,Defeito na Via,Saída de leito carroçável,Com Vítimas Feridas,Plena Noite,Crescente,Nublado,Simples,Desvio Temporário,Não,2,0,1,1,0,0,2,1,-9.141594,-64.162425,SR-RO,UOP02,DEL01
314748,2020-10-06,terça-feira,09:20:00,RO,435,93.3,COLORADO DO OESTE,Defeito na Via,Capotamento,Com Vítimas Feridas,Pleno dia,Crescente,Ignorado,Simples,Não Informado,Não,2,0,1,0,0,1,1,1,-13.19090219,-60.55097544,SR-RO,UOP02,DEL04
314837,2020-10-14,quarta-feira,11:50:00,RO,319,56,PORTO VELHO,Pista Escorregadia,Saída de leito carroçável,Com Vítimas Feridas,Plena Noite,Crescente,Chuva,Simples,Desvio Temporário,Não,2,0,2,0,0,0,2,1,-8.74176246,-63.94074113,SR-RO,UOP01,DEL01
314868,2020-10-15,quinta-feira,02:50:00,RO,435,124,CEREJEIRAS,Condutor Dormindo,Saída de leito carroçável,Com Vítimas Feridas,Plena Noite,Decrescente,Céu Claro,Dupla,Reta,Sim,1,0,1,0,0,0,1,1,-13.188876,-60.817287,SR-RO,UOP02,DEL04
314879,2020-10-15,quinta-feira,07:30:00,RO,319,64,PORTO VELHO,Falta de Atenção à Condução,Colisão transversal,Com Vítimas Feridas,Pleno dia,Crescente,Céu Claro,Dupla,Não Informado,Sim,2,0,1,0,1,0,1,2,-8.76607701,-63.88438225,SR-RO,UOP01,DEL01
314927,2020-10-15,quinta-feira,08:30:00,RO,319,10,PORTO VELHO,Falta de Atenção à Condução,Saída de leito carroçável,Com Vítimas Feridas,Pleno dia,Crescente,Sol,Simples,Reta,Não,1,0,0,1,0,0,1,1,-7.94688252,-63.35272014,SR-RO,UOP01,DEL01
314950,2020-10-15,quinta-feira,11:40:00,RO,364,424,JARU,Desobediência às normas de trânsito pelo condutor,Colisão transversal,Com Vítimas Feridas,Pleno dia,Crescente,Céu Claro,Múltipla,Não Informado,Sim,2,0,0,1,1,0,1,2,-10.44457274,-62.46568412,SR-RO,UOP02,DEL03
314952,2020-09-09,quarta-feira,17:20:00,RO,364,527,ARIQUEMES,Avarias e/ou desgaste excessivo no pneu,Saída de leito carroçável,Com Vítimas Feridas,Pleno dia,Decrescente,Chuva,Simples,Curva,Não,3,0,2,0,1,0,2,1,-9.81995811,-63.07303142,SR-RO,UOP01,DEL03
315078,2020-10-16,sexta-feira,09:30:00,RO,364,341,JI-PARANA,Falta de Atenção à Condução,Colisão traseira,Sem Vítimas,Pleno dia,Decrescente,Chuva,Dupla,Reta,Sim,3,0,0,0,3,0,0,3,-10.88987987,-61.93126772,SR-RO,UOP01,DEL02
315122,2020-10-16,sexta-feira,12:15:00,RO,364,528,ARIQUEMES,Ultrapassagem Indevida,Saída de leito carroçável,Com Vítimas Feridas,Pleno dia,Decrescente,Sol,Simples,Reta,Não,2,0,1,0,1,0,1,1,-9.808555,-63.078586,SR-RO,UOP01,DEL03
315189,2020-10-16,sexta-feira,19:35:00,RO,174,14.9,VILHENA,Ingestão de Álcool,Colisão traseira,Sem Vítimas,Plena Noite,Decrescente,Garoa/Chuvisco,Dupla,Reta,Sim,2,0,0,0,2,0,0,2,-12.73306632,-60.12981255,SR-RO,UOP01,DEL04
315231,2020-10-16,sexta-feira,23:50:00,RO,364,423.2,JARU,Desobediência às normas de trânsito pelo condutor,Colisão frontal,Com Vítimas Feridas,Plena Noite,Decrescente,Céu Claro,Simples,Reta,Sim,3,0,0,1,0,2,1,2,-10.44797405,-62.46384144,SR-RO,UOP02,DEL03
315232,2020-10-16,sexta-feira,22:45:00,RO,364,386,OURO PRETO DO OESTE,Ingestão de Álcool,Colisão frontal,Com Vítimas Feridas,Plena Noite,Crescente,Céu Claro,Simples,Reta,Sim,2,0,0,1,1,0,1,2,-10.70116422,-62.26238327,SR-RO,UOP02,DEL03
315272,2020-10-16,sexta-feira,17:40:00,RO,364,27.4,VILHENA,Falta de Atenção à Condução,Colisão transversal,Com Vítimas Feridas,Anoitecer,Crescente,Nublado,Simples,Curva,Não,7,0,1,0,6,0,1,2,-12.72261553,-60.2625007,SR-RO,UOP01,DEL04
315273,2020-10-17,sábado,06:30:00,RO,364,420.6,JARU,Defeito Mecânico no Veículo,Tombamento,Com Vítimas Feridas,Pleno dia,Decrescente,Céu Claro,Simples,Reta,Sim,2,0,1,0,1,0,1,1,-10.47470369,-62.44575957,SR-RO,UOP02,DEL03
315276,2020-10-17,sábado,04:40:00,RO,364,536,ALTO PARAISO,Falta de Atenção à Condução,Saída de leito carroçável,Com Vítimas Feridas,Plena Noite,Decrescente,Céu Claro,Simples,Curva,Não,2,0,1,0,1,0,1,1,-9.7544426,-63.11006069,SR-RO,UOP01,DEL03
315320,2020-10-17,sábado,08:20:00,RO,364,343.8,JI-PARANA,Pista Escorregadia,Queda de ocupante de veículo,Com Vítimas Feridas,Pleno dia,Crescente,Céu Claro,Dupla,Reta,Sim,1,0,1,0,0,0,1,1,-10.87444206,-61.95194721,SR-RO,UOP01,DEL02
315485,2020-10-18,domingo,01:40:00,RO,364,143.4,PIMENTA BUENO,Falta de Atenção à Condução,Saída de leito carroçável,Com Vítimas Feridas,Plena Noite,Decrescente,Céu Claro,Simples,Não Informado,Não,1,0,0,1,0,0,1,1,-12.01222649,-60.87319479,SR-RO,UOP02,DEL02
315527,2020-10-18,domingo,07:40:00,RO,435,48,VILHENA,Animais na Pista,Atropelamento de Animal,Com Vítimas Feridas,Pleno dia,Decrescente,Nublado,Simples,Reta,Não,1,0,1,0,0,0,1,1,-12.9531148,-60.39298654,SR-RO,UOP02,DEL04
315537,2020-10-18,domingo,09:20:00,RO,364,703,PORTO VELHO,Não guardar distância de segurança,Colisão traseira,Com Vítimas Feridas,Pleno dia,Decrescente,Céu Claro,Dupla,Reta,Sim,3,0,0,1,0,2,1,2,-8.80021523,-63.79557792,SR-RO,UOP01,DEL01
315540,2020-10-18,domingo,06:30:00,RO,364,454,JARU,Condutor Dormindo,Saída de leito carroçável,Com Vítimas Feridas,Amanhecer,Crescente,Céu Claro,Simples,Desvio Temporário,Não,2,0,0,2,0,0,2,1,-10.27805943,-62.68306531,SR-RO,UOP02,DEL03
315635,2020-10-18,domingo,15:20:00,RO,364,709,PORTO VELHO,Falta de Atenção à Condução,Colisão transversal,Com Vítimas Feridas,Pleno dia,Crescente,Céu Claro,Dupla,Reta,Sim,3,0,2,0,0,1,2,2,-8.7909383,-63.84895617,SR-RO,UOP01,DEL01
316005,2020-10-20,terça-feira,18:35:00,RO,174,14,VILHENA,Falta de Atenção à Condução,Colisão lateral,Sem Vítimas,Plena Noite,Crescente,Céu Claro,Dupla,Reta,Sim,2,0,0,0,2,0,0,2,-12.73306632,-60.12981255,SR-RO,UOP01,DEL04
316149,2020-10-21,quarta-feira,14:25:00,RO,319,63.4,PORTO VELHO,Não guardar distância de segurança,Colisão traseira,Sem Vítimas,Pleno dia,Decrescente,Chuva,Dupla,Interseção de vias,Sim,3,0,0,0,3,0,0,2,-8.76124178,-63.8852191,SR-RO,UOP01,DEL01
316170,2020-10-18,domingo,07:45:00,RO,364,346,JI-PARANA,Desobediência às normas de trânsito pelo condutor,Colisão lateral,Com Vítimas Feridas,Pleno dia,Crescente,Céu Claro,Dupla,Reta,Sim,4,0,3,0,0,1,3,2,-10.865874,-61.968647,SR-RO,UOP01,DEL02
316182,2020-10-21,quarta-feira,16:20:00,RO,174,15,VILHENA,Ingestão de Álcool,Colisão traseira,Com Vítimas Feridas,Pleno dia,Crescente,Céu Claro,Simples,Interseção de vias,Sim,3,0,1,1,1,0,2,2,-12.72399123,-60.12813091,SR-RO,UOP01,DEL04
316222,2020-10-21,quarta-feira,20:27:00,RO,364,347,JI-PARANA,Animais na Pista,Atropelamento de Animal,Com Vítimas Feridas,Plena Noite,Crescente,Céu Claro,Simples,Reta,Sim,1,0,1,0,0,0,1,1,-10.86070186,-61.9761549,SR-RO,UOP01,DEL02
316223,2020-07-20,segunda-feira,17:30:00,RO,319,62,PORTO VELHO,Mal Súbito,Queda de ocupante de veículo,Com Vítimas Feridas,Pleno dia,Crescente,Céu Claro,Dupla,Interseção de vias,Sim,1,0,0,1,0,0,1,1,-8.74805944,-63.88830006,SR-RO,UOP01,DEL01
316327,2020-10-22,quinta-feira,12:58:00,RO,364,348.4,JI-PARANA,Não guardar distância de segurança,Colisão traseira,Com Vítimas Feridas,Pleno dia,Decrescente,Sol,Simples,Reta,Não,2,0,1,0,1,0,1,2,-10.853861,-61.986206,SR-RO,UOP01,DEL02
316459,2020-10-23,sexta-feira,06:00:00,RO,364,339,JI-PARANA,Animais na Pista,Atropelamento de Animal,Com Vítimas Feridas,Amanhecer,Crescente,Céu Claro,Múltipla,Reta,Sim,1,0,1,0,0,0,1,1,-10.907816,-61.93017402,SR-RO,UOP01,DEL02
316481,2020-10-23,sexta-feira,09:12:00,RO,364,310,PRESIDENTE MEDICI,Falta de Atenção à Condução,Colisão traseira,Sem Vítimas,Pleno dia,Crescente,Céu Claro,Simples,Reta,Sim,3,0,0,0,3,0,0,3,-11.154387,-61.90159,SR-RO,UOP01,DEL02
316488,2020-10-23,sexta-feira,10:50:00,RO,364,236,CACOAL,Falta de Atenção à Condução,Colisão traseira,Com Vítimas Feridas,Pleno dia,Crescente,Céu Claro,Simples,Reta,Sim,3,0,2,0,1,0,2,2,-11.44587672,-61.43784993,SR-RO,UOP02,DEL02
316489,2020-10-23,sexta-feira,08:30:00,RO,364,264,CACOAL,Objeto estático sobre o leito carroçável,Colisão com objeto estático,Com Vítimas Feridas,Pleno dia,Decrescente,Céu Claro,Dupla,Desvio Temporário,Não,2,0,0,1,1,0,1,1,-11.3875938,-61.66451172,SR-RO,UOP02,DEL02
316494,2020-10-23,sexta-feira,12:00:00,RO,319,63,PORTO VELHO,Falta de Atenção à Condução,Colisão traseira,Sem Vítimas,Pleno dia,Decrescente,Céu Claro,Dupla,Reta,Sim,3,0,0,0,3,0,0,3,-8.766685,-63.884052,SR-RO,UOP01,DEL01
316507,2020-10-23,sexta-feira,09:50:00,RO,364,501,ARIQUEMES,Falta de Atenção à Condução,Saída de leito carroçável,Com Vítimas Feridas,Pleno dia,Crescente,Céu Claro,Simples,Reta,Não,1,0,1,0,0,0,1,1,-10.0241952,-62.98814019,SR-RO,UOP01,DEL03
316559,2020-10-23,sexta-feira,10:00:00,RO,364,477.6,ARIQUEMES,Sinalização da via insuficiente ou inadequada,Colisão lateral,Com Vítimas Feridas,Pleno dia,Decrescente,Céu Claro,Simples,Curva,Não,5,0,1,0,4,0,1,2,-10.1531818,-62.84130784,SR-RO,UOP01,DEL03
316644,2020-10-24,sábado,01:50:00,RO,364,710,PORTO VELHO,Falta de Atenção à Condução,Atropelamento de Pedestre,Com Vítimas Feridas,Plena Noite,Decrescente,Céu Claro,Múltipla,Reta,Sim,2,0,1,0,0,1,1,1,-8.78621576,-63.85712687,SR-RO,UOP01,DEL01
316662,2020-10-24,sábado,04:45:00,RO,319,63,PORTO VELHO,Desobediência às normas de trânsito pelo condutor,Colisão transversal,Com Vítimas Feridas,Plena Noite,Crescente,Céu Claro,Dupla,Não Informado,Sim,3,0,1,0,2,0,1,2,-8.75780618,-63.8863349,SR-RO,UOP01,DEL01
316676,2020-10-24,sábado,06:00:00,RO,319,64,PORTO VELHO,Desobediência às normas de trânsito pelo condutor,Colisão traseira,Com Vítimas Feridas,Amanhecer,Crescente,Céu Claro,Dupla,Não Informado,Sim,3,0,1,0,2,0,1,2,-8.75780618,-63.88601303,SR-RO,UOP01,DEL01
316695,2020-10-24,sábado,07:20:00,RO,364,343,JI-PARANA,Ingestão de Álcool,Colisão traseira,Com Vítimas Feridas,Pleno dia,Crescente,Céu Claro,Múltipla,Não Informado,Sim,2,0,0,1,1,0,1,2,-10.87878519,-61.94499012,SR-RO,UOP01,DEL02
316752,2020-10-24,sábado,09:10:00,RO,435,85,COLORADO DO OESTE,Falta de Atenção à Condução,Colisão lateral,Com Vítimas Feridas,Pleno dia,Crescente,Céu Claro,Dupla,Reta,Sim,2,0,1,0,1,0,1,2,-13.11884911,-60.53173398,SR-RO,UOP02,DEL04
316794,2020-10-24,sábado,13:52:00,RO,364,213.5,PIMENTA BUENO,Falta de Atenção à Condução,Saída de leito carroçável,Sem Vítimas,Pleno dia,Decrescente,Chuva,Simples,Não Informado,Não,1,0,0,0,0,1,0,1,-11.57317165,-61.27529467,SR-RO,UOP02,DEL02
316862,2020-10-24,sábado,21:52:00,RO,319,45,PORTO VELHO,Desobediência às normas de trânsito pelo condutor,Colisão transversal,Com Vítimas Fatais,Plena Noite,Decrescente,Céu Claro,Simples,Não Informado,Não,3,1,0,1,1,0,1,2,-8.53776137,-63.98547757,SR-RO,UOP01,DEL01
316906,2020-10-24,sábado,19:30:00,RO,364,303,PRESIDENTE MEDICI,Ultrapassagem Indevida,Colisão frontal,Com Vítimas Fatais,Plena Noite,Crescente,Chuva,Simples,Reta,Não,3,1,0,2,0,0,2,2,-11.217592,-61.90172,SR-RO,UOP01,DEL02
316996,2020-10-25,domingo,09:35:00,RO,364,231.3,CACOAL,Desobediência às normas de trânsito pelo condutor,Colisão traseira,Com Vítimas Feridas,Pleno dia,Decrescente,Nublado,Simples,Reta,Não,3,0,2,0,1,0,2,2,-11.468689,-61.401903,SR-RO,UOP02,DEL02
317011,2020-10-25,domingo,12:25:00,RO,364,241.3,CACOAL,Desobediência às normas de trânsito pelo condutor,Tombamento,Com Vítimas Feridas,Pleno dia,Decrescente,Céu Claro,Simples,Reta,Sim,1,0,0,1,0,0,1,1,-11.44070217,-61.4786063,SR-RO,UOP02,DEL02
317037,2020-10-25,domingo,11:25:00,RO,364,346,JI-PARANA,Desobediência às normas de trânsito pelo condutor,Colisão lateral,Com Vítimas Feridas,Pleno dia,Decrescente,Céu Claro,Dupla,Reta,Sim,3,0,3,0,0,0,3,2,-10.865874,-61.968647,SR-RO,UOP01,DEL02
317084,2020-10-25,domingo,16:45:00,RO,174,17.7,VILHENA,Falta de Atenção à Condução,Colisão com objeto estático,Sem Vítimas,Pleno dia,Crescente,Céu Claro,Simples,Reta,Sim,1,0,0,0,1,0,0,1,-12.70685191,-60.1219871,SR-RO,UOP01,DEL04
317188,2020-10-25,domingo,19:00:00,RO,364,601.4,ITAPUA DO OESTE,Sinalização da via insuficiente ou inadequada,Colisão com objeto estático,Com Vítimas Feridas,Anoitecer,Crescente,Nublado,Simples,Rotatória,Não,1,0,1,0,0,0,1,1,-9.213643,-63.17362,SR-RO,UOP03,DEL03
317191,2020-10-26,segunda-feira,01:25:00,RO,364,341,JI-PARANA,Falta de Atenção à Condução,Queda de ocupante de veículo,Com Vítimas Feridas,Plena Noite,Decrescente,Céu Claro,Simples,Curva,Sim,1,0,1,0,0,0,1,1,-10.88987987,-61.93126772,SR-RO,UOP01,DEL02
317192,2020-10-26,segunda-feira,06:50:00,RO,364,703,PORTO VELHO,Desobediência às normas de trânsito pelo condutor,Colisão transversal,Com Vítimas Feridas,Pleno dia,Decrescente,Céu Claro,Dupla,Reta,Não,2,0,1,0,1,0,1,2,-8.80050501,-63.80170584,SR-RO,UOP01,DEL01
317281,2020-10-24,sábado,19:50:00,RO,364,15,VILHENA,Falta de Atenção à Condução,Saída de leito carroçável,Com Vítimas Feridas,Plena Noite,Crescente,Chuva,Dupla,Rotatória,Sim,4,0,1,0,0,3,1,1,-12.73672751,-60.14804088,SR-RO,UOP01,DEL04
317483,2020-10-27,terça-feira,19:20:00,RO,364,711,PORTO VELHO,Falta de Atenção à Condução,Colisão traseira,Sem Vítimas,Plena Noite,Decrescente,Céu Claro,Dupla,Reta,Sim,3,0,0,0,3,0,0,3,-8.78153947,-63.86531369,SR-RO,UOP01,DEL01