id,data_inversa,dia_semana,horario,uf,br,km,municipio,causa_acidente,tipo_acidente,classificacao_acidente,fase_dia,sentido_via,condicao_metereologica,tipo_pista,tracado_via,uso_solo,pessoas,mortos,feridos_leves,feridos_graves,ilesos,ignorados,feridos,veiculos,latitude,longitude,regional,delegacia,uop
317505,2020-10-07,quarta-feira,21:45:00,RO,364,532,ARIQUEMES,Desobediência às normas de trânsito pelo condutor,Colisão lateral,Com Vítimas Feridas,Plena Noite,Decrescente,Céu Claro,Simples,Reta,Não,4,0,1,0,3,0,1,2,-9.78054903,-63.0904921,SR-RO,UOP01,DEL03
317542,2020-10-27,terça-feira,19:20:00,RO,364,848,PORTO VELHO,Defeito Mecânico no Veículo,Incêndio,Sem Vítimas,Plena Noite,Decrescente,Nublado,Simples,Reta,Não,1,0,0,0,1,0,0,1,-9.45621776,-64.7432222,SR-RO,UOP02,DEL01
317601,2020-10-28,quarta-feira,11:20:00,RO,364,426,JARU,Desobediência às normas de trânsito pelo condutor,Colisão lateral,Sem Vítimas,Pleno dia,Crescente,Sol,Múltipla,Reta,Sim,2,0,0,0,2,0,0,2,-10.43098655,-62.48154402,SR-RO,UOP02,DEL03
317634,2020-10-28,quarta-feira,10:30:00,RO,364,688,PORTO VELHO,Desobediência às normas de trânsito pelo condutor,Colisão com objeto estático,Sem Vítimas,Pleno dia,Decrescente,Sol,Simples,Reta,Não,1,0,0,0,0,1,0,1,-8.79523268,-63.67788703,SR-RO,UOP01,DEL01
317700,2020-10-28,quarta-feira,19:40:00,RO,364,582,ITAPUA DO OESTE,Defeito Mecânico no Veículo,Saída de leito carroçável,Sem Vítimas,Plena Noite,Decrescente,Garoa/Chuvisco,Simples,Reta,Não,1,0,0,0,1,0,0,1,-9.38005699,-63.13087196,SR-RO,UOP03,DEL03
317744,2020-10-29,quinta-feira,07:25:00,RO,364,357,JI-PARANA,Defeito Mecânico no Veículo,Tombamento,Com Vítimas Feridas,Pleno dia,Decrescente,Chuva,Simples,Desvio Temporário,Não,7,0,5,0,2,0,5,1,-10.79554985,-62.03325391,SR-RO,UOP01,DEL02
317766,2020-10-29,quinta-feira,08:25:00,RO,364,562,ALTO PARAISO,Falta de Atenção à Condução,Tombamento,Com Vítimas Feridas,Amanhecer,Crescente,Céu Claro,Simples,Reta,Não,1,0,1,0,0,0,1,1,-9.539252,-63.076526,SR-RO,UOP03,DEL03
317884,2020-10-29,quinta-feira,23:40:00,RO,364,349,JI-PARANA,Animais na Pista,Atropelamento de Animal,Sem Vítimas,Plena Noite,Decrescente,Garoa/Chuvisco,Simples,Reta,Não,2,0,0,0,2,0,0,1,-10.85051061,-61.99127474,SR-RO,UOP01,DEL02
317887,2020-10-29,quinta-feira,23:00:00,RO,425,133,GUAJARA-MIRIM,Desobediência às normas de trânsito pelo condutor,Capotamento,Com Vítimas Feridas,Plena Noite,Crescente,Nublado,Simples,Reta,Sim,3,0,2,0,1,0,2,1,-10.68574,-65.271133,SR-RO,UOP04,DEL01
317928,2020-10-30,sexta-feira,06:00:00,RO,364,725,PORTO VELHO,Falta de Atenção à Condução,Atropelamento de Animal,Sem Vítimas,Amanhecer,Decrescente,Nublado,Simples,Reta,Não,2,0,0,0,1,1,0,1,-8.85112482,-63.93965083,SR-RO,UOP01,DEL01
317948,2020-10-30,sexta-feira,08:30:00,RO,364,712,PORTO VELHO,Ingestão de Álcool,Tombamento,Com Vítimas Feridas,Pleno dia,Decrescente,Chuva,Dupla,Curva,Sim,2,0,2,0,0,0,2,1,-8.773411,-63.880191,SR-RO,UOP01,DEL01
317957,2020-10-30,sexta-feira,09:20:00,RO,364,197.4,PIMENTA BUENO,Desobediência às normas de trânsito pelo condutor,Colisão traseira,Com Vítimas Feridas,Pleno dia,Decrescente,Nublado,Simples,Reta,Sim,2,0,1,0,1,0,1,2,-11.67880278,-61.1878925,SR-RO,UOP02,DEL02
317986,2020-10-30,sexta-feira,12:45:00,RO,364,713,PORTO VELHO,Desobediência às normas de trânsito pelo condutor,Colisão transversal,Com Vítimas Feridas,Pleno dia,Decrescente,Céu Claro,Dupla,Curva,Sim,3,0,0,1,2,0,1,2,-8.77331583,-63.87969248,SR-RO,UOP01,DEL01
318110,2020-10-30,sexta-feira,21:30:00,RO,435,123,CEREJEIRAS,Desobediência às normas de trânsito pelo condutor,Colisão transversal,Com Vítimas Feridas,Plena Noite,Crescente,Céu Claro,Dupla,Interseção de vias,Sim,2,0,1,0,1,0,1,2,-13.18889171,-60.808424,SR-RO,UOP02,DEL04
318299,2020-10-31,sábado,13:50:00,RO,319,57,PORTO VELHO,Não guardar distância de segurança,Colisão traseira,Com Vítimas Feridas,Pleno dia,Decrescente,Céu Claro,Simples,Reta,Sim,3,0,1,0,2,0,1,2,-8.74129677,-63.91665827,SR-RO,UOP01,DEL01
318393,2020-10-31,sábado,21:25:00,RO,364,709.9,PORTO VELHO,Condutor Dormindo,Saída de leito carroçável,Sem Vítimas,Plena Noite,Crescente,Chuva,Dupla,Reta,Sim,1,0,0,0,1,0,0,1,-8.7909383,-63.84895617,SR-RO,UOP01,DEL01
318506,2020-11-01,domingo,07:55:00,RO,319,64,PORTO VELHO,Falta de Atenção à Condução,Colisão transversal,Com Vítimas Feridas,Pleno dia,Crescente,Céu Claro,Dupla,Interseção de vias,Sim,2,0,1,0,1,0,1,2,-8.766685,-63.884052,SR-RO,UOP01,DEL01
318527,2020-11-01,domingo,09:00:00,RO,364,328,JI-PARANA,Defeito Mecânico no Veículo,Queda de ocupante de veículo,Com Vítimas Feridas,Pleno dia,Decrescente,Céu Claro,Simples,Reta,Não,2,0,2,0,0,0,2,1,-11.00267993,-61.91720723,SR-RO,UOP01,DEL02
318532,2020-11-01,domingo,11:40:00,RO,364,240.6,CACOAL,Desobediência às normas de trânsito pelo condutor,Colisão lateral,Com Vítimas Feridas,Pleno dia,Decrescente,Céu Claro,Simples,Não Informado,Não,1,0,1,0,0,0,1,1,-11.438992,-61.47577,SR-RO,UOP02,DEL02
318611,2020-11-01,domingo,18:00:00,RO,364,344.9,JI-PARANA,Desobediência às normas de trânsito pelo condutor,Colisão lateral,Com Vítimas Feridas,Anoitecer,Decrescente,Céu Claro,Múltipla,Não Informado,Sim,2,0,0,1,1,0,1,2,-10.87376391,-61.95256893,SR-RO,UOP01,DEL02
318645,2020-11-01,domingo,21:50:00,RO,364,514,ARIQUEMES,Desobediência às normas de trânsito pelo pedestre,Atropelamento de Pedestre,Com Vítimas Feridas,Plena Noite,Decrescente,Céu Claro,Simples,Reta,Não,4,0,0,1,0,3,1,1,-9.93398403,-63.05522959,SR-RO,UOP01,DEL03
318710,2020-11-02,segunda-feira,08:20:00,RO,364,378,OURO PRETO DO OESTE,Falta de Atenção à Condução,Colisão traseira,Com Vítimas Feridas,Pleno dia,Crescente,Céu Claro,Simples,Reta,Não,4,0,1,0,3,0,1,2,-10.74190976,-62.21634865,SR-RO,UOP01,DEL02
318752,2020-11-02,segunda-feira,14:30:00,RO,364,699,PORTO VELHO,Falta de Atenção à Condução,Queda de ocupante de veículo,Com Vítimas Feridas,Pleno dia,Crescente,Chuva,Dupla,Reta,Não,1,0,0,1,0,0,1,1,-8.80042882,-63.760185,SR-RO,UOP01,DEL01
318786,2020-11-02,segunda-feira,16:05:00,RO,364,318,PRESIDENTE MEDICI,Falta de Atenção à Condução,Colisão lateral,Com Vítimas Feridas,Pleno dia,Crescente,Céu Claro,Simples,Reta,Não,2,0,0,1,1,0,1,2,-11.085351,-61.91477,SR-RO,UOP01,DEL02
318817,2020-11-02,segunda-feira,18:50:00,RO,364,710,PORTO VELHO,Ingestão de Álcool,Tombamento,Com Vítimas Feridas,Plena Noite,Crescente,Céu Claro,Dupla,Curva,Sim,2,0,1,0,1,0,1,1,-8.7836264,-63.86213433,SR-RO,UOP01,DEL01
319048,2020-11-03,terça-feira,19:40:00,RO,364,424,JARU,Desobediência às normas de trânsito pelo condutor,Colisão traseira,Sem Vítimas,Plena Noite,Decrescente,Céu Claro,Simples,Reta,Sim,2,0,0,0,2,0,0,2,-10.44457274,-62.46568412,SR-RO,UOP02,DEL03
319119,2020-11-04,quarta-feira,12:05:00,RO,174,14,VILHENA,Falta de Atenção à Condução,Colisão transversal,Com Vítimas Feridas,Pleno dia,Crescente,Céu Claro,Dupla,Interseção de vias,Sim,2,0,1,0,1,0,1,2,-12.73306632,-60.12981255,SR-RO,UOP01,DEL04
319144,2020-11-04,quarta-feira,14:05:00,RO,425,142,GUAJARA-MIRIM,Falta de Atenção à Condução,Tombamento,Com Vítimas Feridas,Pleno dia,Decrescente,Céu Claro,Dupla,Reta,Sim,3,0,1,0,1,1,1,2,-10.754345,-65.30587,SR-RO,UOP04,DEL01
319260,2020-11-05,quinta-feira,07:55:00,RO,319,60,PORTO VELHO,Falta de Atenção à Condução,Colisão lateral,Com Vítimas Feridas,Pleno dia,Decrescente,Céu Claro,Dupla,Rotatória,Sim,4,0,1,0,3,0,1,2,-8.74016113,-63.88982177,SR-RO,UOP01,DEL01
319282,2020-05-14,quinta-feira,17:30:00,RO,364,714,PORTO VELHO,Não guardar distância de segurança,Colisão traseira,Com Vítimas Feridas,Anoitecer,Decrescente,Céu Claro,Dupla,Reta,Sim,3,0,1,0,1,1,1,3,-8.77323714,-63.88521091,SR-RO,UOP01,DEL01
319327,2020-11-05,quinta-feira,15:05:00,RO,364,341,JI-PARANA,Falta de Atenção à Condução,Colisão lateral,Com Vítimas Feridas,Pleno dia,Crescente,Céu Claro,Múltipla,Reta,Sim,2,0,0,1,1,0,1,2,-10.88987987,-61.93126772,SR-RO,UOP01,DEL02
319387,2020-11-05,quinta-feira,18:05:00,RO,364,346,JI-PARANA,Falta de Atenção à Condução,Colisão transversal,Com Vítimas Feridas,Plena Noite,Crescente,Céu Claro,Simples,Reta,Sim,3,0,0,2,0,1,2,2,-10.865874,-61.968647,SR-RO,UOP01,DEL02
319389,2020-11-05,quinta-feira,18:20:00,RO,364,367,OURO PRETO DO OESTE,Ingestão de Álcool,Colisão traseira,Com Vítimas Feridas,Plena Noite,Decrescente,Nublado,Simples,Reta,Não,2,0,0,1,0,1,1,2,-10.76727809,-62.11907002,SR-RO,UOP01,DEL02
319501,2020-11-06,sexta-feira,13:15:00,RO,174,16.4,VILHENA,Desobediência às normas de trânsito pelo condutor,Colisão transversal,Com Vítimas Feridas,Pleno dia,Decrescente,Céu Claro,Simples,Reta,Sim,2,0,1,0,1,0,1,2,-12.723321,-60.12801,SR-RO,UOP01,DEL04
319548,2020-11-06,sexta-feira,16:40:00,RO,174,14,VILHENA,Desobediência às normas de trânsito pelo condutor,Colisão transversal,Com Vítimas Feridas,Pleno dia,Decrescente,Céu Claro,Dupla,Interseção de vias,Sim,2,0,1,0,1,0,1,2,-12.73306632,-60.12981255,SR-RO,UOP01,DEL04
319586,2020-11-06,sexta-feira,12:30:00,RO,364,385.3,OURO PRETO DO OESTE,Desobediência às normas de trânsito pelo condutor,Colisão transversal,Com Vítimas Feridas,Pleno dia,Crescente,Céu Claro,Simples,Retorno Regulamentado,Sim,2,0,1,0,1,0,1,2,-10.7064167,-62.25803018,SR-RO,UOP01,DEL02
319740,2020-11-07,sábado,18:20:00,RO,364,342,JI-PARANA,Falta de Atenção à Condução,Tombamento,Com Vítimas Feridas,Plena Noite,Decrescente,Céu Claro,Dupla,Reta,Sim,1,0,1,0,0,0,1,1,-10.88381227,-61.93741416,SR-RO,UOP01,DEL02
319741,2020-11-07,sábado,18:35:00,RO,364,342,JI-PARANA,Falta de Atenção à Condução,Colisão traseira,Com Vítimas Feridas,Plena Noite,Decrescente,Céu Claro,Dupla,Ponte,Sim,2,0,1,0,1,0,1,2,-10.88381227,-61.93741416,SR-RO,UOP01,DEL02
319799,2020-11-07,sábado,19:20:00,RO,364,396.2,OURO PRETO DO OESTE,Não guardar distância de segurança,Colisão traseira,Com Vítimas Feridas,Plena Noite,Crescente,Nublado,Simples,Reta,Não,2,0,1,0,1,0,1,2,-10.63143201,-62.32007001,SR-RO,UOP02,DEL03
319805,2020-11-07,sábado,14:20:00,RO,364,396,OURO PRETO DO OESTE,Falta de Atenção à Condução,Colisão frontal,Com Vítimas Fatais,Pleno dia,Decrescente,Nublado,Simples,Reta,Não,4,1,1,0,1,1,1,2,-10.63143201,-62.32007001,SR-RO,UOP02,DEL03
319844,2020-11-07,sábado,23:30:00,RO,364,812,PORTO VELHO,Desobediência às normas de trânsito pelo condutor,Colisão frontal,Com Vítimas Feridas,Plena Noite,Crescente,Céu Claro,Simples,Reta,Não,4,0,2,0,2,0,2,2,-9.27302723,-64.50218195,SR-RO,UOP02,DEL01
319964,2020-11-08,domingo,08:15:00,RO,364,523,ARIQUEMES,Não guardar distância de segurança,Colisão traseira,Com Vítimas Feridas,Pleno dia,Decrescente,Céu Claro,Simples,Ponte,Não,2,0,1,0,1,0,1,2,-9.85234299,-63.05883787,SR-RO,UOP01,DEL03
320047,2020-11-08,domingo,17:30:00,RO,364,336,JI-PARANA,Falta de Atenção à Condução,Colisão frontal,Com Vítimas Feridas,Pleno dia,Decrescente,Céu Claro,Simples,Reta,Não,7,0,5,0,2,0,5,2,-10.934878,-61.92951078,SR-RO,UOP01,DEL02
320057,2020-11-08,domingo,18:10:00,RO,364,515,ARIQUEMES,Falta de Atenção à Condução,Colisão frontal,Com Vítimas Fatais,Anoitecer,Crescente,Céu Claro,Simples,Reta,Sim,2,1,0,0,1,0,0,2,-9.92497302,-63.05491046,SR-RO,UOP01,DEL03
320163,2020-11-09,segunda-feira,05:30:00,RO,364,126.1,PIMENTA BUENO,Falta de Atenção à Condução,Colisão frontal,Com Vítimas Feridas,Amanhecer,Crescente,Nublado,Simples,Não Informado,Não,2,0,0,1,1,0,1,2,-12.07805894,-60.75685467,SR-RO,UOP02,DEL02
320190,2020-11-09,segunda-feira,07:30:00,RO,364,668,CANDEIAS DO JAMARI,Defeito na Via,Saída de leito carroçável,Com Vítimas Feridas,Amanhecer,Crescente,Céu Claro,Simples,Reta,Não,2,0,2,0,0,0,2,1,-8.77428284,-63.48378996,SR-RO,UOP01,DEL01
320280,2020-11-09,segunda-feira,16:30:00,RO,364,12,VILHENA,Falta de Atenção à Condução,Colisão transversal,Com Vítimas Feridas,Pleno dia,Decrescente,Nublado,Dupla,Rotatória,Sim,3,0,1,0,2,0,1,2,-12.74370233,-60.12147609,SR-RO,UOP01,DEL04
320297,2020-11-09,segunda-feira,18:30:00,RO,364,340,JI-PARANA,Sinalização da via insuficiente ou inadequada,Colisão lateral,Com Vítimas Feridas,Anoitecer,Decrescente,Céu Claro,Dupla,Reta,Sim,2,0,1,0,1,0,1,2,-10.898802,-61.93046,SR-RO,UOP01,DEL02
320386,2020-11-10,terça-feira,06:29:00,RO,364,634,ITAPUA DO OESTE,Falta de Atenção à Condução,Tombamento,Com Vítimas Fatais,Pleno dia,Crescente,Chuva,Simples,Reta,Não,2,2,0,0,0,0,0,1,-9.06062264,-63.40375969,SR-RO,UOP03,DEL03
320425,2020-10-09,sexta-feira,17:30:00,RO,364,706,PORTO VELHO,Falta de Atenção à Condução,Colisão transversal,Com Vítimas Feridas,Pleno dia,Crescente,Céu Claro,Dupla,Reta,Sim,3,0,1,0,2,0,1,2,-8.79711318,-63.83814465,SR-RO,UOP01,DEL01
320510,2020-11-10,terça-feira,19:50:00,RO,319,57,PORTO VELHO,Desobediência às normas de trânsito pelo condutor,Colisão frontal,Com Vítimas Feridas,Plena Noite,Crescente,Céu Claro,Simples,Reta,Sim,2,0,1,1,0,0,2,2,-8.74053228,-63.93533349,SR-RO,UOP01,DEL01
320524,2020-11-10,terça-feira,18:30:00,RO,435,51,COLORADO DO OESTE,Objeto estático sobre o leito carroçável,Colisão com objeto estático,Com Vítimas Feridas,Plena Noite,Decrescente,Nublado,Simples,Reta,Não,1,0,0,1,0,0,1,1,-12.97774406,-60.40232884,SR-RO,UOP02,DEL04
320633,2020-11-11,quarta-feira,12:30:00,RO,364,242,CACOAL,Desobediência às normas de trânsito pelo condutor,Colisão transversal,Com Vítimas Feridas,Pleno dia,Crescente,Céu Claro,Simples,Não Informado,Sim,2,0,1,0,1,0,1,2,-11.44084787,-61.48767999,SR-RO,UOP02,DEL02
320658,2020-11-11,quarta-feira,14:20:00,RO,364,426,JARU,Pista Escorregadia,Tombamento,Com Vítimas Feridas,Pleno dia,Decrescente,Chuva,Simples,Interseção de vias,Sim,2,0,1,0,1,0,1,1,-10.432443,-62.479584,SR-RO,UOP02,DEL03
320677,2020-11-11,quarta-feira,15:30:00,RO,364,14.8,VILHENA,Desobediência às normas de trânsito pelo condutor,Colisão transversal,Com Vítimas Feridas,Pleno dia,Crescente,Céu Claro,Dupla,Interseção de vias,Sim,2,0,0,1,1,0,1,2,-12.7389144,-60.13919234,SR-RO,UOP01,DEL04
320684,2020-11-11,quarta-feira,16:30:00,RO,364,709,PORTO VELHO,Não guardar distância de segurança,Colisão traseira,Com Vítimas Feridas,Pleno dia,Decrescente,Chuva,Múltipla,Reta,Sim,2,0,0,1,1,0,1,2,-8.789451,-63.851881,SR-RO,UOP01,DEL01
320724,2020-11-11,quarta-feira,20:30:00,RO,364,423,JARU,Falta de Atenção à Condução,Colisão lateral,Com Vítimas Feridas,Plena Noite,Decrescente,Nublado,Simples,Ponte,Sim,2,0,2,0,0,0,2,1,-10.45220802,-62.46072003,SR-RO,UOP02,DEL03
320728,2020-11-11,quarta-feira,18:50:00,RO,364,696,CANDEIAS DO JAMARI,Defeito Mecânico no Veículo,Queda de ocupante de veículo,Com Vítimas Feridas,Plena Noite,Crescente,Céu Claro,Dupla,Reta,Não,1,0,1,0,0,0,1,1,-8.80046896,-63.725947,SR-RO,UOP01,DEL01
320834,2020-11-12,quinta-feira,11:20:00,RO,319,64.1,PORTO VELHO,Desobediência às normas de trânsito pelo condutor,Colisão transversal,Com Vítimas Feridas,Pleno dia,Crescente,Céu Claro,Dupla,Não Informado,Sim,2,0,1,0,1,0,1,2,-8.766685,-63.884052,SR-RO,UOP01,DEL01
320907,2020-11-12,quinta-feira,17:20:00,RO,364,710,PORTO VELHO,Falta de Atenção à Condução,Colisão lateral,Com Vítimas Feridas,Anoitecer,Decrescente,Céu Claro,Simples,Reta,Sim,2,0,1,0,0,1,1,2,-8.782813,-63.864054,SR-RO,UOP01,DEL01
320929,2020-11-12,quinta-feira,21:50:00,RO,364,710,PORTO VELHO,Desobediência às normas de trânsito pelo pedestre,Atropelamento de Pedestre,Com Vítimas Feridas,Plena Noite,Crescente,Céu Claro,Dupla,Reta,Sim,2,0,1,0,1,0,1,1,-8.78621576,-63.85712687,SR-RO,UOP01,DEL01
320981,2020-11-13,sexta-feira,03:00:00,RO,435,88,COLORADO DO OESTE,Animais na Pista,Atropelamento de Animal,Sem Vítimas,Plena Noite,Decrescente,Céu Claro,Simples,Reta,Não,1,0,0,0,1,0,0,1,-13.138199,-60.545055,SR-RO,UOP02,DEL04
321037,2020-11-13,sexta-feira,06:45:00,RO,364,515,ARIQUEMES,Falta de Atenção à Condução,Colisão transversal,Com Vítimas Feridas,Amanhecer,Decrescente,Céu Claro,Simples,Reta,Não,4,0,3,0,1,0,3,2,-9.92497302,-63.05491046,SR-RO,UOP01,DEL03
321169,2020-11-13,sexta-feira,20:00:00,RO,364,226.7,CACOAL,Desobediência às normas de trânsito pelo condutor,Colisão transversal,Com Vítimas Feridas,Plena Noite,Crescente,Garoa/Chuvisco,Simples,Desvio Temporário,Sim,5,0,3,0,2,0,3,2,-11.49901265,-61.3718605,SR-RO,UOP02,DEL02
321190,2020-11-13,sexta-feira,18:45:00,RO,174,16,VILHENA,Falta de Atenção à Condução,Colisão transversal,Com Vítimas Feridas,Plena Noite,Crescente,Ignorado,Simples,Reta,Sim,2,0,0,1,0,1,1,2,-12.71478155,-60.12628555,SR-RO,UOP01,DEL04
321221,2020-11-14,sábado,00:15:00,RO,364,201.4,PIMENTA BUENO,Animais na Pista,Atropelamento de Animal,Com Vítimas Feridas,Pleno dia,Decrescente,Nublado,Simples,Reta,Sim,1,0,1,0,0,0,1,1,-11.64409593,-61.19495886,SR-RO,UOP02,DEL02
321239,2020-11-14,sábado,01:15:00,RO,364,308,PRESIDENTE MEDICI,Desobediência às normas de trânsito pelo condutor,Colisão frontal,Com Vítimas Feridas,Plena Noite,Crescente,Céu Claro,Simples,Reta,Sim,2,0,0,1,1,0,1,2,-11.172427,-61.901573,SR-RO,UOP01,DEL02
321257,2020-11-13,sexta-feira,20:40:00,RO,174,14.7,VILHENA,Falta de Atenção à Condução,Colisão lateral,Com Vítimas Feridas,Plena Noite,Decrescente,Céu Claro,Dupla,Reta,Sim,2,0,1,0,1,0,1,2,-12.73306632,-60.12981255,SR-RO,UOP01,DEL04
321368,2020-11-14,sábado,13:40:00,RO,429,90.2,ALVORADA DOESTE,Deficiência ou não Acionamento do Sistema de Iluminação/Sinalização do Veículo,Colisão traseira,Com Vítimas Feridas,Pleno dia,Decrescente,Céu Claro,Dupla,Retorno Regulamentado,Não,4,0,2,1,1,0,3,2,-11.33221959,-62.27220297,SR-RO,UOP03,DEL02
321567,2020-11-15,domingo,08:05:00,RO,364,569,ITAPUA DO OESTE,Defeito Mecânico no Veículo,Queda de ocupante de veículo,Com Vítimas Feridas,Pleno dia,Crescente,Céu Claro,Simples,Reta,Não,2,0,2,0,0,0,2,1,-9.48656987,-63.09585109,SR-RO,UOP03,DEL03
321678,2020-11-15,domingo,20:30:00,RO,364,196.1,PIMENTA BUENO,Desobediência às normas de trânsito pelo condutor,Colisão transversal,Com Vítimas Feridas,Plena Noite,Crescente,Nublado,Simples,Reta,Sim,2,0,0,1,1,0,1,2,-11.68671732,-61.18347731,SR-RO,UOP02,DEL02
321801,2020-11-16,segunda-feira,06:35:00,RO,364,516,ARIQUEMES,Desobediência às normas de trânsito pelo condutor,Colisão lateral,Com Vítimas Fatais,Pleno dia,Decrescente,Céu Claro,Simples,Rotatória,Sim,3,1,1,0,1,0,1,2,-9.915961,-63.05532,SR-RO,UOP01,DEL03
321885,2020-11-16,segunda-feira,17:25:00,RO,364,230,CACOAL,Desobediência às normas de trânsito pelo condutor,Colisão transversal,Sem Vítimas,Pleno dia,Decrescente,Céu Claro,Simples,Reta,Não,2,0,0,0,2,0,0,2,-11.47694099,-61.39322799,SR-RO,UOP02,DEL02
321903,2020-11-16,segunda-feira,17:00:00,RO,174,15,VILHENA,Sinalização da via insuficiente ou inadequada,Queda de ocupante de veículo,Com Vítimas Feridas,Pleno dia,Crescente,Céu Claro,Simples,Reta,Sim,1,0,0,1,0,0,1,1,-12.723321,-60.12801,SR-RO,UOP01,DEL04
321904,2020-11-16,segunda-feira,18:20:00,RO,435,84,COLORADO DO OESTE,Falta de Atenção à Condução,Colisão transversal,Com Vítimas Feridas,Anoitecer,Crescente,Céu Claro,Simples,Reta,Sim,2,0,1,0,1,0,1,2,-13.12704435,-60.54409862,SR-RO,UOP02,DEL04
321970,2020-11-17,terça-feira,07:15:00,RO,319,64.1,PORTO VELHO,Desobediência às normas de trânsito pelo condutor,Colisão transversal,Com Vítimas Feridas,Pleno dia,Crescente,Sol,Dupla,Interseção de vias,Sim,2,0,0,1,1,0,1,2,-8.766685,-63.884052,SR-RO,UOP01,DEL01
321991,2020-11-16,segunda-feira,10:00:00,RO,425,59,NOVA MAMORE,Falta de Atenção à Condução,Colisão lateral,Com Vítimas Feridas,Pleno dia,Decrescente,Céu Claro,Simples,Desvio Temporário,Não,4,0,0,1,3,0,1,2,-10.067984,-65.308105,SR-RO,UOP04,DEL01
322110,2020-11-17,terça-feira,22:20:00,RO,174,14,VILHENA,Falta de Atenção à Condução,Queda de ocupante de veículo,Com Vítimas Feridas,Plena Noite,Crescente,Nublado,Simples,Reta,Sim,1,0,0,1,0,0,1,1,-12.73306632,-60.12981255,SR-RO,UOP01,DEL04
322182,2020-11-18,quarta-feira,11:35:00,RO,364,703,PORTO VELHO,Pista Escorregadia,Saída de leito carroçável,Com Vítimas Feridas,Pleno dia,Crescente,Chuva,Dupla,Reta,Não,2,0,0,1,1,0,1,1,-8.80021874,-63.79531145,SR-RO,UOP01,DEL01
322273,2020-11-18,quarta-feira,19:20:00,RO,364,708,PORTO VELHO,Falta de Atenção à Condução,Tombamento,Com Vítimas Feridas,Plena Noite,Decrescente,Céu Claro,Simples,Reta,Sim,1,0,1,0,0,0,1,1,-8.79554083,-63.84072487,SR-RO,UOP01,DEL01
322324,2020-11-19,quinta-feira,01:10:00,RO,174,15.4,VILHENA,Falta de Atenção à Condução,Tombamento,Com Vítimas Feridas,Plena Noite,Crescente,Chuva,Dupla,Reta,Sim,2,0,1,1,0,0,2,1,-12.723321,-60.12801,SR-RO,UOP01,DEL04
322372,2020-11-19,quinta-feira,07:00:00,RO,174,21.3,VILHENA,Falta de Atenção à Condução,Saída de leito carroçável,Com Vítimas Feridas,Pleno dia,Decrescente,Garoa/Chuvisco,Simples,Reta,Não,1,0,1,0,0,0,1,1,-12.67498521,-60.10533859,SR-RO,UOP01,DEL04
322383,2020-11-19,quinta-feira,07:00:00,RO,319,58,PORTO VELHO,Pista Escorregadia,Queda de ocupante de veículo,Com Vítimas Feridas,Pleno dia,Crescente,Céu Claro,Simples,Rotatória,Sim,1,0,1,0,0,0,1,1,-8.739714,-63.93214024,SR-RO,UOP01,DEL01
322394,2020-11-19,quinta-feira,10:35:00,RO,364,238.7,CACOAL,Falta de Atenção à Condução,Colisão traseira,Com Vítimas Feridas,Pleno dia,Crescente,Nublado,Simples,Reta,Sim,2,0,1,0,1,0,1,2,-11.4388578,-61.45471289,SR-RO,UOP02,DEL02
322400,2020-11-19,quinta-feira,09:25:00,RO,364,343,JI-PARANA,Ingestão de Álcool,Colisão transversal,Com Vítimas Feridas,Pleno dia,Decrescente,Nublado,Simples,Desvio Temporário,Sim,2,0,1,0,1,0,1,2,-10.87873025,-61.94484472,SR-RO,UOP01,DEL02
322415,2020-11-19,quinta-feira,13:00:00,RO,174,16,VILHENA,Não guardar distância de segurança,Colisão traseira,Com Vítimas Feridas,Pleno dia,Crescente,Nublado,Simples,Interseção de vias,Sim,4,0,3,1,0,0,4,2,-12.71452302,-60.1262149,SR-RO,UOP01,DEL04
322441,2020-11-19,quinta-feira,12:00:00,RO,364,281,PRESIDENTE MEDICI,Defeito Mecânico no Veículo,Saída de leito carroçável,Sem Vítimas,Pleno dia,Crescente,Nublado,Simples,Curva,Não,4,0,0,0,4,0,0,1,-11.37822066,-61.81321086,SR-RO,UOP01,DEL02
322488,2020-11-19,quinta-feira,19:00:00,RO,364,387.5,OURO PRETO DO OESTE,Desobediência às normas de trânsito pelo condutor,Colisão frontal,Com Vítimas Feridas,Plena Noite,Decrescente,Céu Claro,Simples,Reta,Não,3,0,1,0,1,1,1,3,-10.69413222,-62.26827726,SR-RO,UOP02,DEL03
322564,2020-11-20,sexta-feira,07:45:00,RO,319,63.4,PORTO VELHO,Desobediência às normas de trânsito pelo condutor,Colisão transversal,Com Vítimas Feridas,Pleno dia,Decrescente,Céu Claro,Dupla,Não Informado,Sim,4,0,0,2,2,0,2,2,-8.760972,-63.885285,SR-RO,UOP01,DEL01
322580,2020-11-20,sexta-feira,10:00:00,RO,364,199,PIMENTA BUENO,Sinalização da via insuficiente ou inadequada,Queda de ocupante de veículo,Com Vítimas Feridas,Pleno dia,Crescente,Céu Claro,Simples,Reta,Sim,1,0,1,0,0,0,1,1,-11.661617,-61.191055,SR-RO,UOP02,DEL02