id,data_inversa,dia_semana,horario,uf,br,km,municipio,causa_acidente,tipo_acidente,classificacao_acidente,fase_dia,sentido_via,condicao_metereologica,tipo_pista,tracado_via,uso_solo,pessoas,mortos,feridos_leves,feridos_graves,ilesos,ignorados,feridos,veiculos,latitude,longitude,regional,delegacia,uop
327379,2020-12-12,sábado,14:20:00,RO,364,710,PORTO VELHO,Falta de Atenção à Condução,Colisão traseira,Com Vítimas Feridas,Pleno dia,Crescente,Céu Claro,Dupla,Reta,Sim,3,0,1,0,2,0,1,2,-8.78078379,-63.8662076,SR-RO,UOP01,DEL01
327468,2020-12-12,sábado,20:34:00,RO,174,14,VILHENA,Ingestão de Álcool,Colisão transversal,Sem Vítimas,Plena Noite,Crescente,Céu Claro,Simples,Não Informado,Sim,4,0,0,0,3,1,0,2,-12.71500133,-60.1264143,SR-RO,UOP01,DEL04
327500,2020-12-12,sábado,21:30:00,RO,364,308,PRESIDENTE MEDICI,Falta de Atenção à Condução,Colisão transversal,Com Vítimas Feridas,Plena Noite,Decrescente,Céu Claro,Simples,Reta,Sim,2,0,1,1,0,0,2,2,-11.172427,-61.901573,SR-RO,UOP01,DEL02
327505,2020-12-12,sábado,17:50:00,RO,435,36,VILHENA,Defeito Mecânico no Veículo,Saída de leito carroçável,Com Vítimas Feridas,Pleno dia,Crescente,Céu Claro,Simples,Curva,Não,1,0,1,0,0,0,1,1,-12.85815,-60.377297,SR-RO,UOP02,DEL04
327514,2020-12-13,domingo,00:45:00,RO,319,58,PORTO VELHO,Ingestão de Álcool,Colisão com objeto estático,Sem Vítimas,Plena Noite,Crescente,Céu Claro,Simples,Não Informado,Sim,3,0,0,0,3,0,0,1,-8.73731918,-63.91789913,SR-RO,UOP01,DEL01
327713,2020-12-13,domingo,14:40:00,RO,364,564,ALTO PARAISO,Ultrapassagem Indevida,Colisão lateral,Com Vítimas Feridas,Pleno dia,Decrescente,Céu Claro,Simples,Curva,Não,4,0,2,0,2,0,2,2,-9.50923301,-63.07863593,SR-RO,UOP03,DEL03
327743,2020-12-13,domingo,04:05:00,RO,364,710,PORTO VELHO,Sinalização da via insuficiente ou inadequada,Colisão com objeto estático,Sem Vítimas,Plena Noite,Crescente,Céu Claro,Múltipla,Rotatória,Sim,1,0,0,0,1,0,0,1,-8.78621576,-63.85712687,SR-RO,UOP01,DEL01
327799,2020-12-13,domingo,20:15:00,RO,319,62,PORTO VELHO,Falta de Atenção à Condução,Atropelamento de Pedestre,Com Vítimas Feridas,Pleno dia,Crescente,Céu Claro,Dupla,Reta,Não,2,0,0,1,0,1,1,1,-8.766685,-63.884052,SR-RO,UOP01,DEL01
328073,2020-12-15,terça-feira,01:00:00,RO,319,54,PORTO VELHO,Fenômenos da Natureza,Colisão lateral,Sem Vítimas,Plena Noite,Decrescente,Chuva,Simples,Reta,Não,2,0,0,0,2,0,0,2,-8.74350592,-63.94936497,SR-RO,UOP01,DEL01
328115,2020-12-15,terça-feira,15:00:00,RO,364,341.8,JI-PARANA,Velocidade Incompatível,Tombamento,Com Vítimas Fatais,Pleno dia,Crescente,Chuva,Múltipla,Reta,Não,3,1,0,0,2,0,0,3,-10.88987987,-61.93126772,SR-RO,UOP01,DEL02
328164,2020-12-15,terça-feira,20:00:00,RO,364,297,PRESIDENTE MEDICI,Ingestão de Álcool,Saída de leito carroçável,Com Vítimas Feridas,Plena Noite,Decrescente,Ignorado,Simples,Reta,Não,1,0,1,0,0,0,1,1,-11.271894,-61.902,SR-RO,UOP01,DEL02
328224,2020-12-16,quarta-feira,07:30:00,RO,364,12,VILHENA,Desobediência às normas de trânsito pelo condutor,Colisão transversal,Com Vítimas Feridas,Pleno dia,Decrescente,Céu Claro,Simples,Interseção de vias,Sim,2,0,0,1,1,0,1,2,-12.74370233,-60.12147609,SR-RO,UOP01,DEL04
328260,2020-12-16,quarta-feira,12:30:00,RO,319,59,PORTO VELHO,Falta de Atenção à Condução,Colisão traseira,Com Vítimas Feridas,Pleno dia,Decrescente,Céu Claro,Dupla,Reta,Sim,2,0,1,0,1,0,1,2,-8.766685,-63.884052,SR-RO,UOP01,DEL01
328316,2020-12-16,quarta-feira,15:10:00,RO,364,483,ARIQUEMES,Ultrapassagem Indevida,Saída de leito carroçável,Com Vítimas Feridas,Pleno dia,Crescente,Céu Claro,Simples,Não Informado,Não,3,0,1,0,2,0,1,1,-10.12654917,-62.88763807,SR-RO,UOP01,DEL03
328336,2020-12-16,quarta-feira,17:35:00,RO,NA,NA,VILHENA,Desobediência às normas de trânsito pelo condutor,Colisão transversal,Com Vítimas Feridas,Pleno dia,Não Informado,Nublado,Simples,Reta,Sim,6,0,2,0,4,0,2,2,-12.75335534,-60.10491371,SR-RO,UOP01,DEL04
328499,2020-12-17,quinta-feira,13:45:00,RO,319,63,PORTO VELHO,Desobediência às normas de trânsito pelo condutor,Colisão lateral,Com Vítimas Feridas,Pleno dia,Decrescente,Céu Claro,Dupla,Não Informado,Sim,2,0,1,0,1,0,1,2,-8.766685,-63.884052,SR-RO,UOP01,DEL01
328572,2020-12-17,quinta-feira,19:20:00,RO,429,262,SAO FRANCISCO DO GUAPORE,Desobediência às normas de trânsito pelo condutor,Colisão traseira,Com Vítimas Feridas,Plena Noite,Crescente,Céu Claro,Simples,Reta,Não,3,0,2,1,0,0,3,2,-12.05530497,-63.505012,SR-RO,UOP03,DEL02
328592,2020-12-18,sexta-feira,04:25:00,RO,364,256.2,CACOAL,Condutor Dormindo,Colisão lateral,Com Vítimas Feridas,Amanhecer,Crescente,Nublado,Simples,Não Informado,Não,3,0,2,0,1,0,2,2,-11.43557706,-61.615763,SR-RO,UOP02,DEL02
328607,2020-12-18,sexta-feira,03:20:00,RO,364,1071,PORTO VELHO,Desobediência às normas de trânsito pelo condutor,Colisão frontal,Com Vítimas Fatais,Plena Noite,Crescente,Nublado,Dupla,Reta,Sim,2,1,1,0,0,0,1,2,-9.75228555,-66.61517143,SR-RO,UOP04,DEL01
328643,2020-12-18,sexta-feira,09:31:00,RO,364,273.8,CACOAL,Desobediência às normas de trânsito pelo condutor,Colisão transversal,Com Vítimas Feridas,Pleno dia,Crescente,Céu Claro,Simples,Reta,Não,3,0,2,0,1,0,2,2,-11.38637547,-61.74833721,SR-RO,UOP02,DEL02
328644,2020-12-18,sexta-feira,09:05:00,RO,319,62,PORTO VELHO,Desobediência às normas de trânsito pelo condutor,Colisão transversal,Com Vítimas Feridas,Pleno dia,Decrescente,Céu Claro,Dupla,Não Informado,Sim,2,0,1,0,1,0,1,2,-8.74917463,-63.88792276,SR-RO,UOP01,DEL01
328649,2020-03-16,segunda-feira,18:45:00,RO,364,668,CANDEIAS DO JAMARI,Defeito na Via,Queda de ocupante de veículo,Com Vítimas Feridas,Plena Noite,Crescente,Céu Claro,Simples,Reta,Não,3,0,0,1,2,0,1,2,-8.775756,-63.497323,SR-RO,UOP01,DEL01
328654,2020-12-18,sexta-feira,10:20:00,RO,364,715,PORTO VELHO,Velocidade Incompatível,Capotamento,Com Vítimas Feridas,Pleno dia,Decrescente,Céu Claro,Simples,Desvio Temporário,Sim,2,0,2,0,0,0,2,1,-8.78062474,-63.89245033,SR-RO,UOP01,DEL01
328667,2020-12-18,sexta-feira,11:35:00,RO,364,670.6,CANDEIAS DO JAMARI,Velocidade Incompatível,Colisão frontal,Com Vítimas Fatais,Pleno dia,Crescente,Céu Claro,Simples,Reta,Não,5,2,1,1,1,0,2,2,-8.7759036,-63.49873105,SR-RO,UOP01,DEL01
328708,2020-12-18,sexta-feira,13:30:00,RO,425,144.1,GUAJARA-MIRIM,Desobediência às normas de trânsito pelo condutor,Colisão lateral,Com Vítimas Feridas,Pleno dia,Decrescente,Chuva,Dupla,Reta,Sim,2,0,1,0,1,0,1,2,-10.76723,-65.318954,SR-RO,UOP04,DEL01
328758,2020-12-18,sexta-feira,11:05:00,RO,364,350,JI-PARANA,Falta de Atenção à Condução,Colisão traseira,Sem Vítimas,Pleno dia,Decrescente,Céu Claro,Simples,Reta,Sim,2,0,0,0,2,0,0,2,-10.84541153,-61.99883268,SR-RO,UOP01,DEL02
328775,2020-12-18,sexta-feira,21:00:00,RO,364,141,PIMENTA BUENO,Deficiência ou não Acionamento do Sistema de Iluminação/Sinalização do Veículo,Colisão traseira,Com Vítimas Fatais,Plena Noite,Crescente,Nublado,Simples,Reta,Não,4,2,0,0,2,0,0,3,-12.01457591,-60.855255,SR-RO,UOP02,DEL02
328846,2020-12-19,sábado,02:20:00,RO,425,98.5,NOVA MAMORE,Ingestão de Álcool,Colisão com objeto estático,Sem Vítimas,Plena Noite,Decrescente,Céu Claro,Múltipla,Desvio Temporário,Sim,3,0,0,0,0,3,0,2,-10.403116,-65.32756,SR-RO,UOP04,DEL01
328905,2020-12-19,sábado,12:30:00,RO,364,714,PORTO VELHO,Pista Escorregadia,Tombamento,Com Vítimas Feridas,Pleno dia,Decrescente,Sol,Simples,Desvio Temporário,Sim,2,0,1,0,1,0,1,1,-8.77471806,-63.88606165,SR-RO,UOP01,DEL01
328955,2020-12-19,sábado,16:35:00,RO,364,696,PORTO VELHO,Velocidade Incompatível,Tombamento,Sem Vítimas,Pleno dia,Decrescente,Céu Claro,Dupla,Reta,Não,2,0,0,0,1,1,0,1,-8.80046614,-63.734779,SR-RO,UOP01,DEL01
328958,2020-12-19,sábado,11:00:00,RO,364,1085,PORTO VELHO,Falta de Atenção à Condução,Saída de leito carroçável,Com Vítimas Feridas,Pleno dia,Crescente,Céu Claro,Simples,Desvio Temporário,Não,2,0,2,0,0,0,2,1,-9.7677740109,-66.7882689976,SR-RO,UOP04,DEL01
329085,2020-12-19,sábado,20:30:00,RO,364,544,ALTO PARAISO,Ingestão de Álcool,Colisão lateral,Com Vítimas Feridas,Plena Noite,Decrescente,Ignorado,Simples,Reta,Não,3,0,1,0,2,0,1,2,-9.69258495,-63.10766741,SR-RO,UOP01,DEL03
329094,2020-12-20,domingo,00:20:00,RO,364,342,JI-PARANA,Desobediência às normas de trânsito pelo condutor,Colisão com objeto estático,Com Vítimas Feridas,Plena Noite,Decrescente,Ignorado,Dupla,Reta,Sim,12,0,1,0,0,11,1,2,-10.88381227,-61.93741416,SR-RO,UOP01,DEL02
329190,2020-12-20,domingo,08:05:00,RO,364,758,PORTO VELHO,Falta de Atenção à Condução,Tombamento,Com Vítimas Feridas,Pleno dia,Crescente,Céu Claro,Simples,Reta,Não,2,0,2,0,0,0,2,1,-9.086303,-64.080602,SR-RO,UOP02,DEL01
329371,2020-12-20,domingo,15:39:00,RO,435,84.7,COLORADO DO OESTE,Desobediência às normas de trânsito pelo condutor,Colisão transversal,Com Vítimas Feridas,Pleno dia,Crescente,Céu Claro,Dupla,Interseção de vias,Sim,3,0,0,2,0,1,2,2,-13.12087,-60.544938,SR-RO,UOP02,DEL04
329382,2020-12-08,terça-feira,12:00:00,RO,364,239.1,CACOAL,Velocidade Incompatível,Colisão lateral,Com Vítimas Feridas,Pleno dia,Crescente,Sol,Simples,Não Informado,Sim,3,0,1,1,1,0,2,2,-11.433602,-61.463671,SR-RO,UOP02,DEL02
329452,2020-12-21,segunda-feira,08:25:00,RO,174,15.8,VILHENA,Desobediência às normas de trânsito pelo condutor,Colisão frontal,Com Vítimas Feridas,Pleno dia,Decrescente,Céu Claro,Simples,Reta,Sim,2,0,0,1,1,0,1,2,-12.723321,-60.12801,SR-RO,UOP01,DEL04
329475,2020-12-21,segunda-feira,11:00:00,RO,364,708.4,PORTO VELHO,Desobediência às normas de trânsito pelo condutor,Colisão lateral,Sem Vítimas,Pleno dia,Crescente,Sol,Dupla,Não Informado,Sim,2,0,0,0,2,0,0,2,-8.7947902,-63.84208918,SR-RO,UOP01,DEL01
329521,2020-12-21,segunda-feira,14:10:00,RO,425,99,NOVA MAMORE,Falta de Atenção à Condução,Colisão transversal,Com Vítimas Feridas,Pleno dia,Decrescente,Céu Claro,Múltipla,Reta,Sim,2,0,0,1,1,0,1,2,-10.403116,-65.32756,SR-RO,UOP04,DEL01
329611,2020-12-21,segunda-feira,23:05:00,RO,364,712,PORTO VELHO,Defeito na Via,Queda de ocupante de veículo,Com Vítimas Feridas,Plena Noite,Crescente,Céu Claro,Dupla,Reta,Não,2,0,2,0,0,0,2,1,-8.7770354,-63.87316466,SR-RO,UOP01,DEL01
329759,2020-11-11,quarta-feira,11:10:00,RO,364,615,ITAPUA DO OESTE,Falta de Atenção à Condução,Saída de leito carroçável,Com Vítimas Feridas,Pleno dia,Crescente,Chuva,Simples,Curva,Não,2,0,1,0,1,0,1,1,-9.12169101,-63.25877001,SR-RO,UOP03,DEL03
329805,2020-12-22,terça-feira,17:05:00,RO,435,123,CEREJEIRAS,Desobediência às normas de trânsito pelo condutor,Colisão transversal,Com Vítimas Feridas,Pleno dia,Crescente,Nublado,Dupla,Reta,Sim,2,0,1,1,0,0,2,2,-13.18896468,-60.81847787,SR-RO,UOP02,DEL04
329818,2020-12-22,terça-feira,15:20:00,RO,364,166,PIMENTA BUENO,Avarias e/ou desgaste excessivo no pneu,Colisão com objeto estático,Sem Vítimas,Pleno dia,Crescente,Céu Claro,Simples,Reta,Não,5,0,0,0,5,0,0,1,-11.87573612,-60.99448813,SR-RO,UOP02,DEL02
329825,2020-12-22,terça-feira,22:50:00,RO,364,259.1,CACOAL,Restrição de Visibilidade,Colisão traseira,Com Vítimas Feridas,Plena Noite,Decrescente,Chuva,Simples,Reta,Não,3,0,2,0,1,0,2,2,-11.41003349,-61.64883614,SR-RO,UOP02,DEL02
329831,2020-12-22,terça-feira,22:15:00,RO,364,667,CANDEIAS DO JAMARI,Falta de Atenção à Condução,Capotamento,Sem Vítimas,Plena Noite,Crescente,Céu Claro,Dupla,Reta,Não,1,0,0,0,1,0,0,1,-8.775691,-63.479378,SR-RO,UOP01,DEL01
329838,2020-12-23,quarta-feira,01:20:00,RO,319,64,PORTO VELHO,Desobediência às normas de trânsito pelo condutor,Colisão transversal,Com Vítimas Feridas,Plena Noite,Decrescente,Nublado,Dupla,Não Informado,Sim,2,0,0,1,1,0,1,2,-8.767288,-63.883953,SR-RO,UOP01,DEL01
329880,2020-12-23,quarta-feira,06:20:00,RO,364,714,PORTO VELHO,Falta de Atenção à Condução,Colisão com objeto estático,Com Vítimas Fatais,Amanhecer,Decrescente,Céu Claro,Dupla,Reta,Sim,1,1,0,0,0,0,0,1,-8.776752,-63.888755,SR-RO,UOP01,DEL01
329940,2020-12-23,quarta-feira,11:35:00,RO,364,15,VILHENA,Desobediência às normas de trânsito pelo condutor,Colisão transversal,Com Vítimas Feridas,Pleno dia,Crescente,Céu Claro,Simples,Interseção de vias,Sim,2,0,0,2,0,0,2,2,-12.73672751,-60.14804088,SR-RO,UOP01,DEL04
330079,2020-12-23,quarta-feira,20:40:00,RO,429,205.5,SERINGUEIRAS,Ingestão de Álcool,Colisão lateral,Com Vítimas Feridas,Plena Noite,Decrescente,Nublado,Simples,Reta,Não,2,0,1,0,1,0,1,2,-11.78879556,-63.09244861,SR-RO,UOP03,DEL02
330190,2020-12-24,quinta-feira,11:00:00,RO,364,236.6,CACOAL,Ingestão de Álcool,Colisão lateral,Com Vítimas Feridas,Pleno dia,Decrescente,Nublado,Simples,Reta,Sim,3,0,2,0,1,0,2,2,-11.44428,-61.44407,SR-RO,UOP02,DEL02
330193,2020-12-23,quarta-feira,22:00:00,RO,364,990,PORTO VELHO,Condutor Dormindo,Colisão traseira,Com Vítimas Feridas,Plena Noite,Decrescente,Chuva,Simples,Curva,Não,3,0,0,1,2,0,1,3,-9.6643846,-65.77102661,SR-RO,UOP04,DEL01
330230,2020-12-22,terça-feira,11:30:00,RO,429,107,ALVORADA DOESTE,Falta de Atenção à Condução,Colisão transversal,Com Vítimas Feridas,Pleno dia,Crescente,Nublado,Simples,Reta,Não,2,0,0,1,1,0,1,2,-11.44756498,-62.37864002,SR-RO,UOP03,DEL02
330303,2020-12-24,quinta-feira,15:30:00,RO,364,623,ITAPUA DO OESTE,Falta de Atenção à Condução,Saída de leito carroçável,Com Vítimas Feridas,Pleno dia,Crescente,Céu Claro,Simples,Reta,Sim,3,0,3,0,0,0,3,1,-9.07516114,-63.31335068,SR-RO,UOP03,DEL03
330383,2020-12-24,quinta-feira,21:30:00,RO,364,481,ARIQUEMES,Falta de Atenção à Condução,Colisão frontal,Com Vítimas Feridas,Plena Noite,Crescente,Nublado,Simples,Reta,Não,5,0,1,2,2,0,3,2,-10.11145129,-62.85053149,SR-RO,UOP01,DEL03
330392,2020-12-25,sexta-feira,03:19:00,RO,364,344,JI-PARANA,Falta de Atenção à Condução,Colisão transversal,Com Vítimas Feridas,Plena Noite,Decrescente,Céu Claro,Múltipla,Interseção de vias,Sim,3,0,1,1,1,0,2,2,-10.87376391,-61.95256893,SR-RO,UOP01,DEL02
330509,2020-12-25,sexta-feira,18:37:00,RO,364,343,JI-PARANA,Desobediência às normas de trânsito pelo condutor,Colisão frontal,Com Vítimas Feridas,Anoitecer,Decrescente,Céu Claro,Dupla,Interseção de vias,Sim,3,0,2,0,1,0,2,2,-10.87878519,-61.94499012,SR-RO,UOP01,DEL02
330563,2020-12-25,sexta-feira,22:30:00,RO,364,712,PORTO VELHO,Desobediência às normas de trânsito pelo condutor,Tombamento,Com Vítimas Feridas,Plena Noite,Decrescente,Céu Claro,Dupla,Não Informado,Sim,2,0,0,1,1,0,1,1,-8.7770354,-63.87316466,SR-RO,UOP01,DEL01
330623,2020-12-26,sábado,11:40:00,RO,364,14,VILHENA,Desobediência às normas de trânsito pelo condutor,Colisão transversal,Com Vítimas Feridas,Pleno dia,Crescente,Nublado,Simples,Interseção de vias,Sim,3,0,1,0,2,0,1,2,-12.73898138,-60.13911417,SR-RO,UOP01,DEL04
330696,2020-12-26,sábado,14:45:00,RO,364,640,ITAPUA DO OESTE,Pista Escorregadia,Colisão lateral,Com Vítimas Feridas,Pleno dia,Crescente,Chuva,Simples,Reta,Não,7,0,1,0,6,0,1,2,-9.0110739972,-63.4214910576,SR-RO,UOP03,DEL03
330732,2020-12-26,sábado,21:50:00,RO,364,11,VILHENA,Ingestão de Álcool,Colisão traseira,Com Vítimas Feridas,Plena Noite,Decrescente,Nublado,Simples,Reta,Sim,4,0,2,0,2,0,2,3,-12.746482,-60.115956,SR-RO,UOP01,DEL04
330770,2020-12-27,domingo,04:20:00,RO,319,64,PORTO VELHO,Desobediência às normas de trânsito pelo condutor,Colisão transversal,Sem Vítimas,Plena Noite,Crescente,Céu Claro,Dupla,Não Informado,Sim,2,0,0,0,1,1,0,2,-8.766685,-63.884052,SR-RO,UOP01,DEL01
330814,2020-12-27,domingo,09:15:00,RO,364,699,PORTO VELHO,Desobediência às normas de trânsito pelo condutor,Colisão com objeto estático,Sem Vítimas,Pleno dia,Decrescente,Nublado,Dupla,Reta,Não,1,0,0,0,1,0,0,1,-8.80065344,-63.76814604,SR-RO,UOP01,DEL01
330831,2020-12-27,domingo,12:50:00,RO,364,224.2,CACOAL,Desobediência às normas de trânsito pelo condutor,Colisão traseira,Com Vítimas Feridas,Pleno dia,Decrescente,Garoa/Chuvisco,Simples,Não Informado,Sim,2,0,1,0,1,0,1,2,-11.51492614,-61.3539081,SR-RO,UOP02,DEL02
330836,2020-12-27,domingo,12:20:00,RO,364,47.6,VILHENA,Pista Escorregadia,Capotamento,Com Vítimas Feridas,Pleno dia,Decrescente,Chuva,Simples,Reta,Não,4,0,3,1,0,0,4,1,-12.57562989,-60.3467146,SR-RO,UOP01,DEL04
330858,2020-12-27,domingo,15:15:00,RO,435,28,VILHENA,Falta de Atenção à Condução,Queda de ocupante de veículo,Com Vítimas Feridas,Pleno dia,Crescente,Céu Claro,Simples,Reta,Não,1,0,0,1,0,0,1,1,-12.79069361,-60.35954018,SR-RO,UOP02,DEL04
330902,2020-12-27,domingo,18:40:00,RO,319,40,PORTO VELHO,Pista Escorregadia,Saída de leito carroçável,Sem Vítimas,Plena Noite,Decrescente,Chuva,Simples,Reta,Não,1,0,0,0,0,1,0,1,-8.63988203,-63.99604448,SR-RO,UOP01,DEL01
330922,2020-12-27,domingo,15:40:00,RO,364,116.4,PIMENTA BUENO,Defeito Mecânico no Veículo,Tombamento,Sem Vítimas,Pleno dia,Crescente,Nublado,Simples,Não Informado,Não,1,0,0,0,1,0,0,1,-12.15663115,-60.71448241,SR-RO,UOP02,DEL02
330937,2020-12-27,domingo,18:45:00,RO,364,430,JARU,Falta de Atenção à Condução,Colisão transversal,Com Vítimas Feridas,Plena Noite,Decrescente,Nublado,Simples,Rotatória,Não,6,0,2,0,3,1,2,2,-10.40648494,-62.51644492,SR-RO,UOP02,DEL03
330939,2020-12-27,domingo,21:50:00,RO,364,523,ARIQUEMES,Pista Escorregadia,Colisão com objeto estático,Com Vítimas Feridas,Plena Noite,Decrescente,Chuva,Simples,Não Informado,Não,1,0,1,0,0,0,1,1,-9.85234299,-63.05883787,SR-RO,UOP01,DEL03
331189,2020-12-29,terça-feira,08:00:00,RO,435,17,VILHENA,Defeito Mecânico no Veículo,Tombamento,Com Vítimas Feridas,Pleno dia,Crescente,Sol,Simples,Reta,Não,2,0,2,0,0,0,2,1,-12.73929603,-60.27829097,SR-RO,UOP02,DEL04
331242,2020-12-19,sábado,18:00:00,RO,435,126,CEREJEIRAS,Falta de Atenção à Condução,Colisão frontal,Com Vítimas Fatais,Plena Noite,Decrescente,Céu Claro,Simples,Reta,Não,5,1,1,3,0,0,4,2,-13.188992,-60.837076,SR-RO,UOP02,DEL04
331383,2020-12-30,quarta-feira,10:35:00,RO,364,237,CACOAL,Desrespeitar a preferência no cruzamento,Colisão transversal,Com Vítimas Feridas,Pleno dia,Crescente,Céu Claro,Simples,Interseção de vias,Sim,2,0,1,0,1,0,1,2,-11.44341056,-61.44672787,SR-RO,UOP02,DEL02
331387,2020-12-30,quarta-feira,12:20:00,RO,319,60,PORTO VELHO,Falta de Atenção à Condução,Colisão traseira,Com Vítimas Feridas,Pleno dia,Crescente,Nublado,Dupla,Rotatória,Sim,2,0,1,0,1,0,1,2,-8.7401033,-63.89027422,SR-RO,UOP01,DEL01
331405,2020-12-03,quinta-feira,19:00:00,RO,364,515,ARIQUEMES,Restrição de Visibilidade,Colisão traseira,Com Vítimas Feridas,Plena Noite,Decrescente,Céu Claro,Múltipla,Reta,Não,2,0,0,1,0,1,1,2,-9.92497302,-63.05491046,SR-RO,UOP01,DEL03
331506,2020-12-30,quarta-feira,22:00:00,RO,364,344,JI-PARANA,Desobediência às normas de trânsito pelo condutor,Colisão transversal,Com Vítimas Feridas,Plena Noite,Decrescente,Céu Claro,Dupla,Interseção de vias,Sim,3,0,3,0,0,0,3,2,-10.87376391,-61.95256893,SR-RO,UOP01,DEL02
331533,2020-12-31,quinta-feira,06:00:00,RO,364,708,PORTO VELHO,Condutor deixou de manter distância do veículo da frente,Colisão traseira,Com Vítimas Feridas,Amanhecer,Crescente,Céu Claro,Dupla,Não Informado,Sim,2,0,1,0,1,0,1,2,-8.792099,-63.846621,SR-RO,UOP01,DEL01
331713,2020-12-31,quinta-feira,22:40:00,RO,364,309.5,PRESIDENTE MEDICI,Pedestre andava na pista,Atropelamento de Pedestre,Com Vítimas Fatais,Plena Noite,Decrescente,Céu Claro,Simples,Reta,Sim,3,1,0,1,1,0,1,2,-11.163407,-61.901608,SR-RO,UOP01,DEL02
332004,2020-12-31,quinta-feira,05:40:00,RO,364,622,ITAPUA DO OESTE,Ausência de reação do condutor,Colisão com objeto,Sem Vítimas,Amanhecer,Crescente,Sol,Simples,Curva,Não,1,0,0,0,1,0,0,1,-9.072494,-63.319137,SR-RO,UOP03,DEL03
333554,2020-12-29,terça-feira,18:30:00,RO,364,864,PORTO VELHO,Demais falhas na via,Tombamento,Com Vítimas Feridas,Anoitecer,Decrescente,Ignorado,Simples,Reta,Não,2,0,2,0,0,0,2,1,-9.0963997,-64.0919293,SR-RO,UOP02,DEL01
334200,2020-08-17,segunda-feira,08:28:00,RO,364,713,PORTO VELHO,Não guardar distância de segurança,Colisão traseira,Com Vítimas Feridas,Pleno dia,Crescente,Céu Claro,Dupla,Reta,Sim,2,0,1,0,1,0,1,2,-8.77331583,-63.87969248,SR-RO,UOP01,DEL01
334347,2020-12-21,segunda-feira,23:01:00,RO,364,57,VILHENA,Desobediência às normas de trânsito pelo condutor,Colisão frontal,Com Vítimas Fatais,Plena Noite,Crescente,Nublado,Simples,Reta,Não,6,2,1,3,0,0,4,2,-12.5205682,-60.40864205,SR-RO,UOP01,DEL04
334391,2020-10-09,sexta-feira,16:30:00,RO,364,643,CANDEIAS DO JAMARI,Falta de Atenção do Pedestre,Atropelamento de Pedestre,Com Vítimas Feridas,Pleno dia,Decrescente,Céu Claro,Simples,Reta,Não,2,0,1,0,1,0,1,1,-8.98405404,-63.42380225,SR-RO,UOP03,DEL03
334691,2020-11-13,sexta-feira,08:20:00,RO,364,409,JARU,Falta de Atenção à Condução,Tombamento,Com Vítimas Feridas,Pleno dia,Decrescente,Sol,Simples,Curva,Não,1,0,1,0,0,0,1,1,-10.54019698,-62.39333998,SR-RO,UOP02,DEL03
260031,2020-01-01,quarta-feira,01:00:00,TO,153,678.1,GURUPI,Animais na Pista,Atropelamento de Animal,Com Vítimas Feridas,Plena Noite,Crescente,Nublado,Simples,Reta,Não,5,0,0,5,0,0,5,1,-11.77460203,-49.10744996,SR-TO,UOP01/TO,
260148,2020-01-01,quarta-feira,15:20:00,TO,153,679.9,GURUPI,Ultrapassagem Indevida,Colisão lateral,Com Vítimas Feridas,Pleno dia,Crescente,Céu Claro,Simples,Reta,Não,2,0,1,0,1,0,1,2,-11.78176489,-49.11301313,SR-TO,UOP01/TO,
260220,2020-01-01,quarta-feira,04:30:00,TO,153,614.9,ALIANCA DO TOCANTINS,Ingestão de Álcool,Queda de ocupante de veículo,Com Vítimas Feridas,Plena Noite,Decrescente,Ignorado,Simples,Reta,Não,1,0,1,0,0,0,1,1,-11.22939795,-48.93308644,SR-TO,UOP01/TO,
260262,2020-01-02,quinta-feira,01:30:00,TO,153,255.8,COLINAS DO TOCANTINS,Falta de Atenção à Condução,Colisão transversal,Com Vítimas Fatais,Plena Noite,Decrescente,Nublado,Simples,Reta,Não,2,1,0,0,1,0,0,2,-8.13315806,-48.4703064,SR-TO,UOP03/TO,
260315,2020-01-02,quinta-feira,10:40:00,TO,153,465,BARROLANDIA,Velocidade Incompatível,Saída de leito carroçável,Com Vítimas Feridas,Pleno dia,Crescente,Chuva,Simples,Não Informado,Não,2,0,1,1,0,0,2,1,-9.957962,-48.74406002,SR-TO,UOP02/TO,
260431,2020-01-02,quinta-feira,17:30:00,TO,153,250,COLINAS DO TOCANTINS,Falta de Atenção à Condução,Colisão lateral,Com Vítimas Feridas,Anoitecer,Decrescente,Nublado,Dupla,Desvio Temporário,Sim,2,0,0,1,1,0,1,2,-8.05584913,-48.46619817,SR-TO,UOP03/TO,
260439,2020-01-02,quinta-feira,20:25:00,TO,153,382,FORTALEZA DO TABOCAO,Ultrapassagem Indevida,Colisão frontal,Com Vítimas Feridas,Plena Noite,Decrescente,Garoa/Chuvisco,Simples,Reta,Não,2,0,0,1,1,0,1,2,-9.260822,-48.54802936,SR-TO,UOP03/TO,
260712,2020-01-03,sexta-feira,21:40:00,TO,242,422.2,FORMOSO DO ARAGUAIA,Defeito Mecânico no Veículo,Saída de leito carroçável,Sem Vítimas,Plena Noite,Decrescente,Céu Claro,Simples,Reta,Não,5,0,0,0,5,0,0,1,-11.93028018,-49.29724405,SR-TO,UOP01/TO,