id,data_inversa,dia_semana,horario,uf,br,km,municipio,causa_acidente,tipo_acidente,classificacao_acidente,fase_dia,sentido_via,condicao_metereologica,tipo_pista,tracado_via,uso_solo,pessoas,mortos,feridos_leves,feridos_graves,ilesos,ignorados,feridos,veiculos,latitude,longitude,regional,delegacia,uop
283636,2020-05-09,sábado,19:30:00,TO,153,675,GURUPI,Desobediência às normas de trânsito pelo condutor,Colisão frontal,Com Vítimas Fatais,Plena Noite,Crescente,Céu Claro,Simples,Reta,Sim,2,1,0,0,1,0,0,2,-11.75312428,-49.09074565,SR-TO,UOP02,DEL01
283637,2020-05-09,sábado,19:15:00,TO,153,335,GUARAI,Desobediência às normas de trânsito pelo condutor,Colisão transversal,Sem Vítimas,Plena Noite,Crescente,Nublado,Simples,Reta,Sim,5,0,0,0,3,2,0,2,-8.84481597,-48.5107318,SR-TO,UOP02,DEL02
284578,2020-05-15,sexta-feira,08:50:00,TO,153,534,NOVA ROSALANDIA,Agressão Externa,Colisão com objeto estático,Sem Vítimas,Pleno dia,Crescente,Céu Claro,Simples,Não Informado,Não,1,0,0,0,1,0,0,1,-10.50928698,-48.9075502,SR-TO,UOP01,DEL01
284839,2020-05-16,sábado,20:50:00,TO,153,235,COLINAS DO TOCANTINS,Falta de Atenção à Condução,Tombamento,Com Vítimas Feridas,Plena Noite,Crescente,Céu Claro,Simples,Reta,Não,2,0,2,0,0,0,2,1,-7.94969597,-48.46431972,SR-TO,UOP01,DEL02
284979,2020-05-17,domingo,18:50:00,TO,153,784,TALISMA,Velocidade Incompatível,Colisão traseira,Com Vítimas Fatais,Plena Noite,Decrescente,Nublado,Simples,Reta,Não,3,1,0,0,1,1,0,2,-12.67547894,-49.06751926,SR-TO,UOP02,DEL01
285021,2020-05-17,domingo,21:45:00,TO,153,462,BARROLANDIA,Falta de Atenção à Condução,Queda de ocupante de veículo,Com Vítimas Feridas,Plena Noite,Crescente,Ignorado,Simples,Desvio Temporário,Não,1,0,0,1,0,0,1,1,-9.93291496,-48.73625207,SR-TO,UOP01,DEL01
285105,2020-05-18,segunda-feira,12:25:00,TO,153,147,ARAGUAINA,Ingestão de Álcool,Colisão traseira,Com Vítimas Feridas,Pleno dia,Decrescente,Céu Claro,Múltipla,Reta,Sim,1,0,1,0,0,0,1,1,-7.22175693,-48.24826214,SR-TO,UOP01,DEL02
285108,2020-05-18,segunda-feira,14:00:00,TO,153,670.7,GURUPI,Não guardar distância de segurança,Colisão traseira,Com Vítimas Feridas,Pleno dia,Crescente,Nublado,Dupla,Reta,Sim,2,0,1,0,1,0,1,2,-11.70998005,-49.07471975,SR-TO,UOP02,DEL01
285110,2020-05-18,segunda-feira,14:00:00,TO,153,479.2,PARAISO DO TOCANTINS,Velocidade Incompatível,Tombamento,Sem Vítimas,Pleno dia,Decrescente,Nublado,Simples,Não Informado,Não,1,0,0,0,1,0,0,1,-10.05344392,-48.82068619,SR-TO,UOP01,DEL01
285797,2020-05-22,sexta-feira,17:50:00,TO,153,338,GUARAI,Defeito Mecânico no Veículo,Danos eventuais,Com Vítimas Feridas,Anoitecer,Decrescente,Céu Claro,Simples,Reta,Não,2,0,1,1,0,0,2,1,-8.872144,-48.50853205,SR-TO,UOP02,DEL02
286079,2020-05-24,domingo,07:25:00,TO,153,671.8,GURUPI,Ingestão de Álcool,Colisão traseira,Com Vítimas Feridas,Pleno dia,Decrescente,Sol,Dupla,Reta,Não,3,0,1,0,2,0,1,2,-11.72075725,-49.07713594,SR-TO,UOP02,DEL01
286148,2020-05-24,domingo,18:30:00,TO,153,514.3,PARAISO DO TOCANTINS,Falta de Atenção à Condução,Colisão lateral,Com Vítimas Feridas,Anoitecer,Decrescente,Céu Claro,Simples,Reta,Não,3,0,3,0,0,0,3,2,-10.32632095,-48.88709041,SR-TO,UOP01,DEL01
286305,2020-05-25,segunda-feira,12:42:00,TO,153,57,DARCINOPOLIS,Defeito na Via,Tombamento,Com Vítimas Feridas,Pleno dia,Decrescente,Nublado,Simples,Reta,Não,2,0,1,0,1,0,1,1,-6.82757957,-47.82279968,SR-TO,UOP01,DEL02
286365,2020-05-25,segunda-feira,13:10:00,TO,153,479,BARROLANDIA,Defeito Mecânico no Veículo,Saída de leito carroçável,Sem Vítimas,Pleno dia,Decrescente,Céu Claro,Simples,Não Informado,Não,1,0,0,0,1,0,0,1,-10.05344392,-48.82068619,SR-TO,UOP01,DEL01
286397,2020-05-18,segunda-feira,15:40:00,TO,153,154,ARAGUAINA,Falta de Atenção à Condução,Colisão frontal,Com Vítimas Feridas,Pleno dia,Crescente,Sol,Simples,Reta,Não,3,0,1,0,1,1,1,2,-7.27973969,-48.27188825,SR-TO,UOP01,DEL02
286726,2020-05-27,quarta-feira,19:15:00,TO,153,337,GUARAI,Falta de Atenção à Condução,Colisão traseira,Com Vítimas Feridas,Plena Noite,Crescente,Céu Claro,Simples,Reta,Sim,2,0,1,0,1,0,1,2,-8.863007,-48.50835,SR-TO,UOP02,DEL02
286740,2020-05-28,quinta-feira,05:45:00,TO,153,208,NOVA OLINDA,Desobediência às normas de trânsito pelo condutor,Colisão frontal,Com Vítimas Fatais,Amanhecer,Crescente,Céu Claro,Dupla,Reta,Não,2,1,0,1,0,0,1,2,-7.71778886,-48.44236743,SR-TO,UOP01,DEL02
286891,2020-05-28,quinta-feira,21:00:00,TO,153,494.5,PARAISO DO TOCANTINS,Defeito na Via,Queda de ocupante de veículo,Com Vítimas Feridas,Plena Noite,Crescente,Nublado,Dupla,Reta,Sim,1,0,1,0,0,0,1,1,-10.16527794,-48.88094578,SR-TO,UOP01,DEL01
287142,2020-05-27,quarta-feira,11:30:00,TO,153,335,GUARAI,Desobediência às normas de trânsito pelo condutor,Colisão transversal,Com Vítimas Feridas,Pleno dia,Decrescente,Céu Claro,Dupla,Retorno Regulamentado,Sim,5,0,1,1,2,1,2,3,-8.84481597,-48.5107318,SR-TO,UOP02,DEL02
287243,2020-05-30,sábado,19:40:00,TO,153,637,ALIANCA DO TOCANTINS,Defeito Mecânico no Veículo,Derramamento de carga,Com Vítimas Feridas,Plena Noite,Decrescente,Céu Claro,Simples,Reta,Não,1,0,1,0,0,0,1,1,-11.42155508,-48.98263275,SR-TO,UOP02,DEL01
287244,2020-05-30,sábado,21:05:00,TO,153,139,ARAGUAINA,Desobediência às normas de trânsito pelo condutor,Colisão traseira,Com Vítimas Feridas,Plena Noite,Decrescente,Céu Claro,Múltipla,Reta,Sim,2,0,0,1,1,0,1,2,-7.16325275,-48.20698926,SR-TO,UOP01,DEL02
287349,2020-05-31,domingo,12:10:00,TO,153,146.1,ARAGUAINA,Falta de Atenção à Condução,Tombamento,Com Vítimas Feridas,Pleno dia,Crescente,Céu Claro,Dupla,Reta,Sim,1,0,0,1,0,0,1,1,-7.21337786,-48.24431331,SR-TO,UOP01,DEL02
287395,2020-05-31,domingo,17:50:00,TO,230,2,AGUIARNOPOLIS,Falta de Atenção à Condução,Colisão transversal,Com Vítimas Fatais,Pleno dia,Crescente,Céu Claro,Simples,Interseção de vias,Sim,3,1,0,0,1,1,0,2,-6.55554,-47.477192,SR-TO,UOP03,DEL02
287481,2020-05-31,domingo,22:50:00,TO,153,145.8,ARAGUAINA,Velocidade Incompatível,Tombamento,Com Vítimas Fatais,Plena Noite,Crescente,Céu Claro,Dupla,Reta,Sim,2,1,1,0,0,0,1,2,-7.20503614,-48.24035166,SR-TO,UOP01,DEL02
287730,2020-06-02,terça-feira,10:05:00,TO,153,348,FORTALEZA DO TABOCAO,Ultrapassagem Indevida,Saída de leito carroçável,Sem Vítimas,Pleno dia,Crescente,Sol,Simples,Reta,Não,3,0,0,0,2,1,0,2,-8.96081688,-48.49703365,SR-TO,UOP02,DEL02
287864,2020-06-03,quarta-feira,01:00:00,TO,230,112,ARAGUATINS,Avarias e/ou desgaste excessivo no pneu,Atropelamento de Animal,Com Vítimas Fatais,Plena Noite,Crescente,Céu Claro,Simples,Reta,Não,2,1,0,0,0,1,0,1,-5.89225922,-47.93835331,SR-TO,UOP03,DEL02
287956,2020-06-03,quarta-feira,14:25:00,TO,153,462,BARROLANDIA,Falta de Atenção à Condução,Saída de leito carroçável,Com Vítimas Feridas,Pleno dia,Crescente,Céu Claro,Simples,Desvio Temporário,Não,2,0,1,0,1,0,1,2,-9.92448204,-48.73320665,SR-TO,UOP01,DEL01
288129,2020-06-04,quinta-feira,19:00:00,TO,153,149,ARAGUAINA,Defeito Mecânico no Veículo,Tombamento,Sem Vítimas,Plena Noite,Crescente,Céu Claro,Simples,Reta,Sim,1,0,0,0,1,0,0,1,-7.239191,-48.254288,SR-TO,UOP01,DEL02
288787,2020-06-07,domingo,22:05:00,TO,153,140,ARAGUAINA,Ingestão de Álcool,Colisão traseira,Com Vítimas Feridas,Plena Noite,Crescente,Céu Claro,Dupla,Reta,Sim,5,0,0,2,3,0,2,2,-7.169616,-48.21328,SR-TO,UOP01,DEL02
288820,2020-06-08,segunda-feira,00:30:00,TO,153,9.8,XAMBIOA,Falta de Atenção à Condução,Atropelamento de Pedestre,Com Vítimas Fatais,Plena Noite,Decrescente,Céu Claro,Simples,Reta,Não,2,1,0,0,0,1,0,1,-6.4543275,-48.50461866,SR-TO,UOP01,DEL02
289335,2020-06-10,quarta-feira,19:00:00,TO,242,462,FORMOSO DO ARAGUAIA,Desobediência às normas de trânsito pelo condutor,Colisão transversal,Com Vítimas Feridas,Plena Noite,Decrescente,Céu Claro,Simples,Reta,Não,2,0,1,1,0,0,2,2,-11.80179096,-49.609047,SR-TO,UOP02,DEL01
289372,2020-06-10,quarta-feira,20:00:00,TO,153,250.1,COLINAS DO TOCANTINS,Deficiência ou não Acionamento do Sistema de Iluminação/Sinalização do Veículo,Colisão traseira,Com Vítimas Fatais,Plena Noite,Crescente,Céu Claro,Simples,Reta,Não,3,1,0,0,1,1,0,2,-8.08000894,-48.46725183,SR-TO,UOP02,DEL02
289395,2020-06-11,quinta-feira,06:00:00,TO,153,332.7,GUARAI,Ingestão de Álcool,Colisão lateral,Com Vítimas Feridas,Pleno dia,Crescente,Céu Claro,Múltipla,Não Informado,Sim,2,0,1,0,1,0,1,2,-8.81739,-48.512207,SR-TO,UOP02,DEL02
289420,2020-06-11,quinta-feira,10:00:00,TO,153,502,PARAISO DO TOCANTINS,Desobediência às normas de trânsito pelo condutor,Colisão traseira,Com Vítimas Feridas,Pleno dia,Crescente,Céu Claro,Simples,Reta,Não,3,0,2,0,1,0,2,2,-10.21850698,-48.87509017,SR-TO,UOP01,DEL01
289609,2020-06-12,sexta-feira,11:00:00,TO,153,226,COLINAS DO TOCANTINS,Falta de Atenção à Condução,Saída de leito carroçável,Com Vítimas Feridas,Pleno dia,Crescente,Céu Claro,Simples,Reta,Não,1,0,1,0,0,0,1,1,-7.87160101,-48.45739218,SR-TO,UOP01,DEL02
290018,2020-06-14,domingo,20:40:00,TO,230,1,AGUIARNOPOLIS,Ultrapassagem Indevida,Colisão frontal,Com Vítimas Feridas,Plena Noite,Decrescente,Céu Claro,Simples,Reta,Sim,2,0,0,1,1,0,1,2,-6.55865288,-47.4752786,SR-TO,UOP03,DEL02
290045,2020-06-14,domingo,19:00:00,TO,226,33,DARCINOPOLIS,Defeito Mecânico no Veículo,Incêndio,Sem Vítimas,Plena Noite,Crescente,Céu Claro,Dupla,Não Informado,Não,1,0,0,0,1,0,0,1,-6.659988,-47.725689,SR-TO,UOP03,DEL02
290375,2020-06-16,terça-feira,22:25:00,TO,153,333.9,GUARAI,Desobediência às normas de trânsito pelo condutor,Colisão lateral,Com Vítimas Feridas,Plena Noite,Crescente,Céu Claro,Dupla,Interseção de vias,Sim,2,0,0,1,1,0,1,2,-8.83467537,-48.51242781,SR-TO,UOP02,DEL02
290620,2020-06-18,quinta-feira,12:00:00,TO,153,158.2,ARAGUAINA,Defeito Mecânico no Veículo,Tombamento,Com Vítimas Feridas,Pleno dia,Crescente,Céu Claro,Simples,Reta,Não,2,0,2,0,0,0,2,1,-7.30561722,-48.29635264,SR-TO,UOP01,DEL02
290995,2020-06-20,sábado,12:37:00,TO,235,164,TUPIRAMA,Ingestão de Álcool,Tombamento,Sem Vítimas,Pleno dia,Crescente,Céu Claro,Simples,Reta,Sim,1,0,0,0,1,0,0,1,-8.99256196,-48.18502665,SR-TO,UOP02,DEL02
291064,2020-06-20,sábado,19:00:00,TO,153,535.7,PUGMIL,Ultrapassagem Indevida,Colisão lateral,Sem Vítimas,Plena Noite,Decrescente,Céu Claro,Simples,Reta,Não,2,0,0,0,2,0,0,2,-10.53593012,-48.91016185,SR-TO,UOP01,DEL01
291163,2020-06-21,domingo,07:50:00,TO,153,143,ARAGUAINA,Ingestão de Álcool,Colisão transversal,Com Vítimas Feridas,Pleno dia,Crescente,Céu Claro,Dupla,Rotatória,Sim,3,0,1,0,2,0,1,2,-7.18866332,-48.23207966,SR-TO,UOP01,DEL02
291267,2020-06-21,domingo,16:10:00,TO,153,246.1,COLINAS DO TOCANTINS,Falta de Atenção à Condução,Saída de leito carroçável,Com Vítimas Fatais,Pleno dia,Crescente,Céu Claro,Múltipla,Não Informado,Sim,1,1,0,0,0,0,0,1,-8.046382,-48.46624384,SR-TO,UOP02,DEL02
291275,2020-06-21,domingo,19:35:00,TO,242,466.7,FORMOSO DO ARAGUAIA,Falta de Atenção à Condução,Colisão traseira,Com Vítimas Feridas,Plena Noite,Crescente,Céu Claro,Simples,Reta,Não,4,0,1,1,2,0,2,2,-11.79756062,-49.64559296,SR-TO,UOP02,DEL01
291298,2020-06-21,domingo,20:58:00,TO,153,149,ARAGUAINA,Falta de Atenção à Condução,Tombamento,Com Vítimas Feridas,Plena Noite,Crescente,Céu Claro,Simples,Reta,Não,1,0,1,0,0,0,1,1,-7.239191,-48.254288,SR-TO,UOP01,DEL02
291661,2020-06-24,quarta-feira,05:50:00,TO,153,334,GUARAI,Falta de Atenção do Pedestre,Atropelamento de Pedestre,Com Vítimas Feridas,Amanhecer,Decrescente,Céu Claro,Dupla,Reta,Sim,2,0,0,1,0,1,1,1,-8.835718,-48.512123,SR-TO,UOP02,DEL02
291721,2020-06-19,sexta-feira,10:35:00,TO,226,56,DARCINOPOLIS,Defeito Mecânico no Veículo,Incêndio,Sem Vítimas,Pleno dia,Decrescente,Sol,Simples,Não Informado,Não,1,0,0,0,1,0,0,1,-6.822941,-47.83815,SR-TO,UOP03,DEL02
291773,2020-06-24,quarta-feira,19:40:00,TO,153,100.6,WANDERLANDIA,Falta de Atenção à Condução,Colisão lateral,Com Vítimas Feridas,Plena Noite,Crescente,Céu Claro,Simples,Reta,Não,2,0,1,1,0,0,2,1,-6.89695509,-48.01857195,SR-TO,UOP01,DEL02
291903,2020-06-25,quinta-feira,16:00:00,TO,153,644.5,DUERE,Falta de Atenção à Condução,Saída de leito carroçável,Com Vítimas Feridas,Pleno dia,Crescente,Céu Claro,Simples,Reta,Não,1,0,1,0,0,0,1,1,-11.48307595,-49.00099215,SR-TO,UOP02,DEL01
292005,2020-06-26,sexta-feira,07:45:00,TO,153,673.9,GURUPI,Desobediência às normas de trânsito pelo condutor,Colisão lateral,Com Vítimas Feridas,Pleno dia,Crescente,Céu Claro,Simples,Reta,Sim,2,0,1,0,1,0,1,2,-11.74596399,-49.08518001,SR-TO,UOP02,DEL01
292056,2020-06-26,sexta-feira,08:10:00,TO,153,438.7,BARROLANDIA,Objeto estático sobre o leito carroçável,Tombamento,Com Vítimas Feridas,Pleno dia,Decrescente,Céu Claro,Simples,Não Informado,Não,1,0,1,0,0,0,1,1,-9.72361998,-48.68912903,SR-TO,UOP01,DEL01
292361,2020-06-28,domingo,00:30:00,TO,153,648.7,GURUPI,Condutor Dormindo,Colisão lateral,Com Vítimas Feridas,Plena Noite,Decrescente,Céu Claro,Simples,Reta,Não,4,0,1,0,3,0,1,2,-11.54519461,-49.02174175,SR-TO,UOP02,DEL01
292377,2020-06-28,domingo,05:50:00,TO,153,678.4,CARIRI DO TOCANTINS,Desobediência às normas de trânsito pelo pedestre,Atropelamento de Pedestre,Com Vítimas Fatais,Plena Noite,Decrescente,Céu Claro,Simples,Reta,Não,2,1,0,0,0,1,0,1,-11.777745,-49.10988,SR-TO,UOP02,DEL01
292553,2020-06-29,segunda-feira,04:45:00,TO,153,150,ARAGUAINA,Falta de Atenção à Condução,Colisão traseira,Com Vítimas Feridas,Plena Noite,Crescente,Céu Claro,Simples,Reta,Não,2,0,0,1,1,0,1,2,-7.24812605,-48.25533885,SR-TO,UOP01,DEL02
292655,2020-06-29,segunda-feira,18:00:00,TO,153,136,ARAGUAINA,Desobediência às normas de trânsito pelo condutor,Colisão lateral,Com Vítimas Feridas,Anoitecer,Decrescente,Céu Claro,Simples,Reta,Sim,2,0,1,0,1,0,1,2,-7.137507,-48.200943,SR-TO,UOP01,DEL02
292753,2020-06-30,terça-feira,11:30:00,TO,153,141.1,ARAGUAINA,Falta de Atenção à Condução,Colisão traseira,Com Vítimas Feridas,Pleno dia,Decrescente,Sol,Múltipla,Reta,Sim,2,0,1,0,0,1,1,2,-7.177119,-48.220366,SR-TO,UOP01,DEL02
292813,2020-06-30,terça-feira,17:50:00,TO,153,495,PARAISO DO TOCANTINS,Falta de Atenção à Condução,Colisão traseira,Com Vítimas Feridas,Anoitecer,Decrescente,Céu Claro,Simples,Reta,Sim,3,0,2,1,0,0,3,2,-10.172465,-48.880996,SR-TO,UOP01,DEL01
292852,2020-06-30,terça-feira,22:05:00,TO,153,138,ARAGUAINA,Velocidade Incompatível,Danos eventuais,Com Vítimas Feridas,Plena Noite,Crescente,Céu Claro,Dupla,Rotatória,Sim,2,0,1,0,1,0,1,1,-7.15509994,-48.20416232,SR-TO,UOP01,DEL02
292893,2020-06-09,terça-feira,10:15:00,TO,153,273,BRASILANDIA DO TOCANTINS,Defeito Mecânico no Veículo,Incêndio,Sem Vítimas,Pleno dia,Decrescente,Céu Claro,Simples,Reta,Sim,1,0,0,0,1,0,0,1,-8.29171202,-48.47003582,SR-TO,UOP02,DEL02
292981,2020-07-01,quarta-feira,20:10:00,TO,153,682.7,CARIRI DO TOCANTINS,Falta de Atenção à Condução,Colisão traseira,Com Vítimas Feridas,Plena Noite,Decrescente,Céu Claro,Simples,Reta,Não,5,0,0,1,4,0,1,3,-11.80580397,-49.12547006,SR-TO,UOP02,DEL01
293013,2020-07-02,quinta-feira,05:25:00,TO,153,322,GUARAI,Defeito Mecânico no Veículo,Incêndio,Sem Vítimas,Amanhecer,Crescente,Céu Claro,Simples,Reta,Não,1,0,0,0,1,0,0,1,-8.72787403,-48.50709564,SR-TO,UOP02,DEL02
293034,2020-07-02,quinta-feira,07:50:00,TO,153,133.5,ARAGUAINA,Falta de Atenção à Condução,Tombamento,Com Vítimas Feridas,Pleno dia,Crescente,Céu Claro,Simples,Rotatória,Não,1,0,1,0,0,0,1,1,-7.11461109,-48.18743388,SR-TO,UOP01,DEL02
293073,2020-04-09,quinta-feira,20:40:00,TO,242,357,GURUPI,Animais na Pista,Atropelamento de Animal,Com Vítimas Feridas,Plena Noite,Decrescente,Céu Claro,Simples,Reta,Não,2,0,0,1,1,0,1,2,-11.83320321,-48.8963702,SR-TO,UOP02,DEL01
293183,2020-07-02,quinta-feira,15:00:00,TO,230,36,NAZARE,Defeito Mecânico no Veículo,Incêndio,Sem Vítimas,Amanhecer,Crescente,Céu Claro,Simples,Desvio Temporário,Não,1,0,0,0,1,0,0,1,-6.4013199,-47.67079503,SR-TO,UOP03,DEL02
293272,2020-07-03,sexta-feira,15:00:00,TO,153,141,ARAGUAINA,Falta de Atenção à Condução,Colisão traseira,Com Vítimas Feridas,Pleno dia,Decrescente,Sol,Dupla,Reta,Sim,1,0,0,1,0,0,1,1,-7.175959,-48.219548,SR-TO,UOP01,DEL02
293426,2020-07-04,sábado,10:12:00,TO,242,350,PEIXE,Ingestão de Álcool,Saída de leito carroçável,Com Vítimas Feridas,Pleno dia,Decrescente,Céu Claro,Simples,Reta,Não,4,0,3,1,0,0,4,1,-11.87385654,-48.85672601,SR-TO,UOP02,DEL01
293432,2020-07-04,sábado,11:00:00,TO,153,336,GUARAI,Ultrapassagem Indevida,Saída de leito carroçável,Com Vítimas Feridas,Pleno dia,Crescente,Céu Claro,Simples,Reta,Sim,2,0,1,1,0,0,2,1,-8.85386,-48.508884,SR-TO,UOP02,DEL02
293444,2020-07-04,sábado,12:30:00,TO,153,689,CARIRI DO TOCANTINS,Não guardar distância de segurança,Colisão traseira,Com Vítimas Feridas,Pleno dia,Crescente,Céu Claro,Simples,Não Informado,Não,2,0,1,0,1,0,1,2,-11.86294093,-49.15274014,SR-TO,UOP02,DEL01
293622,2020-07-05,domingo,01:30:00,TO,226,27,PALMEIRAS DO TOCANTINS,Falta de Atenção à Condução,Colisão lateral,Com Vítimas Feridas,Plena Noite,Decrescente,Céu Claro,Simples,Desvio Temporário,Não,2,0,1,0,1,0,1,2,-6.643788,-47.675686,SR-TO,UOP03,DEL02
293792,2020-07-06,segunda-feira,01:15:00,TO,153,558.9,FATIMA,Defeito Mecânico no Veículo,Incêndio,Sem Vítimas,Plena Noite,Decrescente,Céu Claro,Simples,Reta,Não,1,0,0,0,1,0,0,1,-10.722909,-48.904507,SR-TO,UOP01,DEL01
293842,2020-07-06,segunda-feira,08:15:00,TO,153,333,GUARAI,Não guardar distância de segurança,Colisão lateral,Com Vítimas Feridas,Pleno dia,Decrescente,Céu Claro,Múltipla,Reta,Sim,3,0,3,0,0,0,3,2,-8.826486,-48.51216,SR-TO,UOP02,DEL02
293851,2020-04-15,quarta-feira,22:30:00,TO,153,729.7,ALVORADA,Defeito na Via,Colisão frontal,Com Vítimas Fatais,Plena Noite,Decrescente,Garoa/Chuvisco,Simples,Reta,Não,45,1,42,2,0,0,44,2,-12.19875698,-49.15620435,SR-TO,UOP02,DEL01
293876,2020-07-06,segunda-feira,12:05:00,TO,NA,NA,ARAGUAINA,Falta de Atenção à Condução,Colisão traseira,Sem Vítimas,Pleno dia,Não Informado,Céu Claro,Simples,Curva,Sim,2,0,0,0,2,0,0,2,-7.18826054,-48.22340554,SR-TO,UOP01,DEL02
294145,2020-07-07,terça-feira,23:20:00,TO,153,500,PARAISO DO TOCANTINS,Defeito Mecânico no Veículo,Incêndio,Sem Vítimas,Plena Noite,Decrescente,Céu Claro,Simples,Reta,Não,1,0,0,0,1,0,0,1,-10.20064814,-48.87430725,SR-TO,UOP01,DEL01
294148,2020-07-07,terça-feira,09:00:00,TO,153,439.5,BARROLANDIA,Defeito Mecânico no Veículo,Tombamento,Com Vítimas Feridas,Plena Noite,Crescente,Céu Claro,Simples,Curva,Não,1,0,1,0,0,0,1,1,-9.73165307,-48.69330085,SR-TO,UOP01,DEL01
294162,2020-07-08,quarta-feira,03:30:00,TO,153,362,FORTALEZA DO TABOCAO,Defeito Mecânico no Veículo,Incêndio,Sem Vítimas,Amanhecer,Crescente,Céu Claro,Simples,Não Informado,Sim,1,0,0,0,1,0,0,1,-9.0820211,-48.52401748,SR-TO,UOP02,DEL02
294393,2020-07-09,quinta-feira,13:23:00,TO,153,333,GUARAI,Desobediência às normas de trânsito pelo condutor,Colisão lateral,Com Vítimas Feridas,Pleno dia,Crescente,Céu Claro,Dupla,Interseção de vias,Sim,2,0,1,0,1,0,1,2,-8.826486,-48.51216,SR-TO,UOP02,DEL02
294542,2020-07-10,sexta-feira,10:30:00,TO,153,153,ARAGUAINA,Avarias e/ou desgaste excessivo no pneu,Capotamento,Sem Vítimas,Pleno dia,Crescente,Céu Claro,Simples,Curva,Sim,1,0,0,0,1,0,0,1,-7.27288096,-48.2662611,SR-TO,UOP01,DEL02
294579,2020-07-10,sexta-feira,14:20:00,TO,153,416,MIRANORTE,Defeito na Via,Saída de leito carroçável,Com Vítimas Feridas,Pleno dia,Crescente,Céu Claro,Dupla,Curva,Sim,1,0,0,1,0,0,1,1,-9.54906574,-48.59904537,SR-TO,UOP01,DEL01
294620,2020-07-10,sexta-feira,17:08:00,TO,153,398,MIRANORTE,Não guardar distância de segurança,Colisão frontal,Com Vítimas Feridas,Pleno dia,Crescente,Céu Claro,Simples,Não Informado,Não,5,0,4,1,0,0,5,2,-9.393278,-48.56296901,SR-TO,UOP02,DEL02
294687,2020-07-10,sexta-feira,20:25:00,TO,153,785,TALISMA,Ultrapassagem Indevida,Colisão frontal,Com Vítimas Feridas,Plena Noite,Crescente,Céu Claro,Simples,Reta,Não,4,0,1,1,2,0,2,2,-12.68421396,-49.06938618,SR-TO,UOP02,DEL01
294765,2020-07-10,sexta-feira,22:30:00,TO,226,40,DARCINOPOLIS,Falta de Atenção à Condução,Saída de leito carroçável,Sem Vítimas,Plena Noite,Crescente,Nublado,Simples,Reta,Não,1,0,0,0,1,0,0,1,-6.713252,-47.757927,SR-TO,UOP03,DEL02
295002,2020-07-12,domingo,09:00:00,TO,242,443.4,FORMOSO DO ARAGUAIA,Falta de Atenção à Condução,Saída de leito carroçável,Com Vítimas Feridas,Pleno dia,Crescente,Céu Claro,Simples,Curva,Não,1,0,0,1,0,0,1,1,-11.8220191,-49.43942813,SR-TO,UOP02,DEL01
295039,2020-07-12,domingo,16:10:00,TO,153,238,COLINAS DO TOCANTINS,Falta de Atenção à Condução,Colisão frontal,Com Vítimas Feridas,Pleno dia,Decrescente,Céu Claro,Simples,Não Informado,Não,3,0,1,0,2,0,1,3,-7.97638399,-48.46415731,SR-TO,UOP01,DEL02
295245,2020-07-13,segunda-feira,13:49:00,TO,153,631.4,ALIANCA DO TOCANTINS,Falta de Atenção à Condução,Saída de leito carroçável,Com Vítimas Feridas,Pleno dia,Crescente,Céu Claro,Simples,Não Informado,Não,1,0,0,1,0,0,1,1,-11.36976213,-48.96428868,SR-TO,UOP02,DEL01
295354,2020-07-14,terça-feira,07:58:00,TO,153,329,GUARAI,Ultrapassagem Indevida,Colisão traseira,Sem Vítimas,Pleno dia,Crescente,Céu Claro,Simples,Reta,Não,3,0,0,0,3,0,0,2,-8.79047,-48.512292,SR-TO,UOP02,DEL02
295592,2020-07-15,quarta-feira,18:05:00,TO,153,518,PUGMIL,Não guardar distância de segurança,Colisão traseira,Com Vítimas Feridas,Anoitecer,Crescente,Céu Claro,Simples,Não Informado,Não,3,0,1,0,2,0,1,3,-10.3622629863,-48.8910971311,SR-TO,UOP01,DEL01
295645,2020-07-16,quinta-feira,05:20:00,TO,153,134,ARAGUAINA,Falta de Atenção à Condução,Colisão frontal,Com Vítimas Fatais,Amanhecer,Decrescente,Céu Claro,Simples,Reta,Não,7,1,1,0,4,1,1,2,-7.12178379,-48.19293926,SR-TO,UOP01,DEL02
295735,2020-07-16,quinta-feira,18:05:00,TO,153,494,PARAISO DO TOCANTINS,Desobediência às normas de trânsito pelo condutor,Colisão frontal,Com Vítimas Feridas,Plena Noite,Decrescente,Céu Claro,Simples,Reta,Sim,3,0,1,1,1,0,2,2,-10.170049,-48.880501,SR-TO,UOP01,DEL01
295975,2020-07-17,sexta-feira,17:15:00,TO,153,627.5,ALIANCA DO TOCANTINS,Falta de Atenção à Condução,Saída de leito carroçável,Com Vítimas Fatais,Pleno dia,Crescente,Céu Claro,Simples,Não Informado,Não,1,1,0,0,0,0,0,1,-11.335566,-48.95087901,SR-TO,UOP02,DEL01
296159,2020-07-18,sábado,17:30:00,TO,153,721,FIGUEIROPOLIS,Falta de Atenção à Condução,Colisão transversal,Com Vítimas Feridas,Pleno dia,Decrescente,Céu Claro,Simples,Interseção de vias,Sim,2,0,1,1,0,0,2,2,-12.12858166,-49.17194586,SR-TO,UOP02,DEL01
296180,2020-07-18,sábado,20:00:00,TO,153,631.2,ALIANCA DO TOCANTINS,Velocidade Incompatível,Saída de leito carroçável,Com Vítimas Feridas,Plena Noite,Crescente,Céu Claro,Simples,Não Informado,Não,3,0,2,0,1,0,2,1,-11.372286,-48.965219,SR-TO,UOP02,DEL01