id,data_inversa,dia_semana,horario,uf,br,km,municipio,causa_acidente,tipo_acidente,classificacao_acidente,fase_dia,sentido_via,condicao_metereologica,tipo_pista,tracado_via,uso_solo,pessoas,mortos,feridos_leves,feridos_graves,ilesos,ignorados,feridos,veiculos,latitude,longitude,regional,delegacia,uop
296183,2020-07-18,sábado,20:00:00,TO,153,358.3,FORTALEZA DO TABOCAO,Falta de Atenção à Condução,Colisão transversal,Com Vítimas Feridas,Plena Noite,Decrescente,Céu Claro,Simples,Reta,Sim,7,0,2,0,3,2,2,2,-9.04719314,-48.51467777,SR-TO,UOP02,DEL02
296306,2020-07-19,domingo,13:40:00,TO,226,58.6,DARCINOPOLIS,Defeito na Via,Tombamento,Com Vítimas Feridas,Pleno dia,Decrescente,Sol,Simples,Não Informado,Não,2,0,0,1,0,1,1,1,-6.824478,-47.856346,SR-TO,UOP03,DEL02
296343,2020-07-19,domingo,17:45:00,TO,226,45,DARCINOPOLIS,Avarias e/ou desgaste excessivo no pneu,Queda de ocupante de veículo,Com Vítimas Feridas,Pleno dia,Decrescente,Céu Claro,Simples,Desvio Temporário,Não,2,0,2,0,0,0,2,1,-6.750274,-47.783001,SR-TO,UOP03,DEL02
296427,2020-07-19,domingo,18:45:00,TO,153,138,ARAGUAINA,Falta de Atenção à Condução,Colisão traseira,Com Vítimas Feridas,Anoitecer,Decrescente,Céu Claro,Dupla,Não Informado,Não,2,0,0,1,0,1,1,2,-7.15509994,-48.20416232,SR-TO,UOP01,DEL02
296428,2020-07-19,domingo,19:40:00,TO,153,139,ARAGUAINA,Desobediência às normas de trânsito pelo condutor,Colisão frontal,Com Vítimas Feridas,Plena Noite,Decrescente,Céu Claro,Múltipla,Reta,Não,2,0,2,0,0,0,2,2,-7.16325275,-48.20698926,SR-TO,UOP01,DEL02
296648,2020-07-21,terça-feira,07:30:00,TO,153,244,COLINAS DO TOCANTINS,Falta de Atenção à Condução,Tombamento,Com Vítimas Feridas,Amanhecer,Decrescente,Céu Claro,Dupla,Curva,Não,1,0,1,0,0,0,1,1,-8.02983501,-48.46574949,SR-TO,UOP01,DEL02
296824,2020-07-22,quarta-feira,08:20:00,TO,242,461.5,FORMOSO DO ARAGUAIA,Defeito na Via,Colisão frontal,Com Vítimas Feridas,Pleno dia,Decrescente,Céu Claro,Simples,Reta,Não,4,0,0,3,1,0,3,2,-11.80284286,-49.59990998,SR-TO,UOP02,DEL01
296965,2020-07-23,quinta-feira,02:45:00,TO,153,150,ARAGUAINA,Falta de Atenção à Condução,Saída de leito carroçável,Com Vítimas Feridas,Plena Noite,Crescente,Céu Claro,Simples,Reta,Não,1,0,0,1,0,0,1,1,-7.24812605,-48.25533885,SR-TO,UOP01,DEL02
297194,2020-07-24,sexta-feira,11:46:00,TO,153,366.6,FORTALEZA DO TABOCAO,Falta de Atenção à Condução,Capotamento,Sem Vítimas,Pleno dia,Decrescente,Céu Claro,Simples,Reta,Não,1,0,0,0,1,0,0,1,-9.11752593,-48.53156135,SR-TO,UOP02,DEL02
297365,2020-07-25,sábado,10:50:00,TO,242,288.8,PEIXE,Falta de Atenção à Condução,Saída de leito carroçável,Com Vítimas Feridas,Pleno dia,Crescente,Sol,Simples,Reta,Não,4,0,1,0,3,0,1,1,-12.20696232,-48.49224127,SR-TO,UOP02,DEL01
297414,2020-07-25,sábado,16:30:00,TO,242,366.2,GURUPI,Falta de Atenção à Condução,Saída de leito carroçável,Com Vítimas Feridas,Pleno dia,Decrescente,Céu Claro,Simples,Curva,Não,1,0,1,0,0,0,1,1,-11.79909516,-48.97003116,SR-TO,UOP02,DEL01
297511,2020-07-25,sábado,22:50:00,TO,153,789.9,TALISMA,Defeito na Via,Tombamento,Com Vítimas Feridas,Plena Noite,Decrescente,Céu Claro,Simples,Reta,Não,1,0,1,0,0,0,1,1,-12.71914102,-49.07691189,SR-TO,UOP02,DEL01
297743,2020-07-26,domingo,23:30:00,TO,153,498,PARAISO DO TOCANTINS,Ingestão de álcool e/ou substâncias psicoativas pelo pedestre,Colisão com objeto estático,Com Vítimas Feridas,Plena Noite,Decrescente,Céu Claro,Simples,Reta,Sim,1,0,1,0,0,0,1,1,-10.18390502,-48.88017144,SR-TO,UOP01,DEL01
297811,2020-07-27,segunda-feira,08:00:00,TO,153,335,GUARAI,Falta de Atenção à Condução,Colisão frontal,Com Vítimas Feridas,Pleno dia,Crescente,Céu Claro,Simples,Reta,Sim,2,0,0,1,1,0,1,2,-8.84481597,-48.5107318,SR-TO,UOP02,DEL02
297870,2020-07-27,segunda-feira,15:30:00,TO,153,103,WANDERLANDIA,Falta de Atenção à Condução,Tombamento,Com Vítimas Feridas,Pleno dia,Decrescente,Sol,Simples,Desvio Temporário,Não,2,0,1,0,1,0,1,1,-6.9097128,-48.04257411,SR-TO,UOP01,DEL02
297997,2020-07-28,terça-feira,09:30:00,TO,153,115.1,WANDERLANDIA,Falta de Atenção à Condução,Saída de leito carroçável,Com Vítimas Fatais,Pleno dia,Crescente,Céu Claro,Simples,Reta,Não,6,3,2,1,0,0,3,1,-6.99387997,-48.09821957,SR-TO,UOP01,DEL02
298014,2020-07-28,terça-feira,10:30:00,TO,153,736,ALVORADA,Ultrapassagem Indevida,Colisão frontal,Sem Vítimas,Pleno dia,Decrescente,Céu Claro,Simples,Não Informado,Não,3,0,0,0,3,0,0,2,-12.26229402,-49.15950958,SR-TO,UOP02,DEL01
298097,2020-07-28,terça-feira,22:40:00,TO,153,284.4,BRASILANDIA DO TOCANTINS,Desobediência às normas de trânsito pelo condutor,Colisão frontal,Com Vítimas Fatais,Plena Noite,Crescente,Céu Claro,Simples,Reta,Não,2,1,0,0,1,0,0,2,-8.390517,-48.486774,SR-TO,UOP02,DEL02
298119,2020-06-27,sábado,08:30:00,TO,226,70,WANDERLANDIA,Falta de Atenção à Condução,Colisão traseira,Sem Vítimas,Pleno dia,Crescente,Sol,Simples,Reta,Sim,2,0,0,0,2,0,0,2,-6.84718023,-47.96068668,SR-TO,UOP03,DEL02
299117,2020-08-03,segunda-feira,00:35:00,TO,153,709.4,CARIRI DO TOCANTINS,Condutor Dormindo,Colisão frontal,Com Vítimas Feridas,Plena Noite,Crescente,Ignorado,Simples,Não Informado,Não,2,0,0,1,1,0,1,2,-12.03560606,-49.19905186,SR-TO,UOP02,DEL01
299151,2020-08-03,segunda-feira,05:00:00,TO,153,341,GUARAI,Condutor Dormindo,Capotamento,Com Vítimas Feridas,Amanhecer,Decrescente,Céu Claro,Simples,Reta,Não,1,0,1,0,0,0,1,1,-8.89955402,-48.50907659,SR-TO,UOP02,DEL02
299238,2020-08-03,segunda-feira,14:30:00,TO,153,670.9,GURUPI,Falta de Atenção à Condução,Colisão traseira,Com Vítimas Feridas,Pleno dia,Crescente,Céu Claro,Dupla,Interseção de vias,Sim,3,0,2,0,1,0,2,2,-11.70998005,-49.07471975,SR-TO,UOP02,DEL01
299256,2020-08-03,segunda-feira,14:00:00,TO,230,105,ARAGUATINS,Falta de Atenção à Condução,Saída de leito carroçável,Com Vítimas Fatais,Pleno dia,Decrescente,Céu Claro,Simples,Curva,Não,1,1,0,0,0,0,0,1,-5.937008,-47.895922,SR-TO,UOP03,DEL02
299457,2020-08-04,terça-feira,19:02:00,TO,242,309.8,PEIXE,Falta de Atenção à Condução,Colisão lateral,Com Vítimas Feridas,Plena Noite,Crescente,Céu Claro,Simples,Interseção de vias,Sim,2,0,0,1,1,0,1,2,-12.04521455,-48.54398047,SR-TO,UOP02,DEL01
299461,2020-08-04,terça-feira,19:15:00,TO,153,667,GURUPI,Objeto estático sobre o leito carroçável,Colisão com objeto estático,Com Vítimas Feridas,Plena Noite,Crescente,Céu Claro,Simples,Reta,Não,1,0,0,1,0,0,1,1,-11.68331612,-49.06799163,SR-TO,UOP02,DEL01
299546,2020-08-05,quarta-feira,06:30:00,TO,153,179,ARAGUAINA,Condutor Dormindo,Saída de leito carroçável,Com Vítimas Feridas,Pleno dia,Decrescente,Céu Claro,Simples,Reta,Não,4,0,1,0,3,0,1,1,-7.47187996,-48.37575813,SR-TO,UOP01,DEL02
299620,2020-08-05,quarta-feira,17:00:00,TO,153,628.8,ALIANCA DO TOCANTINS,Não guardar distância de segurança,Colisão traseira,Com Vítimas Feridas,Pleno dia,Decrescente,Céu Claro,Simples,Não Informado,Não,2,0,1,0,1,0,1,2,-11.34411498,-48.95423704,SR-TO,UOP02,DEL01
299684,2020-08-05,quarta-feira,18:30:00,TO,153,224.8,COLINAS DO TOCANTINS,Defeito Mecânico no Veículo,Incêndio,Sem Vítimas,Anoitecer,Crescente,Céu Claro,Simples,Reta,Não,1,0,0,0,1,0,0,1,-7.85380503,-48.45844043,SR-TO,UOP01,DEL02
299929,2020-08-07,sexta-feira,11:55:00,TO,153,138.9,ARAGUAINA,Ingestão de Álcool,Queda de ocupante de veículo,Com Vítimas Feridas,Pleno dia,Decrescente,Céu Claro,Dupla,Reta,Sim,1,0,1,0,0,0,1,1,-7.15509994,-48.20416232,SR-TO,UOP01,DEL02
299946,2020-08-07,sexta-feira,12:40:00,TO,153,255,COLINAS DO TOCANTINS,Falta de Atenção à Condução,Saída de leito carroçável,Com Vítimas Feridas,Pleno dia,Crescente,Céu Claro,Simples,Reta,Não,2,0,1,0,0,1,1,1,-8.12603295,-48.47137172,SR-TO,UOP02,DEL02
300038,2020-08-07,sexta-feira,19:45:00,TO,153,496,PARAISO DO TOCANTINS,Desobediência às normas de trânsito pelo condutor,Colisão transversal,Com Vítimas Feridas,Plena Noite,Crescente,Céu Claro,Simples,Interseção de vias,Sim,3,0,0,1,1,1,1,2,-10.18162017,-48.87994073,SR-TO,UOP01,DEL01
300117,2020-08-08,sábado,05:35:00,TO,153,139.6,ARAGUAINA,Condutor Dormindo,Saída de leito carroçável,Com Vítimas Feridas,Amanhecer,Crescente,Céu Claro,Dupla,Reta,Sim,1,0,1,0,0,0,1,1,-7.16325275,-48.20698926,SR-TO,UOP01,DEL02
300123,2020-08-08,sábado,06:40:00,TO,153,666,GURUPI,Falta de Atenção à Condução,Saída de leito carroçável,Com Vítimas Feridas,Pleno dia,Crescente,Céu Claro,Simples,Reta,Não,1,0,1,0,0,0,1,1,-11.67462897,-49.06502708,SR-TO,UOP02,DEL01
300177,2020-08-08,sábado,11:00:00,TO,226,56,DARCINOPOLIS,Defeito na Via,Tombamento,Com Vítimas Feridas,Pleno dia,Decrescente,Céu Claro,Simples,Reta,Não,1,0,1,0,0,0,1,1,-6.822941,-47.83815,SR-TO,UOP03,DEL02
300196,2020-08-08,sábado,14:10:00,TO,226,7.5,PALMEIRAS DO TOCANTINS,Falta de Atenção à Condução,Colisão traseira,Com Vítimas Feridas,Pleno dia,Crescente,Céu Claro,Simples,Reta,Não,3,0,2,0,1,0,2,2,-6.580091,-47.516098,SR-TO,UOP03,DEL02
300211,2020-08-08,sábado,13:10:00,TO,153,147,ARAGUAINA,Velocidade Incompatível,Saída de leito carroçável,Com Vítimas Feridas,Pleno dia,Decrescente,Sol,Dupla,Reta,Sim,2,0,1,0,1,0,1,1,-7.22175693,-48.24826214,SR-TO,UOP01,DEL02
300338,2020-08-09,domingo,01:00:00,TO,153,356,FORTALEZA DO TABOCAO,Não guardar distância de segurança,Colisão traseira,Com Vítimas Feridas,Plena Noite,Decrescente,Ignorado,Simples,Reta,Sim,2,0,0,1,1,0,1,2,-9.03156989,-48.5054722,SR-TO,UOP02,DEL02
300579,2020-08-09,domingo,21:00:00,TO,226,41,DARCINOPOLIS,Ultrapassagem Indevida,Saída de leito carroçável,Sem Vítimas,Plena Noite,Crescente,Céu Claro,Simples,Reta,Não,1,0,0,0,1,0,0,1,-6.721014,-47.762722,SR-TO,UOP03,DEL02
300922,2020-08-11,terça-feira,08:25:00,TO,226,12,PALMEIRAS DO TOCANTINS,Defeito na Via,Tombamento,Sem Vítimas,Pleno dia,Crescente,Céu Claro,Simples,Reta,Não,1,0,0,0,1,0,0,1,-6.614072,-47.545609,SR-TO,UOP03,DEL02
300924,2020-08-11,terça-feira,21:20:00,TO,226,50,DARCINOPOLIS,Condutor Dormindo,Capotamento,Com Vítimas Feridas,Plena Noite,Decrescente,Céu Claro,Simples,Reta,Não,1,0,1,0,0,0,1,1,-6.791375,-47.802624,SR-TO,UOP03,DEL02
300986,2020-08-12,quarta-feira,09:15:00,TO,153,634.8,ALIANCA DO TOCANTINS,Defeito Mecânico no Veículo,Incêndio,Sem Vítimas,Pleno dia,Crescente,Céu Claro,Simples,Reta,Não,1,0,0,0,1,0,0,1,-11.39541211,-48.97433972,SR-TO,UOP02,DEL01
301210,2020-08-13,quinta-feira,12:22:00,TO,153,333,GUARAI,Desobediência às normas de trânsito pelo condutor,Colisão transversal,Com Vítimas Feridas,Pleno dia,Decrescente,Céu Claro,Dupla,Interseção de vias,Sim,2,0,1,0,1,0,1,2,-8.826486,-48.51216,SR-TO,UOP02,DEL02
301324,2020-08-14,sexta-feira,03:30:00,TO,153,689.3,CARIRI DO TOCANTINS,Desobediência às normas de trânsito pelo condutor,Colisão frontal,Com Vítimas Feridas,Plena Noite,Crescente,Céu Claro,Simples,Reta,Não,2,0,0,1,1,0,1,2,-11.86294093,-49.15274014,SR-TO,UOP02,DEL01
301436,2020-08-14,sexta-feira,16:45:00,TO,153,691.2,CARIRI DO TOCANTINS,Falta de Atenção à Condução,Colisão transversal,Com Vítimas Feridas,Pleno dia,Decrescente,Céu Claro,Simples,Reta,Não,2,0,0,1,1,0,1,2,-11.88074797,-49.16115761,SR-TO,UOP02,DEL01
301549,2020-08-15,sábado,04:47:00,TO,153,140,ARAGUAINA,Condutor Dormindo,Queda de ocupante de veículo,Com Vítimas Feridas,Amanhecer,Decrescente,Céu Claro,Múltipla,Rotatória,Sim,1,0,1,0,0,0,1,1,-7.169616,-48.21328,SR-TO,UOP01,DEL02
301607,2020-08-15,sábado,09:10:00,TO,242,449,FORMOSO DO ARAGUAIA,Falta de Atenção à Condução,Queda de ocupante de veículo,Com Vítimas Feridas,Pleno dia,Decrescente,Céu Claro,Dupla,Curva,Não,1,0,0,1,0,0,1,1,-11.81921686,-49.49890137,SR-TO,UOP02,DEL01
301651,2020-08-15,sábado,12:30:00,TO,242,419.8,FORMOSO DO ARAGUAIA,Defeito Mecânico no Veículo,Saída de leito carroçável,Com Vítimas Feridas,Pleno dia,Crescente,Céu Claro,Simples,Desvio Temporário,Não,3,0,2,1,0,0,3,1,-11.9375034,-49.27069611,SR-TO,UOP02,DEL01
301869,2020-08-16,domingo,14:10:00,TO,153,350,GUARAI,Falta de Atenção à Condução,Saída de leito carroçável,Com Vítimas Feridas,Pleno dia,Crescente,Céu Claro,Simples,Reta,Não,1,0,1,0,0,0,1,1,-8.97819298,-48.49764907,SR-TO,UOP02,DEL02
301952,2020-08-16,domingo,17:25:00,TO,242,320.5,PEIXE,Falta de Atenção à Condução,Saída de leito carroçável,Sem Vítimas,Pleno dia,Decrescente,Céu Claro,Simples,Reta,Não,1,0,0,0,0,1,0,1,-11.9945157,-48.62646989,SR-TO,UOP02,DEL01
302034,2020-08-17,segunda-feira,05:00:00,TO,153,206,NOVA OLINDA,Condutor Dormindo,Tombamento,Com Vítimas Feridas,Pleno dia,Crescente,Céu Claro,Simples,Reta,Não,1,0,1,0,0,0,1,1,-7.70063098,-48.43672107,SR-TO,UOP01,DEL02
302047,2020-08-17,segunda-feira,11:10:00,TO,226,1,AGUIARNOPOLIS,Ingestão de Álcool,Colisão lateral,Sem Vítimas,Pleno dia,Decrescente,Céu Claro,Simples,Desvio Temporário,Não,3,0,0,0,3,0,0,3,-6.56129421,-47.46479988,SR-TO,UOP03,DEL02
302259,2020-08-18,terça-feira,14:30:00,TO,153,131,ARAGUAINA,Desobediência às normas de trânsito pelo condutor,Colisão frontal,Com Vítimas Feridas,Pleno dia,Decrescente,Sol,Múltipla,Interseção de vias,Sim,2,0,1,0,1,0,1,2,-7.10025201,-48.17644299,SR-TO,UOP01,DEL02
302388,2020-08-19,quarta-feira,16:00:00,TO,153,390,RIO DOS BOIS,Não guardar distância de segurança,Colisão lateral,Sem Vítimas,Pleno dia,Crescente,Céu Claro,Simples,Reta,Não,2,0,0,0,2,0,0,2,-9.32914419,-48.53833141,SR-TO,UOP02,DEL02
302471,2020-08-20,quinta-feira,07:15:00,TO,153,342,GUARAI,Condutor Dormindo,Colisão frontal,Com Vítimas Feridas,Pleno dia,Decrescente,Céu Claro,Simples,Reta,Não,3,0,1,0,2,0,1,2,-8.90868999,-48.5092584,SR-TO,UOP02,DEL02
302483,2020-08-20,quinta-feira,09:15:00,TO,153,460,BARROLANDIA,Desobediência às normas de trânsito pelo condutor,Colisão lateral,Com Vítimas Feridas,Pleno dia,Crescente,Céu Claro,Simples,Reta,Não,3,0,0,2,1,0,2,2,-9.92510091,-48.73333454,SR-TO,UOP01,DEL01
302498,2020-08-20,quinta-feira,08:20:00,TO,153,483.3,PARAISO DO TOCANTINS,Defeito Mecânico no Veículo,Saída de leito carroçável,Sem Vítimas,Pleno dia,Crescente,Céu Claro,Simples,Curva,Não,1,0,0,0,1,0,0,1,-10.07093792,-48.85200006,SR-TO,UOP01,DEL01
302642,2020-08-21,sexta-feira,07:00:00,TO,153,140.1,ARAGUAINA,Não guardar distância de segurança,Colisão traseira,Com Vítimas Feridas,Pleno dia,Crescente,Céu Claro,Dupla,Reta,Sim,2,0,1,1,0,0,2,2,-7.169616,-48.21328,SR-TO,UOP01,DEL02
302798,2020-08-21,sexta-feira,19:40:00,TO,153,95,WANDERLANDIA,Falta de Atenção à Condução,Colisão traseira,Com Vítimas Fatais,Plena Noite,Crescente,Céu Claro,Simples,Não Informado,Não,2,1,0,0,0,1,0,2,-6.86965199,-47.98373802,SR-TO,UOP01,DEL02
302831,2020-08-21,sexta-feira,23:04:00,TO,153,413,MIRANORTE,Velocidade Incompatível,Colisão com objeto estático,Com Vítimas Feridas,Plena Noite,Crescente,Céu Claro,Dupla,Curva,Sim,1,0,0,1,0,0,1,1,-9.52377802,-48.59230394,SR-TO,UOP01,DEL01
302868,2020-08-22,sábado,02:30:00,TO,242,345,PEIXE,Falta de Atenção à Condução,Saída de leito carroçável,Com Vítimas Fatais,Plena Noite,Crescente,Céu Claro,Simples,Curva,Não,2,1,0,1,0,0,1,1,-11.88545326,-48.81254702,SR-TO,UOP02,DEL01
303113,2020-08-23,domingo,07:20:00,TO,153,141,ARAGUAINA,Ingestão de Álcool,Saída de leito carroçável,Com Vítimas Feridas,Pleno dia,Crescente,Céu Claro,Dupla,Reta,Sim,2,0,2,0,0,0,2,1,-7.175959,-48.219548,SR-TO,UOP01,DEL02
303131,2020-08-23,domingo,10:50:00,TO,153,480.9,PARAISO DO TOCANTINS,Falta de Atenção à Condução,Saída de leito carroçável,Sem Vítimas,Pleno dia,Decrescente,Céu Claro,Simples,Reta,Não,1,0,0,0,0,1,0,1,-10.05801605,-48.82806898,SR-TO,UOP01,DEL01
303174,2020-08-23,domingo,17:00:00,TO,153,297.5,PRESIDENTE KENNEDY,Falta de Atenção à Condução,Tombamento,Com Vítimas Feridas,Pleno dia,Decrescente,Céu Claro,Simples,Não Informado,Não,1,0,1,0,0,0,1,1,-8.50685805,-48.48795923,SR-TO,UOP02,DEL02
303243,2020-08-23,domingo,20:40:00,TO,153,502.6,PARAISO DO TOCANTINS,Velocidade Incompatível,Saída de leito carroçável,Sem Vítimas,Plena Noite,Decrescente,Céu Claro,Simples,Não Informado,Não,1,0,0,0,0,1,0,1,-10.21850698,-48.87509017,SR-TO,UOP01,DEL01
303495,2020-08-25,terça-feira,05:45:00,TO,153,135,ARAGUAINA,Desobediência às normas de trânsito pelo condutor,Colisão frontal,Sem Vítimas,Amanhecer,Crescente,Nevoeiro/Neblina,Simples,Curva,Sim,2,0,0,0,1,1,0,2,-7.12896688,-48.19843215,SR-TO,UOP01,DEL02
303545,2020-08-25,terça-feira,10:20:00,TO,226,40,DARCINOPOLIS,Falta de Atenção à Condução,Colisão lateral,Com Vítimas Feridas,Pleno dia,Crescente,Sol,Simples,Reta,Sim,2,0,1,0,1,0,1,2,-6.71108346,-47.75684416,SR-TO,UOP03,DEL02
303608,2020-07-21,terça-feira,06:36:00,TO,153,569,SANTA RITA DO TOCANTINS,Falta de Atenção à Condução,Colisão transversal,Com Vítimas Feridas,Amanhecer,Decrescente,Ignorado,Simples,Reta,Não,2,0,1,1,0,0,2,2,-10.819616,-48.903416,SR-TO,UOP01,DEL01
303711,2020-08-26,quarta-feira,09:55:00,TO,226,18,PALMEIRAS DO TOCANTINS,Não guardar distância de segurança,Saída de leito carroçável,Com Vítimas Feridas,Pleno dia,Crescente,Céu Claro,Simples,Reta,Não,2,0,2,0,0,0,2,1,-6.628137,-47.596737,SR-TO,UOP03,DEL02
303942,2020-08-27,quinta-feira,16:40:00,TO,153,500.2,PARAISO DO TOCANTINS,Ultrapassagem Indevida,Colisão frontal,Com Vítimas Fatais,Pleno dia,Crescente,Céu Claro,Simples,Não Informado,Sim,7,4,1,1,0,1,2,2,-10.20216706,-48.87371063,SR-TO,UOP01,DEL01
304006,2020-08-28,sexta-feira,03:30:00,TO,153,147,ARAGUAINA,Ingestão de Álcool,Colisão lateral,Com Vítimas Feridas,Plena Noite,Decrescente,Céu Claro,Dupla,Reta,Sim,3,0,1,2,0,0,3,3,-7.22175693,-48.24826214,SR-TO,UOP01,DEL02
304181,2020-08-28,sexta-feira,20:12:00,TO,153,439,MIRACEMA DO TOCANTINS,Deficiência ou não Acionamento do Sistema de Iluminação/Sinalização do Veículo,Colisão traseira,Sem Vítimas,Plena Noite,Crescente,Céu Claro,Simples,Não Informado,Não,3,0,0,0,3,0,0,3,-9.73165307,-48.69330085,SR-TO,UOP01,DEL01
304320,2020-08-29,sábado,12:30:00,TO,153,682.7,CARIRI DO TOCANTINS,Ultrapassagem Indevida,Colisão frontal,Com Vítimas Fatais,Pleno dia,Decrescente,Sol,Simples,Reta,Não,8,1,3,0,4,0,3,3,-11.80580397,-49.12547006,SR-TO,UOP02,DEL01
304321,2020-08-29,sábado,13:13:00,TO,153,332,GUARAI,Desobediência às normas de trânsito pelo condutor,Colisão transversal,Com Vítimas Feridas,Pleno dia,Crescente,Céu Claro,Simples,Reta,Sim,2,0,1,0,1,0,1,2,-8.81739,-48.512207,SR-TO,UOP02,DEL02
304495,2020-08-30,domingo,01:30:00,TO,153,720.7,FIGUEIROPOLIS,Velocidade Incompatível,Colisão traseira,Com Vítimas Feridas,Plena Noite,Decrescente,Céu Claro,Simples,Reta,Sim,2,0,0,1,1,0,1,2,-12.12459289,-49.17377472,SR-TO,UOP02,DEL01
305064,2020-09-01,terça-feira,17:48:00,TO,153,299,PRESIDENTE KENNEDY,Fenômenos da Natureza,Incêndio,Sem Vítimas,Anoitecer,Crescente,Céu Claro,Simples,Reta,Não,3,0,0,0,3,0,0,1,-8.52492046,-48.48409076,SR-TO,UOP02,DEL02
305066,2020-09-01,terça-feira,19:10:00,TO,153,690.9,CARIRI DO TOCANTINS,Falta de Atenção do Pedestre,Atropelamento de Pedestre,Com Vítimas Fatais,Plena Noite,Crescente,Céu Claro,Simples,Reta,Não,2,1,0,0,1,0,0,1,-11.878107,-49.16012,SR-TO,UOP02,DEL01
305103,2020-09-01,terça-feira,16:20:00,TO,153,637.4,ALIANCA DO TOCANTINS,Ultrapassagem Indevida,Tombamento,Sem Vítimas,Pleno dia,Decrescente,Céu Claro,Simples,Reta,Não,1,0,0,0,1,0,0,1,-11.42155508,-48.98263275,SR-TO,UOP02,DEL01
305236,2020-09-02,quarta-feira,19:15:00,TO,153,658,GURUPI,Não guardar distância de segurança,Colisão traseira,Com Vítimas Feridas,Plena Noite,Crescente,Céu Claro,Simples,Não Informado,Não,4,0,1,0,3,0,1,2,-11.60496792,-49.04177624,SR-TO,UOP02,DEL01
305494,2020-09-04,sexta-feira,03:00:00,TO,153,160.4,ARAGUAINA,Defeito Mecânico no Veículo,Incêndio,Sem Vítimas,Plena Noite,Crescente,Céu Claro,Simples,Reta,Não,2,0,0,0,1,1,0,1,-7.32115694,-48.3055211,SR-TO,UOP01,DEL02
305627,2020-09-04,sexta-feira,15:50:00,TO,235,204.2,GUARAI,Falta de Atenção à Condução,Queda de ocupante de veículo,Com Vítimas Feridas,Pleno dia,Crescente,Céu Claro,Simples,Interseção de vias,Não,2,0,0,1,0,1,1,1,-8.95070154,-48.49930644,SR-TO,UOP02,DEL02
305768,2020-09-05,sábado,02:40:00,TO,153,699,CARIRI DO TOCANTINS,Sinalização da via insuficiente ou inadequada,Capotamento,Com Vítimas Feridas,Plena Noite,Crescente,Céu Claro,Simples,Não Informado,Não,1,0,0,1,0,0,1,1,-11.94457896,-49.19167908,SR-TO,UOP02,DEL01
305953,2020-09-05,sábado,17:25:00,TO,153,208,COLINAS DO TOCANTINS,Ingestão de Álcool,Capotamento,Com Vítimas Feridas,Anoitecer,Decrescente,Céu Claro,Simples,Reta,Não,2,0,0,1,1,0,1,1,-7.998799,-48.464801,SR-TO,UOP01,DEL02
306007,2020-09-05,sábado,21:45:00,TO,153,152,ARAGUAINA,Desobediência às normas de trânsito pelo condutor,Colisão frontal,Com Vítimas Feridas,Plena Noite,Crescente,Céu Claro,Simples,Reta,Não,2,0,0,1,1,0,1,2,-7.264632,-48.262614,SR-TO,UOP01,DEL02
306096,2020-09-06,domingo,06:15:00,TO,153,646.9,DUERE,Agressão Externa,Saída de leito carroçável,Com Vítimas Feridas,Amanhecer,Crescente,Céu Claro,Simples,Desvio Temporário,Não,2,0,1,1,0,0,2,1,-11.50048609,-49.00682672,SR-TO,UOP02,DEL01
306172,2020-09-06,domingo,09:00:00,TO,153,454,BARROLANDIA,Agressão Externa,Saída de leito carroçável,Com Vítimas Feridas,Pleno dia,Decrescente,Céu Claro,Simples,Reta,Não,2,0,2,0,0,0,2,1,-9.869011,-48.72438,SR-TO,UOP01,DEL01
306445,2020-09-07,segunda-feira,18:30:00,TO,153,495,PARAISO DO TOCANTINS,Falta de Atenção à Condução,Queda de ocupante de veículo,Com Vítimas Feridas,Anoitecer,Crescente,Céu Claro,Simples,Reta,Sim,1,0,0,1,0,0,1,1,-10.18071581,-48.88062185,SR-TO,UOP01,DEL01
306481,2020-09-07,segunda-feira,19:10:00,TO,153,248,COLINAS DO TOCANTINS,Falta de Atenção à Condução,Colisão traseira,Com Vítimas Feridas,Plena Noite,Decrescente,Ignorado,Múltipla,Reta,Sim,4,0,3,0,0,1,3,2,-8.06220097,-48.46672098,SR-TO,UOP02,DEL02
306550,2020-09-08,terça-feira,03:00:00,TO,153,657,GURUPI,Falta de Atenção à Condução,Capotamento,Com Vítimas Feridas,Plena Noite,Crescente,Céu Claro,Simples,Reta,Não,3,0,1,0,2,0,1,1,-11.59625794,-49.0388742,SR-TO,UOP02,DEL01
306607,2020-09-08,terça-feira,09:30:00,TO,153,567,FATIMA,Não guardar distância de segurança,Colisão lateral,Com Vítimas Feridas,Pleno dia,Decrescente,Céu Claro,Simples,Desvio Temporário,Não,5,0,2,0,3,0,2,3,-10.80173602,-48.90256966,SR-TO,UOP01,DEL01
306805,2020-09-09,quarta-feira,11:53:00,TO,153,116,WANDERLANDIA,Falta de Atenção à Condução,Colisão lateral,Com Vítimas Fatais,Pleno dia,Decrescente,Céu Claro,Simples,Reta,Não,2,1,0,0,1,0,0,2,-7.00287492,-48.09810744,SR-TO,UOP01,DEL02
306865,2020-09-09,quarta-feira,17:30:00,TO,153,138,ARAGUAINA,Falta de Atenção à Condução,Colisão transversal,Com Vítimas Feridas,Pleno dia,Decrescente,Céu Claro,Dupla,Rotatória,Sim,2,0,1,0,1,0,1,2,-7.15509994,-48.20416232,SR-TO,UOP01,DEL02
306957,2020-09-10,quinta-feira,06:40:00,TO,153,313,GUARAI,Falta de Atenção à Condução,Colisão frontal,Com Vítimas Feridas,Amanhecer,Decrescente,Céu Claro,Simples,Reta,Não,2,0,0,1,1,0,1,2,-8.72787403,-48.50709564,SR-TO,UOP02,DEL02