id,data_inversa,dia_semana,horario,uf,br,km,municipio,causa_acidente,tipo_acidente,classificacao_acidente,fase_dia,sentido_via,condicao_metereologica,tipo_pista,tracado_via,uso_solo,pessoas,mortos,feridos_leves,feridos_graves,ilesos,ignorados,feridos,veiculos,latitude,longitude,regional,delegacia,uop
307004,2020-09-10,quinta-feira,12:30:00,TO,153,514,PUGMIL,Falta de Atenção à Condução,Colisão frontal,Com Vítimas Feridas,Pleno dia,Decrescente,Céu Claro,Simples,Reta,Não,6,0,1,0,5,0,1,3,-10.32632095,-48.88709041,SR-TO,UOP01,DEL01
307007,2020-09-10,quinta-feira,12:25:00,TO,153,652,DUERE,Velocidade Incompatível,Saída de leito carroçável,Com Vítimas Fatais,Pleno dia,Crescente,Céu Claro,Simples,Reta,Não,3,1,0,2,0,0,2,1,-11.55272414,-49.02431058,SR-TO,UOP02,DEL01
307197,2020-09-11,sexta-feira,14:26:00,TO,226,56.1,DARCINOPOLIS,Defeito na Via,Tombamento,Com Vítimas Feridas,Pleno dia,Decrescente,Céu Claro,Simples,Não Informado,Não,2,0,1,0,0,1,1,1,-6.822941,-47.83815,SR-TO,UOP03,DEL02
307282,2020-09-11,sexta-feira,20:34:00,TO,153,143,ARAGUAINA,Falta de Atenção à Condução,Colisão traseira,Com Vítimas Feridas,Plena Noite,Decrescente,Céu Claro,Múltipla,Reta,Não,2,0,0,1,1,0,1,2,-7.18866332,-48.23207966,SR-TO,UOP01,DEL02
307511,2020-09-12,sábado,14:00:00,TO,153,146,ARAGUAINA,Ingestão de Álcool,Colisão transversal,Com Vítimas Feridas,Pleno dia,Decrescente,Céu Claro,Dupla,Interseção de vias,Sim,2,0,0,1,0,1,1,2,-7.21337786,-48.24431331,SR-TO,UOP01,DEL02
307938,2020-09-14,segunda-feira,12:45:00,TO,153,527,PUGMIL,Agressão Externa,Saída de leito carroçável,Com Vítimas Feridas,Pleno dia,Crescente,Céu Claro,Simples,Desvio Temporário,Não,1,0,1,0,0,0,1,1,-10.44385303,-48.90019374,SR-TO,UOP01,DEL01
307943,2020-09-14,segunda-feira,18:35:00,TO,153,671,GURUPI,Velocidade Incompatível,Colisão traseira,Com Vítimas Feridas,Plena Noite,Decrescente,Céu Claro,Dupla,Reta,Sim,4,0,1,0,3,0,1,2,-11.72075725,-49.07713594,SR-TO,UOP02,DEL01
307949,2020-09-14,segunda-feira,18:52:00,TO,153,414.7,MIRANORTE,Desobediência às normas de trânsito pelo condutor,Colisão transversal,Com Vítimas Feridas,Anoitecer,Crescente,Céu Claro,Dupla,Reta,Sim,3,0,2,0,1,0,2,2,-9.532369,-48.593407,SR-TO,UOP01,DEL01
308088,2020-09-15,terça-feira,14:30:00,TO,153,286.2,BRASILANDIA DO TOCANTINS,Falta de Atenção à Condução,Tombamento,Com Vítimas Feridas,Pleno dia,Decrescente,Céu Claro,Simples,Reta,Não,1,0,0,1,0,0,1,1,-8.408151,-48.48290802,SR-TO,UOP02,DEL02
308205,2020-09-16,quarta-feira,01:50:00,TO,153,435.4,MIRACEMA DO TOCANTINS,Falta de Atenção à Condução,Tombamento,Com Vítimas Feridas,Plena Noite,Decrescente,Céu Claro,Simples,Não Informado,Não,2,0,2,0,0,0,2,1,-9.70126424,-48.67363565,SR-TO,UOP01,DEL01
308264,2020-09-16,quarta-feira,13:10:00,TO,153,733,ALVORADA,Defeito Mecânico no Veículo,Incêndio,Sem Vítimas,Pleno dia,Crescente,Céu Claro,Simples,Reta,Não,1,0,0,0,1,0,0,1,-12.23506398,-49.15809246,SR-TO,UOP02,DEL01
308284,2020-09-16,quarta-feira,15:15:00,TO,153,387,RIO DOS BOIS,Defeito na Via,Capotamento,Com Vítimas Feridas,Pleno dia,Decrescente,Sol,Simples,Reta,Não,1,0,0,1,0,0,1,1,-9.30444,-48.549826,SR-TO,UOP02,DEL02
308447,2020-09-17,quinta-feira,13:10:00,TO,153,493,PARAISO DO TOCANTINS,Falta de Atenção à Condução,Colisão lateral,Com Vítimas Fatais,Pleno dia,Crescente,Céu Claro,Simples,Reta,Não,2,1,0,0,1,0,0,2,-10.15013934,-48.88466417,SR-TO,UOP01,DEL01
308897,2020-09-19,sábado,16:00:00,TO,153,326.5,GUARAI,Falta de Atenção à Condução,Queda de ocupante de veículo,Com Vítimas Feridas,Pleno dia,Decrescente,Sol,Simples,Desvio Temporário,Não,2,0,0,1,0,1,1,1,-8.76364504,-48.51007553,SR-TO,UOP02,DEL02
308915,2020-09-19,sábado,18:00:00,TO,153,150.6,ARAGUAINA,Falta de Atenção à Condução,Colisão frontal,Com Vítimas Fatais,Anoitecer,Crescente,Céu Claro,Simples,Reta,Não,6,2,0,1,3,0,1,2,-7.24812605,-48.25533885,SR-TO,UOP01,DEL02
309043,2020-09-20,domingo,06:00:00,TO,153,144,ARAGUAINA,Ingestão de Álcool,Colisão com objeto estático,Sem Vítimas,Amanhecer,Decrescente,Céu Claro,Dupla,Reta,Sim,1,0,0,0,1,0,0,1,-7.19662811,-48.23636977,SR-TO,UOP01,DEL02
309243,2020-09-20,domingo,13:00:00,TO,153,116,WANDERLANDIA,Carga excessiva e/ou mal acondicionada,Tombamento,Com Vítimas Feridas,Pleno dia,Crescente,Sol,Simples,Reta,Não,2,0,1,0,1,0,1,1,-7.00287492,-48.09810744,SR-TO,UOP01,DEL02
309460,2020-09-21,segunda-feira,19:00:00,TO,230,135,ARAGUATINS,Falta de Atenção à Condução,Colisão traseira,Com Vítimas Feridas,Anoitecer,Decrescente,Céu Claro,Simples,Não Informado,Não,2,0,1,0,0,1,1,2,-5.74531363,-48.0728968,SR-TO,UOP03,DEL02
309463,2020-09-21,segunda-feira,21:00:00,TO,153,296,PRESIDENTE KENNEDY,Animais na Pista,Saída de leito carroçável,Com Vítimas Feridas,Plena Noite,Decrescente,Céu Claro,Simples,Não Informado,Não,3,0,3,0,0,0,3,1,-8.49782597,-48.48989388,SR-TO,UOP02,DEL02
309538,2020-09-06,domingo,10:00:00,TO,153,597,SANTA RITA DO TOCANTINS,Não guardar distância de segurança,Colisão traseira,Com Vítimas Fatais,Pleno dia,Decrescente,Sol,Simples,Não Informado,Não,4,1,0,0,3,0,0,3,-11.06936103,-48.91529583,SR-TO,UOP01,DEL01
309769,2020-09-23,quarta-feira,12:38:00,TO,153,410.7,MIRANORTE,Carga excessiva e/ou mal acondicionada,Tombamento,Com Vítimas Feridas,Pleno dia,Decrescente,Nublado,Dupla,Reta,Não,2,0,2,0,0,0,2,1,-9.50819603,-48.5880661,SR-TO,UOP02,DEL02
309976,2020-09-24,quinta-feira,15:30:00,TO,153,239.1,COLINAS DO TOCANTINS,Não guardar distância de segurança,Saída de leito carroçável,Com Vítimas Feridas,Pleno dia,Crescente,Céu Claro,Simples,Reta,Não,2,0,2,0,0,0,2,1,-7.985293,-48.46441514,SR-TO,UOP01,DEL02
310243,2020-09-25,sexta-feira,21:00:00,TO,153,690.2,CARIRI DO TOCANTINS,Ingestão de Álcool,Colisão lateral,Sem Vítimas,Plena Noite,Crescente,Céu Claro,Simples,Reta,Não,2,0,0,0,2,0,0,2,-11.87110699,-49.15663002,SR-TO,UOP02,DEL01
310250,2020-09-25,sexta-feira,20:06:00,TO,226,1.7,AGUIARNOPOLIS,Desobediência às normas de trânsito pelo condutor,Colisão transversal,Sem Vítimas,Plena Noite,Crescente,Céu Claro,Simples,Retorno Regulamentado,Sim,3,0,0,0,1,2,0,2,-6.561846,-47.467415,SR-TO,UOP03,DEL02
310297,2020-09-26,sábado,00:30:00,TO,153,755,ALVORADA,Falta de Atenção do Pedestre,Atropelamento de Pedestre,Com Vítimas Feridas,Plena Noite,Crescente,Céu Claro,Simples,Reta,Não,2,0,0,1,0,1,1,1,-12.45199835,-49.12021637,SR-TO,UOP02,DEL01
310312,2020-09-26,sábado,05:45:00,TO,153,152,ARAGUAINA,Desobediência às normas de trânsito pelo condutor,Colisão lateral,Com Vítimas Feridas,Amanhecer,Crescente,Céu Claro,Simples,Reta,Não,2,0,1,0,1,0,1,2,-7.264632,-48.262614,SR-TO,UOP01,DEL02
310475,2020-09-22,terça-feira,19:30:00,TO,153,495,PARAISO DO TOCANTINS,Falta de Atenção à Condução,Colisão transversal,Com Vítimas Feridas,Plena Noite,Crescente,Céu Claro,Simples,Reta,Sim,5,0,1,0,4,0,1,2,-10.16039618,-48.88154257,SR-TO,UOP01,DEL01
310560,2020-09-27,domingo,05:00:00,TO,153,404,MIRANORTE,Ingestão de Álcool,Colisão frontal,Com Vítimas Feridas,Amanhecer,Crescente,Céu Claro,Simples,Desvio Temporário,Não,4,0,1,0,3,0,1,2,-9.44553597,-48.57652218,SR-TO,UOP02,DEL02
310563,2020-09-27,domingo,07:40:00,TO,153,141,ARAGUAINA,Não guardar distância de segurança,Colisão traseira,Com Vítimas Feridas,Pleno dia,Crescente,Sol,Dupla,Reta,Sim,2,0,1,0,1,0,1,2,-7.175959,-48.219548,SR-TO,UOP01,DEL02
310664,2020-09-27,domingo,17:45:00,TO,153,219.6,NOVA OLINDA,Ingestão de Álcool,Colisão lateral,Com Vítimas Feridas,Anoitecer,Crescente,Céu Claro,Simples,Curva,Não,6,0,1,0,5,0,1,2,-7.81973476,-48.45248795,SR-TO,UOP01,DEL02
310716,2020-09-27,domingo,15:33:00,TO,153,487,PARAISO DO TOCANTINS,Defeito Mecânico no Veículo,Incêndio,Sem Vítimas,Pleno dia,Decrescente,Céu Claro,Simples,Reta,Não,1,0,0,0,1,0,0,1,-10.10155485,-48.8699883,SR-TO,UOP01,DEL01
310811,2020-09-28,segunda-feira,06:48:00,TO,153,501.2,PARAISO DO TOCANTINS,Falta de Atenção à Condução,Tombamento,Com Vítimas Feridas,Pleno dia,Decrescente,Céu Claro,Simples,Não Informado,Não,1,0,1,0,0,0,1,1,-10.2204973,-48.87542725,SR-TO,UOP01,DEL01
310847,2020-09-28,segunda-feira,09:30:00,TO,153,393.9,RIO DOS BOIS,Condutor Dormindo,Colisão traseira,Com Vítimas Feridas,Pleno dia,Crescente,Céu Claro,Simples,Reta,Não,2,0,1,0,1,0,1,1,-9.35274923,-48.5436847,SR-TO,UOP02,DEL02
310942,2020-09-28,segunda-feira,19:16:00,TO,153,109,WANDERLANDIA,Avarias e/ou desgaste excessivo no pneu,Queda de ocupante de veículo,Com Vítimas Feridas,Plena Noite,Decrescente,Céu Claro,Simples,Reta,Não,2,0,0,2,0,0,2,1,-6.94510854,-48.0833775,SR-TO,UOP01,DEL02
310977,2020-09-29,terça-feira,00:40:00,TO,153,679.4,CARIRI DO TOCANTINS,Falta de Atenção à Condução,Colisão lateral,Com Vítimas Feridas,Plena Noite,Crescente,Céu Claro,Simples,Curva,Não,2,0,1,0,1,0,1,2,-11.78176489,-49.11301313,SR-TO,UOP02,DEL01
311048,2020-09-29,terça-feira,13:56:00,TO,153,145,ARAGUAINA,Falta de Atenção à Condução,Tombamento,Com Vítimas Feridas,Pleno dia,Crescente,Céu Claro,Dupla,Rotatória,Sim,1,0,1,0,0,0,1,1,-7.20503614,-48.24035166,SR-TO,UOP01,DEL02
311085,2020-09-29,terça-feira,17:50:00,TO,153,621.5,ALIANCA DO TOCANTINS,Velocidade Incompatível,Colisão lateral,Com Vítimas Feridas,Pleno dia,Decrescente,Céu Claro,Simples,Interseção de vias,Sim,3,0,1,0,2,0,1,2,-11.28283904,-48.93834856,SR-TO,UOP02,DEL01
311269,2020-09-30,quarta-feira,17:15:00,TO,226,52,DARCINOPOLIS,Restrição de Visibilidade,Saída de leito carroçável,Com Vítimas Feridas,Anoitecer,Crescente,Chuva,Simples,Reta,Não,3,0,3,0,0,0,3,1,-6.80883036,-47.8080368,SR-TO,UOP03,DEL02
311377,2020-09-05,sábado,19:00:00,TO,153,127,WANDERLANDIA,Ingestão de Álcool,Colisão lateral,Sem Vítimas,Plena Noite,Decrescente,Céu Claro,Simples,Reta,Não,3,0,0,0,3,0,0,3,-7.0815022,-48.1464369,SR-TO,UOP01,DEL02
311452,2020-10-01,quinta-feira,18:00:00,TO,153,662.8,GURUPI,Desobediência às normas de trânsito pelo condutor,Colisão transversal,Sem Vítimas,Pleno dia,Crescente,Céu Claro,Simples,Interseção de vias,Sim,2,0,0,0,2,0,0,2,-11.647601,-49.056134,SR-TO,UOP02,DEL01
311507,2020-09-07,segunda-feira,20:40:00,TO,153,505,PARAISO DO TOCANTINS,Ingestão de Álcool,Colisão lateral,Com Vítimas Feridas,Plena Noite,Decrescente,Céu Claro,Simples,Reta,Não,2,0,0,1,0,1,1,2,-10.24545798,-48.87809816,SR-TO,UOP01,DEL01
311659,2020-10-02,sexta-feira,17:35:00,TO,153,343,GUARAI,Agressão Externa,Colisão com objeto em movimento,Com Vítimas Feridas,Pleno dia,Decrescente,Céu Claro,Simples,Desvio Temporário,Não,4,0,1,1,2,0,2,1,-8.91782199,-48.50944146,SR-TO,UOP02,DEL02
311826,2020-10-03,sábado,07:40:00,TO,153,636.6,ALIANCA DO TOCANTINS,Defeito na Via,Saída de leito carroçável,Com Vítimas Feridas,Pleno dia,Decrescente,Céu Claro,Simples,Reta,Não,1,0,1,0,0,0,1,1,-11.4130441,-48.97921679,SR-TO,UOP02,DEL01
311895,2020-10-03,sábado,11:49:00,TO,153,112,WANDERLANDIA,Carga excessiva e/ou mal acondicionada,Derramamento de carga,Sem Vítimas,Pleno dia,Decrescente,Céu Claro,Simples,Curva,Não,1,0,0,0,1,0,0,1,-6.96704902,-48.09875697,SR-TO,UOP01,DEL02
312047,2020-10-04,domingo,04:05:00,TO,153,147,ARAGUAINA,Falta de Atenção à Condução,Tombamento,Com Vítimas Feridas,Plena Noite,Decrescente,Céu Claro,Dupla,Reta,Sim,1,0,1,0,0,0,1,1,-7.21337786,-48.24431331,SR-TO,UOP01,DEL02
312291,2020-10-05,segunda-feira,05:15:00,TO,153,353,FORTALEZA DO TABOCAO,Condutor Dormindo,Capotamento,Com Vítimas Feridas,Amanhecer,Decrescente,Céu Claro,Simples,Reta,Não,2,0,2,0,0,0,2,1,-9.00498696,-48.50141844,SR-TO,UOP02,DEL02
312348,2020-10-05,segunda-feira,08:55:00,TO,226,27,PALMEIRAS DO TOCANTINS,Falta de Atenção à Condução,Saída de leito carroçável,Sem Vítimas,Pleno dia,Decrescente,Céu Claro,Simples,Reta,Não,1,0,0,0,1,0,0,1,-6.643788,-47.675686,SR-TO,UOP03,DEL02
312386,2020-10-05,segunda-feira,11:30:00,TO,153,359,FORTALEZA DO TABOCAO,Não guardar distância de segurança,Colisão traseira,Com Vítimas Feridas,Pleno dia,Crescente,Céu Claro,Simples,Reta,Sim,5,0,0,1,4,0,1,2,-9.05540165,-48.51836964,SR-TO,UOP02,DEL02
312472,2020-10-05,segunda-feira,23:30:00,TO,153,652.8,GURUPI,Defeito Mecânico no Veículo,Saída de leito carroçável,Com Vítimas Feridas,Plena Noite,Decrescente,Céu Claro,Simples,Reta,Não,5,0,1,0,4,0,1,1,-11.55272414,-49.02431058,SR-TO,UOP02,DEL01
312483,2020-10-05,segunda-feira,22:25:00,TO,153,4,XAMBIOA,Ingestão de Álcool,Saída de leito carroçável,Com Vítimas Feridas,Plena Noite,Crescente,Céu Claro,Simples,Curva,Sim,1,0,1,0,0,0,1,1,-6.42061582,-48.53233385,SR-TO,UOP01,DEL02
312708,2020-10-07,quarta-feira,09:10:00,TO,153,488.1,PARAISO DO TOCANTINS,Ultrapassagem Indevida,Colisão lateral,Com Vítimas Feridas,Pleno dia,Decrescente,Céu Claro,Simples,Reta,Não,3,0,1,0,2,0,1,2,-10.1095071,-48.87437183,SR-TO,UOP01,DEL01
312873,2020-10-08,quinta-feira,07:40:00,TO,153,793,TALISMA,Ultrapassagem Indevida,Colisão com objeto estático,Com Vítimas Fatais,Pleno dia,Decrescente,Céu Claro,Simples,Reta,Não,1,1,0,0,0,0,0,1,-12.75405104,-49.0845148,SR-TO,UOP02,DEL01
312939,2020-10-08,quinta-feira,14:00:00,TO,153,787.7,TALISMA,Defeito na Via,Saída de leito carroçável,Com Vítimas Fatais,Pleno dia,Decrescente,Céu Claro,Simples,Reta,Não,5,2,1,2,0,0,3,1,-12.71041199,-49.07501703,SR-TO,UOP02,DEL01
313429,2020-10-10,sábado,11:15:00,TO,153,359,FORTALEZA DO TABOCAO,Ultrapassagem Indevida,Colisão traseira,Sem Vítimas,Pleno dia,Decrescente,Nublado,Simples,Ponte,Sim,2,0,0,0,2,0,0,2,-9.05540165,-48.51836964,SR-TO,UOP02,DEL02
313535,2020-10-10,sábado,15:15:00,TO,153,692,CARIRI DO TOCANTINS,Desobediência às normas de trânsito pelo condutor,Colisão transversal,Com Vítimas Feridas,Pleno dia,Decrescente,Chuva,Simples,Reta,Não,6,0,3,0,2,1,3,2,-11.88743313,-49.16441973,SR-TO,UOP02,DEL01
313769,2020-10-10,sábado,21:00:00,TO,153,655,GURUPI,Defeito Mecânico no Veículo,Danos eventuais,Sem Vítimas,Plena Noite,Decrescente,Chuva,Simples,Reta,Não,1,0,0,0,1,0,0,1,-11.57884612,-49.03304663,SR-TO,UOP02,DEL01
313894,2020-10-11,domingo,03:35:00,TO,153,133.1,ARAGUAINA,Ingestão de Álcool,Saída de leito carroçável,Com Vítimas Feridas,Plena Noite,Crescente,Nublado,Simples,Rotatória,Não,1,0,1,0,0,0,1,1,-7.11461109,-48.18743388,SR-TO,UOP01,DEL02
314117,2020-10-11,domingo,19:10:00,TO,153,357.8,FORTALEZA DO TABOCAO,Ingestão de Álcool,Colisão lateral,Com Vítimas Feridas,Plena Noite,Decrescente,Céu Claro,Simples,Reta,Não,3,0,1,0,1,1,1,2,-9.03937809,-48.51007985,SR-TO,UOP02,DEL02
314217,2020-10-11,domingo,22:45:00,TO,153,151,ARAGUAINA,Falta de Atenção à Condução,Colisão lateral,Com Vítimas Feridas,Plena Noite,Decrescente,Nublado,Simples,Reta,Não,2,0,1,0,1,0,1,2,-7.25638791,-48.25895421,SR-TO,UOP01,DEL02
314283,2020-10-12,segunda-feira,12:30:00,TO,230,61.8,LUZINOPOLIS,Desobediência às normas de trânsito pelo condutor,Colisão frontal,Com Vítimas Fatais,Pleno dia,Crescente,Céu Claro,Simples,Desvio Temporário,Não,4,1,2,0,1,0,2,2,-6.23601563,-47.80095557,SR-TO,UOP03,DEL02
314511,2020-10-13,terça-feira,10:15:00,TO,153,116,WANDERLANDIA,Falta de Atenção à Condução,Saída de leito carroçável,Com Vítimas Feridas,Pleno dia,Decrescente,Céu Claro,Simples,Reta,Não,2,0,1,1,0,0,2,1,-7.00287492,-48.09810744,SR-TO,UOP01,DEL02
314617,2020-10-13,terça-feira,15:30:00,TO,242,322.9,PEIXE,Velocidade Incompatível,Saída de leito carroçável,Com Vítimas Feridas,Pleno dia,Decrescente,Nublado,Simples,Curva,Não,2,0,0,1,1,0,1,1,-11.98799346,-48.64364417,SR-TO,UOP02,DEL01
314670,2020-10-14,quarta-feira,04:30:00,TO,153,632,ALIANCA DO TOCANTINS,Falta de Atenção à Condução,Colisão lateral,Com Vítimas Feridas,Plena Noite,Decrescente,Céu Claro,Dupla,Desvio Temporário,Não,3,0,1,0,1,1,1,2,-11.37831284,-48.96763044,SR-TO,UOP02,DEL01
314760,2020-10-14,quarta-feira,17:30:00,TO,226,18,PALMEIRAS DO TOCANTINS,Agressão Externa,Tombamento,Com Vítimas Feridas,Anoitecer,Crescente,Céu Claro,Simples,Desvio Temporário,Não,1,0,0,1,0,0,1,1,-6.628137,-47.596737,SR-TO,UOP03,DEL02
315033,2020-10-16,sexta-feira,00:38:00,TO,153,555,OLIVEIRA DE FATIMA,Desobediência às normas de trânsito pelo pedestre,Atropelamento de Pedestre,Com Vítimas Feridas,Plena Noite,Crescente,Céu Claro,Simples,Desvio Temporário,Sim,2,0,1,0,1,0,1,1,-10.69482996,-48.90635848,SR-TO,UOP01,DEL01
315071,2020-10-16,sexta-feira,09:30:00,TO,226,20,PALMEIRAS DO TOCANTINS,Condutor Dormindo,Tombamento,Com Vítimas Feridas,Pleno dia,Crescente,Céu Claro,Simples,Desvio Temporário,Não,2,0,2,0,0,0,2,1,-6.631092,-47.614395,SR-TO,UOP03,DEL02
315083,2020-10-16,sexta-feira,11:37:00,TO,153,308,GUARAI,Pista Escorregadia,Colisão frontal,Com Vítimas Fatais,Pleno dia,Decrescente,Chuva,Simples,Reta,Não,8,3,1,2,2,0,3,3,-8.60554704,-48.48158619,SR-TO,UOP02,DEL02
315330,2020-10-17,sábado,14:50:00,TO,153,507,PARAISO DO TOCANTINS,Não guardar distância de segurança,Colisão traseira,Com Vítimas Feridas,Pleno dia,Decrescente,Chuva,Simples,Reta,Não,6,0,2,0,4,0,2,4,-10.280789,-48.882003,SR-TO,UOP01,DEL01
315580,2020-10-18,domingo,16:15:00,TO,153,474.8,PARAISO DO TOCANTINS,Não guardar distância de segurança,Colisão lateral,Com Vítimas Feridas,Pleno dia,Crescente,Céu Claro,Simples,Reta,Não,5,0,2,0,3,0,2,5,-10.0192682,-48.77867485,SR-TO,UOP01,DEL01
315771,2020-10-19,segunda-feira,10:00:00,TO,242,229.2,PARANA,Defeito Mecânico no Veículo,Incêndio,Sem Vítimas,Pleno dia,Crescente,Nublado,Simples,Curva,Não,1,0,0,0,1,0,0,1,-12.3424462,-48.06651114,SR-TO,UOP02,DEL01
315776,2020-10-19,segunda-feira,16:15:00,TO,153,332,GUARAI,Desobediência às normas de trânsito pelo condutor,Colisão transversal,Sem Vítimas,Pleno dia,Decrescente,Céu Claro,Dupla,Interseção de vias,Sim,2,0,0,0,2,0,0,2,-8.81739,-48.512207,SR-TO,UOP02,DEL02
315831,2020-10-19,segunda-feira,23:00:00,TO,153,306.1,PRESIDENTE KENNEDY,Ultrapassagem Indevida,Saída de leito carroçável,Com Vítimas Fatais,Plena Noite,Crescente,Céu Claro,Simples,Reta,Não,5,1,1,2,1,0,3,1,-8.587756,-48.483162,SR-TO,UOP02,DEL02
316037,2020-10-20,terça-feira,23:20:00,TO,153,671,GURUPI,Velocidade Incompatível,Saída de leito carroçável,Com Vítimas Feridas,Plena Noite,Decrescente,Céu Claro,Dupla,Reta,Sim,1,0,0,1,0,0,1,1,-11.72075725,-49.07713594,SR-TO,UOP02,DEL01
316302,2020-10-19,segunda-feira,21:28:00,TO,230,1,AGUIARNOPOLIS,Ingestão de Álcool,Colisão lateral,Com Vítimas Feridas,Plena Noite,Decrescente,Céu Claro,Simples,Reta,Sim,3,0,2,0,1,0,2,2,-6.56184592,-47.46741502,SR-TO,UOP03,DEL02
316629,2020-10-23,sexta-feira,19:50:00,TO,153,494,PARAISO DO TOCANTINS,Ingestão de Álcool,Colisão frontal,Com Vítimas Feridas,Plena Noite,Decrescente,Nublado,Simples,Reta,Sim,2,0,1,0,1,0,1,2,-10.16598918,-48.88112426,SR-TO,UOP01,DEL01
316975,2020-10-24,sábado,07:30:00,TO,153,412,MIRANORTE,Velocidade Incompatível,Derramamento de carga,Sem Vítimas,Pleno dia,Crescente,Nublado,Dupla,Reta,Sim,1,0,0,0,1,0,0,1,-9.51563983,-48.58971255,SR-TO,UOP02,DEL02
317066,2020-10-25,domingo,17:20:00,TO,153,174,ARAGUAINA,Ingestão de Álcool,Colisão com objeto estático,Sem Vítimas,Anoitecer,Crescente,Sol,Simples,Reta,Não,1,0,0,0,1,0,0,1,-7.42870693,-48.36274437,SR-TO,UOP01,DEL02
317312,2020-10-26,segunda-feira,18:45:00,TO,153,620.7,ALIANCA DO TOCANTINS,Falta de Atenção à Condução,Colisão frontal,Com Vítimas Feridas,Plena Noite,Decrescente,Céu Claro,Simples,Interseção de vias,Sim,2,0,0,1,1,0,1,2,-11.27393201,-48.93746995,SR-TO,UOP02,DEL01
317348,2020-10-26,segunda-feira,22:45:00,TO,NA,NA,ARAGUAINA,Ingestão de Álcool,Colisão transversal,Com Vítimas Feridas,Plena Noite,Não Informado,Céu Claro,Simples,Interseção de vias,Sim,3,0,1,0,2,0,1,2,-7.175035,-48.215002,SR-TO,UOP01,DEL02
317356,2020-10-27,terça-feira,02:30:00,TO,153,207,NOVA OLINDA,Ingestão de Álcool,Tombamento,Sem Vítimas,Plena Noite,Crescente,Céu Claro,Simples,Reta,Não,1,0,0,0,1,0,0,1,-7.70920888,-48.43954738,SR-TO,UOP01,DEL02
317362,2020-10-27,terça-feira,06:50:00,TO,226,3,AGUIARNOPOLIS,Defeito na Via,Tombamento,Com Vítimas Feridas,Pleno dia,Crescente,Chuva,Simples,Não Informado,Não,1,0,1,0,0,0,1,1,-6.565606,-47.483803,SR-TO,UOP03,DEL02
317392,2020-10-27,terça-feira,10:00:00,TO,153,776.3,ALVORADA,Velocidade Incompatível,Saída de leito carroçável,Com Vítimas Feridas,Pleno dia,Decrescente,Nublado,Simples,Reta,Não,4,0,3,1,0,0,4,1,-12.612821,-49.071859,SR-TO,UOP02,DEL01
317490,2020-10-27,terça-feira,21:30:00,TO,153,278.6,BRASILANDIA DO TOCANTINS,Defeito Mecânico no Veículo,Incêndio,Sem Vítimas,Plena Noite,Crescente,Nublado,Simples,Desvio Temporário,Não,1,0,0,0,1,0,0,1,-8.33695402,-48.47863193,SR-TO,UOP02,DEL02
317581,2020-10-28,quarta-feira,12:20:00,TO,153,284.5,BRASILANDIA DO TOCANTINS,Ultrapassagem Indevida,Colisão lateral,Com Vítimas Fatais,Pleno dia,Decrescente,Nublado,Simples,Não Informado,Não,6,3,0,1,2,0,1,3,-8.39945494,-48.48479661,SR-TO,UOP02,DEL02
317602,2020-10-28,quarta-feira,11:00:00,TO,230,17,AGUIARNOPOLIS,Falta de Atenção à Condução,Saída de leito carroçável,Com Vítimas Feridas,Pleno dia,Decrescente,Céu Claro,Simples,Desvio Temporário,Não,1,0,1,0,0,0,1,1,-6.46098508,-47.53536737,SR-TO,UOP03,DEL02
317660,2020-10-25,domingo,01:20:00,TO,153,525.6,PUGMIL,Falta de Atenção à Condução,Saída de leito carroçável,Sem Vítimas,Plena Noite,Crescente,Nublado,Simples,Reta,Não,1,0,0,0,0,1,0,1,-10.4464547,-48.90031815,SR-TO,UOP01,DEL01
318023,2020-10-30,sexta-feira,15:30:00,TO,153,386,RIO DOS BOIS,Pista Escorregadia,Saída de leito carroçável,Com Vítimas Feridas,Pleno dia,Decrescente,Chuva,Simples,Curva,Não,2,0,2,0,0,0,2,1,-9.296131,-48.553452,SR-TO,UOP02,DEL02
318205,2020-10-31,sábado,05:45:00,TO,153,784,TALISMA,Defeito Mecânico no Veículo,Incêndio,Sem Vítimas,Pleno dia,Crescente,Chuva,Simples,Reta,Não,1,0,0,0,1,0,0,1,-12.67547894,-49.06751926,SR-TO,UOP02,DEL01
318222,2020-10-31,sábado,02:20:00,TO,153,591.8,SANTA RITA DO TOCANTINS,Ingestão de Álcool,Saída de leito carroçável,Com Vítimas Feridas,Plena Noite,Decrescente,Céu Claro,Simples,Curva,Não,1,0,1,0,0,0,1,1,-11.016325,-48.9082091,SR-TO,UOP01,DEL01
318234,2020-10-29,quinta-feira,16:40:00,TO,153,720.9,FIGUEIROPOLIS,Desobediência às normas de trânsito pelo condutor,Colisão frontal,Com Vítimas Feridas,Pleno dia,Decrescente,Céu Claro,Simples,Reta,Sim,2,0,0,1,1,0,1,2,-12.1311068,-49.1711998,SR-TO,UOP02,DEL01
318253,2020-10-31,sábado,10:00:00,TO,153,747,ALVORADA,Pista Escorregadia,Colisão frontal,Sem Vítimas,Pleno dia,Crescente,Chuva,Simples,Reta,Não,3,0,0,0,3,0,0,2,-12.35903209,-49.14808818,SR-TO,UOP02,DEL01
318296,2020-10-31,sábado,13:20:00,TO,153,310,GUARAI,Avarias e/ou desgaste excessivo no pneu,Saída de leito carroçável,Com Vítimas Feridas,Pleno dia,Decrescente,Chuva,Simples,Não Informado,Não,11,0,8,3,0,0,11,1,-8.62295709,-48.48496266,SR-TO,UOP02,DEL02