id,data_inversa,dia_semana,horario,uf,br,km,municipio,causa_acidente,tipo_acidente,classificacao_acidente,fase_dia,sentido_via,condicao_metereologica,tipo_pista,tracado_via,uso_solo,pessoas,mortos,feridos_leves,feridos_graves,ilesos,ignorados,feridos,veiculos,latitude,longitude,regional,delegacia,uop
328019,2020-12-15,terça-feira,08:57:00,TO,153,140,ARAGUAINA,Falta de Atenção à Condução,Colisão transversal,Com Vítimas Feridas,Pleno dia,Decrescente,Céu Claro,Dupla,Rotatória,Sim,4,0,3,0,1,0,3,2,-7.169616,-48.21328,SR-TO,UOP01,DEL02
328212,2020-12-16,quarta-feira,05:00:00,TO,153,282,BRASILANDIA DO TOCANTINS,Falta de Atenção à Condução,Atropelamento de Pedestre,Com Vítimas Fatais,Amanhecer,Crescente,Céu Claro,Simples,Curva,Não,2,1,0,0,0,1,0,1,-8.37232199,-48.4897291,SR-TO,UOP02,DEL02
328251,2020-12-16,quarta-feira,12:50:00,TO,153,609.7,CRIXAS DO TOCANTINS,Falta de Atenção à Condução,Colisão frontal,Com Vítimas Fatais,Pleno dia,Decrescente,Céu Claro,Simples,Reta,Não,5,1,1,3,0,0,4,2,-11.17595301,-48.92781585,SR-TO,UOP02,DEL01
328380,2020-12-16,quarta-feira,22:35:00,TO,153,452.1,BARROLANDIA,Desobediência às normas de trânsito pelo condutor,Colisão frontal,Com Vítimas Fatais,Plena Noite,Crescente,Nublado,Simples,Reta,Não,3,1,0,1,1,0,1,2,-9.84368,-48.72213,SR-TO,UOP01,DEL01
328440,2020-12-17,quinta-feira,08:40:00,TO,153,389.5,RIO DOS BOIS,Falta de Atenção à Condução,Engavetamento,Com Vítimas Feridas,Pleno dia,Decrescente,Céu Claro,Simples,Não Informado,Não,4,0,0,1,3,0,1,4,-9.32090992,-48.54216382,SR-TO,UOP02,DEL02
328532,2020-12-17,quinta-feira,17:20:00,TO,153,559,OLIVEIRA DE FATIMA,Falta de Atenção à Condução,Saída de leito carroçável,Sem Vítimas,Pleno dia,Decrescente,Céu Claro,Simples,Reta,Sim,2,0,0,0,2,0,0,1,-10.73233502,-48.90387036,SR-TO,UOP01,DEL01
328623,2020-12-18,sexta-feira,07:30:00,TO,153,393.5,RIO DOS BOIS,Falta de Atenção à Condução,Colisão traseira,Com Vítimas Feridas,Pleno dia,Crescente,Chuva,Simples,Desvio Temporário,Não,7,0,4,0,3,0,4,3,-9.35274923,-48.5436847,SR-TO,UOP02,DEL02
328679,2020-12-18,sexta-feira,13:15:00,TO,153,148,ARAGUAINA,Falta de Atenção à Condução,Colisão com objeto estático,Com Vítimas Fatais,Pleno dia,Decrescente,Nublado,Dupla,Reta,Sim,1,1,0,0,0,0,0,1,-7.23023092,-48.25208725,SR-TO,UOP01,DEL02
328694,2020-11-08,domingo,14:00:00,TO,153,137,ARAGUAINA,Falta de Atenção à Condução,Colisão traseira,Sem Vítimas,Pleno dia,Crescente,Céu Claro,Dupla,Reta,Sim,2,0,0,0,2,0,0,2,-7.14630299,-48.20255603,SR-TO,UOP01,DEL02
328706,2020-12-18,sexta-feira,16:50:00,TO,153,152,ARAGUAINA,Falta de Atenção à Condução,Colisão transversal,Com Vítimas Fatais,Pleno dia,Decrescente,Garoa/Chuvisco,Simples,Reta,Sim,3,1,1,0,1,0,1,3,-7.264632,-48.262614,SR-TO,UOP01,DEL02
328866,2020-12-19,sábado,07:16:00,TO,153,586,SANTA RITA DO TOCANTINS,Falta de Atenção à Condução,Colisão transversal,Com Vítimas Fatais,Pleno dia,Crescente,Sol,Simples,Reta,Não,4,2,1,0,1,0,1,3,-10.99867449,-48.90878856,SR-TO,UOP01,DEL01
329060,2020-12-19,sábado,19:45:00,TO,153,392.7,RIO DOS BOIS,Falta de Atenção à Condução,Colisão transversal,Com Vítimas Fatais,Plena Noite,Decrescente,Céu Claro,Simples,Reta,Não,2,1,0,0,0,1,0,2,-9.346141,-48.53745,SR-TO,UOP02,DEL02
329062,2020-12-19,sábado,19:16:00,TO,153,134,ARAGUAINA,Ingestão de Álcool,Colisão frontal,Com Vítimas Fatais,Plena Noite,Decrescente,Nublado,Simples,Reta,Não,6,1,5,0,0,0,5,2,-7.12178379,-48.19293926,SR-TO,UOP01,DEL02
329186,2020-12-20,domingo,09:50:00,TO,153,252.5,COLINAS DO TOCANTINS,Velocidade Incompatível,Colisão traseira,Com Vítimas Feridas,Pleno dia,Decrescente,Sol,Simples,Reta,Não,2,0,0,1,1,0,1,2,-8.09852503,-48.46791884,SR-TO,UOP02,DEL02
329188,2020-12-20,domingo,10:30:00,TO,242,453.9,FORMOSO DO ARAGUAIA,Falta de Atenção à Condução,Tombamento,Com Vítimas Feridas,Pleno dia,Crescente,Céu Claro,Simples,Interseção de vias,Sim,1,0,0,1,0,0,1,1,-11.8117766,-49.5289078,SR-TO,UOP02,DEL01
329365,2020-12-20,domingo,22:00:00,TO,242,451.8,FORMOSO DO ARAGUAIA,Ingestão de Álcool,Atropelamento de Pedestre,Com Vítimas Feridas,Plena Noite,Crescente,Nublado,Dupla,Curva,Sim,3,0,1,2,0,0,3,1,-11.8175552,-49.51180102,SR-TO,UOP02,DEL01
329710,2020-12-22,terça-feira,12:15:00,TO,153,143,ARAGUAINA,Falta de Atenção à Condução,Colisão transversal,Com Vítimas Feridas,Pleno dia,Crescente,Nublado,Dupla,Rotatória,Sim,1,0,1,0,0,0,1,1,-7.18866332,-48.23207966,SR-TO,UOP01,DEL02
329822,2020-12-22,terça-feira,20:30:00,TO,153,294,PRESIDENTE KENNEDY,Velocidade Incompatível,Tombamento,Com Vítimas Feridas,Plena Noite,Decrescente,Nublado,Simples,Interseção de vias,Não,1,0,1,0,0,0,1,1,-8.47962313,-48.48905502,SR-TO,UOP02,DEL02
330039,2020-12-23,quarta-feira,19:15:00,TO,153,653,GURUPI,Agressão Externa,Saída de leito carroçável,Com Vítimas Feridas,Plena Noite,Decrescente,Céu Claro,Simples,Reta,Não,5,0,2,0,3,0,2,1,-11.56142996,-49.02722613,SR-TO,UOP02,DEL01
330111,2020-11-19,quinta-feira,23:45:00,TO,153,692.2,CARIRI DO TOCANTINS,Desobediência às normas de trânsito pelo condutor,Colisão lateral,Com Vítimas Feridas,Plena Noite,Crescente,Céu Claro,Simples,Retorno Regulamentado,Sim,5,0,3,1,1,0,4,2,-11.88743313,-49.16441973,SR-TO,UOP02,DEL01
330186,2020-12-24,quinta-feira,11:05:00,TO,153,140,ARAGUAINA,Falta de Atenção à Condução,Colisão traseira,Com Vítimas Feridas,Pleno dia,Crescente,Garoa/Chuvisco,Dupla,Reta,Sim,2,0,1,0,1,0,1,2,-7.169616,-48.21328,SR-TO,UOP01,DEL02
330254,2020-12-24,quinta-feira,13:55:00,TO,153,354.1,FORTALEZA DO TABOCAO,Ultrapassagem Indevida,Tombamento,Com Vítimas Feridas,Pleno dia,Decrescente,Céu Claro,Simples,Reta,Não,5,0,1,0,3,1,1,2,-9.01400398,-48.50223118,SR-TO,UOP02,DEL02
330356,2020-12-24,quinta-feira,21:00:00,TO,230,133,ARAGUATINS,Desobediência às normas de trânsito pelo condutor,Colisão traseira,Com Vítimas Fatais,Plena Noite,Decrescente,Céu Claro,Simples,Reta,Não,2,1,0,0,0,1,0,2,-5.75436512,-48.05733512,SR-TO,UOP03,DEL02
330357,2020-12-24,quinta-feira,22:50:00,TO,153,133,ARAGUAINA,Falta de Atenção à Condução,Tombamento,Com Vítimas Feridas,Plena Noite,Crescente,Nublado,Simples,Reta,Não,3,0,3,0,0,0,3,1,-7.11461109,-48.18743388,SR-TO,UOP01,DEL02
330589,2020-12-26,sábado,06:50:00,TO,153,327,GUARAI,Falta de Atenção à Condução,Tombamento,Com Vítimas Feridas,Pleno dia,Crescente,Chuva,Simples,Reta,Não,1,0,0,1,0,0,1,1,-8.77258801,-48.51082184,SR-TO,UOP02,DEL02
330987,2020-12-28,segunda-feira,08:05:00,TO,153,306.8,GUARAI,Falta de Atenção à Condução,Colisão traseira,Com Vítimas Feridas,Pleno dia,Decrescente,Céu Claro,Simples,Não Informado,Não,3,0,0,1,2,0,1,2,-8.587756,-48.483162,SR-TO,UOP02,DEL02
331114,2020-12-28,segunda-feira,19:35:00,TO,153,360.8,FORTALEZA DO TABOCAO,Desobediência às normas de trânsito pelo condutor,Colisão transversal,Com Vítimas Feridas,Plena Noite,Decrescente,Nublado,Simples,Reta,Sim,3,0,0,2,1,0,2,2,-9.06426723,-48.52025097,SR-TO,UOP02,DEL02
331118,2020-12-28,segunda-feira,21:30:00,TO,153,327.4,GUARAI,Falta de Atenção à Condução,Saída de leito carroçável,Com Vítimas Feridas,Plena Noite,Decrescente,Céu Claro,Simples,Não Informado,Não,1,0,1,0,0,0,1,1,-8.77258801,-48.51082184,SR-TO,UOP02,DEL02
331219,2020-11-23,segunda-feira,17:30:00,TO,153,36.6,PIRAQUE,Ingestão de Álcool,Colisão traseira,Com Vítimas Fatais,Anoitecer,Crescente,Céu Claro,Simples,Reta,Não,2,1,0,0,0,1,0,2,-6.62305489,-48.35223088,SR-TO,UOP01,DEL02
331329,2020-12-30,quarta-feira,07:00:00,TO,235,165.9,TUPIRAMA,Falta de Atenção à Condução,Colisão transversal,Com Vítimas Feridas,Pleno dia,Decrescente,Sol,Simples,Retorno Regulamentado,Não,2,0,0,1,1,0,1,2,-8.99133651,-48.18883033,SR-TO,UOP02,DEL02
331378,2020-12-30,quarta-feira,11:40:00,TO,153,736.2,ALVORADA,Defeito Mecânico no Veículo,Incêndio,Sem Vítimas,Pleno dia,Decrescente,Céu Claro,Simples,Reta,Não,1,0,0,0,1,0,0,1,-12.26229402,-49.15950958,SR-TO,UOP02,DEL01
331542,2020-12-31,quinta-feira,07:45:00,TO,153,139.7,ARAGUAINA,Falta de Atenção à Condução,Colisão traseira,Com Vítimas Feridas,Pleno dia,Crescente,Céu Claro,Dupla,Reta,Sim,6,0,2,2,1,1,4,3,-7.16325275,-48.20698926,SR-TO,UOP01,DEL02
334064,2020-12-25,sexta-feira,03:40:00,TO,226,23.9,PALMEIRAS DO TOCANTINS,Ingestão de Álcool,Saída de leito carroçável,Sem Vítimas,Amanhecer,Decrescente,Céu Claro,Simples,Desvio Temporário,Não,1,0,0,0,0,1,0,1,-6.63551,-47.640892,SR-TO,UOP03,DEL02
260054,2020-01-01,quarta-feira,00:05:00,AP,156,406,FERREIRA GOMES,Animais na Pista,Atropelamento de Animal,Sem Vítimas,Plena Noite,Crescente,Céu Claro,Simples,Reta,Não,1,0,0,0,1,0,0,1,1.02196945,-51.09020434,SR-AP,UOP01/AP,
260209,2020-01-01,quarta-feira,15:00:00,AP,156,280,PORTO GRANDE,Velocidade Incompatível,Saída de leito carroçável,Com Vítimas Feridas,Pleno dia,Decrescente,Chuva,Simples,Curva,Não,1,0,1,0,0,0,1,1,0.5673526,-51.15126818,SR-AP,UOP01/AP,
260354,2020-01-02,quinta-feira,13:00:00,AP,210,2,MACAPA,Falta de Atenção à Condução,Colisão lateral,Com Vítimas Feridas,Pleno dia,Decrescente,Nublado,Simples,Reta,Sim,2,0,1,0,1,0,1,2,0.08282017,-51.07776189,SR-AP,UOP01/AP,
261075,2020-01-05,domingo,19:45:00,AP,210,0.3,MACAPA,Ingestão de Álcool,Colisão traseira,Com Vítimas Feridas,Plena Noite,Decrescente,Nublado,Dupla,Reta,Sim,3,0,2,0,1,0,2,2,0.07780012,-51.06097,SR-AP,UOP01/AP,
261705,2020-01-09,quinta-feira,14:45:00,AP,210,2.8,MACAPA,Pista Escorregadia,Tombamento,Com Vítimas Feridas,Pleno dia,Decrescente,Chuva,Múltipla,Interseção de vias,Sim,1,0,1,0,0,0,1,1,0.08282017,-51.07776189,SR-AP,UOP01/AP,
261876,2020-01-10,sexta-feira,08:00:00,AP,156,820,OIAPOQUE,Falta de Atenção à Condução,Colisão transversal,Com Vítimas Feridas,Pleno dia,Decrescente,Sol,Simples,Reta,Sim,3,0,2,0,1,0,2,2,3.83878842,-51.81774523,SR-AP,UOP03/AP,
262064,2020-01-11,sábado,07:45:00,AP,210,0.3,MACAPA,Falta de Atenção à Condução,Engavetamento,Com Vítimas Feridas,Pleno dia,Decrescente,Céu Claro,Dupla,Reta,Sim,3,0,1,0,2,0,1,3,0.07756946,-51.06333733,SR-AP,UOP01/AP,
263485,2020-01-18,sábado,01:35:00,AP,210,2,MACAPA,Ingestão de Álcool,Colisão transversal,Com Vítimas Feridas,Plena Noite,Crescente,Nublado,Dupla,Reta,Sim,2,0,2,0,0,0,2,2,0.08282017,-51.07776189,SR-AP,UOP01/AP,
263765,2020-01-19,domingo,08:20:00,AP,210,2.2,MACAPA,Ingestão de Álcool,Saída de leito carroçável,Com Vítimas Feridas,Pleno dia,Decrescente,Garoa/Chuvisco,Múltipla,Reta,Sim,2,0,1,0,1,0,1,1,0.08282017,-51.07776189,SR-AP,UOP01/AP,
264384,2020-01-22,quarta-feira,11:15:00,AP,210,2.5,MACAPA,Falta de Atenção à Condução,Colisão transversal,Com Vítimas Feridas,Pleno dia,Decrescente,Céu Claro,Simples,Reta,Sim,2,0,1,0,1,0,1,2,0.08282017,-51.07776189,SR-AP,UOP01/AP,
264900,2020-01-24,sexta-feira,20:30:00,AP,210,104,PORTO GRANDE,Falta de Atenção à Condução,Colisão traseira,Com Vítimas Feridas,Plena Noite,Decrescente,Céu Claro,Simples,Reta,Sim,3,0,1,1,1,0,2,2,0.6985633,-51.39692189,SR-AP,UOP01/AP,
265501,2020-01-27,segunda-feira,15:00:00,AP,156,404,TARTARUGALZINHO,Pista Escorregadia,Saída de leito carroçável,Com Vítimas Feridas,Pleno dia,Decrescente,Chuva,Simples,Reta,Não,4,0,3,1,0,0,4,1,1.004739,-51.09307,SR-AP,UOP01/AP,
267220,2020-02-05,quarta-feira,07:15:00,AP,210,1.1,MACAPA,Falta de Atenção à Condução,Colisão traseira,Com Vítimas Feridas,Pleno dia,Crescente,Céu Claro,Dupla,Reta,Sim,2,0,1,0,1,0,1,2,0.07816717,-51.06998693,SR-AP,UOP01/AP,
267293,2020-02-05,quarta-feira,13:50:00,AP,156,820,OIAPOQUE,Desobediência às normas de trânsito pelo condutor,Colisão transversal,Com Vítimas Feridas,Pleno dia,Crescente,Céu Claro,Dupla,Interseção de vias,Sim,2,0,1,0,1,0,1,2,3.83878842,-51.81774523,SR-AP,UOP03/AP,
267296,2020-02-05,quarta-feira,12:15:00,AP,210,3,MACAPA,Falta de Atenção à Condução,Colisão lateral,Sem Vítimas,Pleno dia,Decrescente,Céu Claro,Simples,Interseção de vias,Sim,2,0,0,0,2,0,0,2,0.08723365,-51.08569007,SR-AP,UOP01/AP,
268126,2020-02-09,domingo,01:20:00,AP,210,1.8,MACAPA,Velocidade Incompatível,Saída de leito carroçável,Sem Vítimas,Plena Noite,Crescente,Chuva,Múltipla,Reta,Sim,1,0,0,0,0,1,0,1,0.07816717,-51.06998693,SR-AP,UOP01/AP,
268246,2020-02-09,domingo,16:45:00,AP,210,2.9,MACAPA,Desobediência às normas de trânsito pelo condutor,Colisão transversal,Com Vítimas Feridas,Pleno dia,Crescente,Chuva,Simples,Reta,Sim,4,0,4,0,0,0,4,2,0.08282017,-51.07776189,SR-AP,UOP01/AP,
268820,2020-02-12,quarta-feira,14:00:00,AP,210,104,PORTO GRANDE,Falta de Atenção à Condução,Tombamento,Com Vítimas Feridas,Pleno dia,Crescente,Céu Claro,Simples,Reta,Sim,1,0,1,0,0,0,1,1,0.6985633,-51.39692189,SR-AP,UOP01/AP,
268995,2020-02-13,quinta-feira,14:00:00,AP,210,1,MACAPA,Não guardar distância de segurança,Colisão traseira,Com Vítimas Feridas,Pleno dia,Crescente,Nublado,Dupla,Reta,Sim,5,0,2,0,3,0,2,2,0.07816717,-51.06998693,SR-AP,UOP01,DEL01
269199,2020-02-14,sexta-feira,17:30:00,AP,210,16,MACAPA,Não guardar distância de segurança,Colisão traseira,Com Vítimas Feridas,Anoitecer,Decrescente,Chuva,Simples,Reta,Não,4,0,1,0,3,0,1,2,0.16272592,-51.12790891,SR-AP,UOP01,DEL01
269230,2020-02-14,sexta-feira,18:30:00,AP,210,45,MACAPA,Falta de Atenção à Condução,Capotamento,Com Vítimas Feridas,Anoitecer,Crescente,Chuva,Simples,Reta,Não,4,0,1,0,3,0,1,1,0.39706501,-51.05898802,SR-AP,UOP01,DEL01
269401,2020-02-15,sábado,11:20:00,AP,210,8,MACAPA,Pista Escorregadia,Tombamento,Com Vítimas Feridas,Pleno dia,Decrescente,Céu Claro,Dupla,Rotatória,Não,2,0,2,0,0,0,2,1,0.1045,-51.126076,SR-AP,UOP01,DEL01
270216,2020-02-19,quarta-feira,11:00:00,AP,210,3,MACAPA,Desobediência às normas de trânsito pelo condutor,Colisão transversal,Com Vítimas Feridas,Pleno dia,Decrescente,Nublado,Múltipla,Interseção de vias,Sim,2,0,1,0,1,0,1,2,0.08723365,-51.08569007,SR-AP,UOP01,DEL01
270814,2020-01-20,segunda-feira,16:20:00,AP,156,742,OIAPOQUE,Pista Escorregadia,Capotamento,Com Vítimas Feridas,Pleno dia,Decrescente,Nublado,Simples,Desvio Temporário,Não,4,0,2,0,2,0,2,1,3.2641186,-51.59224652,SR-AP,UOP03/AP,
272730,2020-03-01,domingo,20:30:00,AP,156,819,OIAPOQUE,Ingestão de Álcool,Colisão traseira,Sem Vítimas,Plena Noite,Crescente,Céu Claro,Simples,Reta,Sim,2,0,0,0,2,0,0,2,3.83552896,-51.80935802,SR-AP,UOP02,DEL01
272847,2020-03-02,segunda-feira,11:40:00,AP,156,433.6,TARTARUGALZINHO,Falta de Atenção à Condução,Saída de leito carroçável,Com Vítimas Feridas,Pleno dia,Crescente,Chuva,Simples,Reta,Não,3,0,3,0,0,0,3,1,1.23223028,-50.99729825,SR-AP,UOP02,DEL01
274014,2020-03-08,domingo,05:40:00,AP,210,1,MACAPA,Desobediência às normas de trânsito pelo condutor,Colisão lateral,Sem Vítimas,Amanhecer,Decrescente,Garoa/Chuvisco,Múltipla,Reta,Sim,2,0,0,0,2,0,0,2,0.07816717,-51.06998693,SR-AP,UOP01,DEL01
275514,2020-03-15,domingo,10:50:00,AP,210,100,PORTO GRANDE,Falta de Atenção à Condução,Colisão com objeto estático,Sem Vítimas,Pleno dia,Crescente,Chuva,Dupla,Retorno Regulamentado,Sim,1,0,0,0,1,0,0,1,0.68324135,-51.36558888,SR-AP,UOP01,DEL01
275821,2020-03-16,segunda-feira,16:35:00,AP,156,430,TARTARUGALZINHO,Pista Escorregadia,Saída de leito carroçável,Com Vítimas Fatais,Pleno dia,Crescente,Chuva,Simples,Reta,Não,4,1,1,0,0,2,1,1,1.22316605,-51.01055145,SR-AP,UOP02,DEL01
276028,2020-03-17,terça-feira,17:35:00,AP,156,397,FERREIRA GOMES,Não guardar distância de segurança,Colisão traseira,Sem Vítimas,Anoitecer,Decrescente,Céu Claro,Simples,Reta,Não,8,0,0,0,2,6,0,2,0.95767554,-51.1339183,SR-AP,UOP01,DEL01
277328,2020-03-27,sexta-feira,09:00:00,AP,210,29,MACAPA,Defeito Mecânico no Veículo,Tombamento,Com Vítimas Feridas,Pleno dia,Crescente,Céu Claro,Simples,Reta,Não,4,0,4,0,0,0,4,1,0.267687,-51.082314,SR-AP,UOP01,DEL01
277558,2020-03-29,domingo,08:00:00,AP,210,3,MACAPA,Ingestão de Álcool,Saída de leito carroçável,Com Vítimas Feridas,Pleno dia,Decrescente,Sol,Dupla,Reta,Não,1,0,1,0,0,0,1,1,0.08723365,-51.08569007,SR-AP,UOP01,DEL01
279386,2020-04-11,sábado,12:00:00,AP,156,435,TARTARUGALZINHO,Falta de Atenção à Condução,Saída de leito carroçável,Com Vítimas Feridas,Pleno dia,Crescente,Chuva,Simples,Reta,Não,1,0,1,0,0,0,1,1,1.24719306,-50.98548889,SR-AP,UOP02,DEL01
279675,2020-04-13,segunda-feira,15:00:00,AP,210,11,MACAPA,Defeito Mecânico no Veículo,Colisão traseira,Com Vítimas Feridas,Pleno dia,Decrescente,Garoa/Chuvisco,Simples,Reta,Não,4,0,1,0,3,0,1,3,0.12665336,-51.13356549,SR-AP,UOP01,DEL01
279735,2020-04-12,domingo,18:00:00,AP,210,179,PORTO GRANDE,Defeito na Via,Tombamento,Sem Vítimas,Anoitecer,Crescente,Chuva,Simples,Reta,Sim,2,0,0,0,1,1,0,2,0.70564616,-51.41271608,SR-AP,UOP01,DEL01
280800,2020-04-21,terça-feira,10:10:00,AP,156,372,FERREIRA GOMES,Ingestão de Álcool,Colisão traseira,Com Vítimas Feridas,Pleno dia,Crescente,Céu Claro,Simples,Reta,Não,5,0,1,0,4,0,1,2,0.79809635,-51.23328324,SR-AP,UOP01,DEL01
281967,2020-04-29,quarta-feira,00:30:00,AP,156,237,MACAPA,Animais na Pista,Atropelamento de Animal,Com Vítimas Feridas,Plena Noite,Decrescente,Céu Claro,Simples,Reta,Não,1,0,1,0,0,0,1,1,0.2028299,-51.116314,SR-AP,UOP01,DEL01
282690,2020-05-03,domingo,21:30:00,AP,210,17,MACAPA,Falta de Atenção à Condução,Colisão traseira,Com Vítimas Feridas,Plena Noite,Crescente,Nublado,Simples,Reta,Não,3,0,0,1,0,2,1,2,0.17108692,-51.1248476,SR-AP,UOP01,DEL01
283127,2020-05-06,quarta-feira,16:00:00,AP,156,365,FERREIRA GOMES,Falta de Atenção à Condução,Saída de leito carroçável,Com Vítimas Feridas,Pleno dia,Crescente,Nublado,Simples,Reta,Não,2,0,1,1,0,0,2,1,0.77671384,-51.29201396,SR-AP,UOP01,DEL01
283822,2020-05-10,domingo,19:00:00,AP,210,2,MACAPA,Ingestão de Álcool,Colisão lateral,Com Vítimas Feridas,Anoitecer,Decrescente,Céu Claro,Simples,Reta,Sim,2,0,0,2,0,0,2,2,0.08282017,-51.07776189,SR-AP,UOP01,DEL01
283916,2020-05-11,segunda-feira,07:10:00,AP,210,70,PORTO GRANDE,Ultrapassagem Indevida,Colisão traseira,Com Vítimas Feridas,Pleno dia,Crescente,Céu Claro,Simples,Não Informado,Não,2,0,1,1,0,0,2,2,0.55589106,-51.15000672,SR-AP,UOP01,DEL01
284453,2020-05-14,quinta-feira,19:42:00,AP,156,371,FERREIRA GOMES,Ingestão de Álcool,Colisão com objeto em movimento,Com Vítimas Feridas,Plena Noite,Decrescente,Garoa/Chuvisco,Simples,Ponte,Não,2,0,0,1,1,0,1,2,0.79299208,-51.24068804,SR-AP,UOP01,DEL01
285132,2020-05-18,segunda-feira,16:40:00,AP,210,2,MACAPA,Falta de Atenção à Condução,Atropelamento de Pedestre,Com Vítimas Feridas,Pleno dia,Crescente,Céu Claro,Dupla,Reta,Sim,2,0,2,0,0,0,2,1,0.0828201734,-51.0777618925,SR-AP,UOP01,DEL01
285167,2020-05-18,segunda-feira,19:00:00,AP,210,105,PORTO GRANDE,Desobediência às normas de trânsito pelo condutor,Colisão transversal,Com Vítimas Feridas,Plena Noite,Crescente,Céu Claro,Simples,Não Informado,Sim,3,0,0,1,2,0,1,2,0.70239423,-51.40504681,SR-AP,UOP01,DEL01
287122,2020-05-30,sábado,10:10:00,AP,210,0,MACAPA,Desobediência às normas de trânsito pelo pedestre,Colisão lateral,Com Vítimas Feridas,Pleno dia,Decrescente,Nublado,Dupla,Reta,Sim,2,0,1,1,0,0,2,1,0.07756365,-51.06316388,SR-AP,UOP01,DEL01
287224,2020-05-30,sábado,18:30:00,AP,156,438,TARTARUGALZINHO,Falta de Atenção à Condução,Capotamento,Com Vítimas Feridas,Anoitecer,Decrescente,Nublado,Simples,Reta,Não,4,0,2,2,0,0,4,1,1.26377105,-50.96859303,SR-AP,UOP02,DEL01
288326,2020-06-05,sexta-feira,18:50:00,AP,210,2,MACAPA,Velocidade Incompatível,Colisão com objeto estático,Sem Vítimas,Anoitecer,Crescente,Nublado,Dupla,Curva,Sim,1,0,0,0,0,1,0,1,0.08282017,-51.07776189,SR-AP,UOP01,DEL01
288516,2020-06-06,sábado,16:45:00,AP,210,7,MACAPA,Falta de Atenção à Condução,Colisão traseira,Com Vítimas Feridas,Pleno dia,Crescente,Céu Claro,Dupla,Reta,Sim,3,0,2,0,1,0,2,2,0.09828163,-51.11978128,SR-AP,UOP01,DEL01
289400,2020-06-11,quinta-feira,06:45:00,AP,210,1,MACAPA,Ingestão de Álcool,Queda de ocupante de veículo,Com Vítimas Feridas,Amanhecer,Decrescente,Garoa/Chuvisco,Múltipla,Curva,Sim,1,0,1,0,0,0,1,1,0.07816717,-51.06998693,SR-AP,UOP01,DEL01
289575,2020-05-27,quarta-feira,16:40:00,AP,NA,NA,MACAPA,Desobediência às normas de trânsito pelo pedestre,Atropelamento de Pedestre,Com Vítimas Feridas,Pleno dia,Não Informado,Céu Claro,Simples,Reta,Sim,5,0,0,1,2,2,1,1,0,-51,SR-AP,UOP01,DEL01
289820,2020-06-13,sábado,16:00:00,AP,210,0.3,MACAPA,Não guardar distância de segurança,Colisão traseira,Com Vítimas Feridas,Pleno dia,Decrescente,Chuva,Dupla,Reta,Sim,1,0,0,1,0,0,1,1,0.0773812,-51.06566733,SR-AP,UOP01,DEL01
290293,2020-06-16,terça-feira,14:00:00,AP,210,5,MACAPA,Desobediência às normas de trânsito pelo condutor,Colisão transversal,Com Vítimas Feridas,Pleno dia,Crescente,Céu Claro,Dupla,Retorno Regulamentado,Sim,2,0,0,1,1,0,1,2,0.09055062,-51.10349413,SR-AP,UOP01,DEL01
290959,2020-06-19,sexta-feira,15:50:00,AP,210,3,MACAPA,Defeito Mecânico no Veículo,Queda de ocupante de veículo,Com Vítimas Feridas,Pleno dia,Crescente,Céu Claro,Dupla,Reta,Sim,1,0,1,0,0,0,1,1,0.08723365,-51.08569007,SR-AP,UOP01,DEL01
291399,2020-06-22,segunda-feira,12:10:00,AP,210,105,PORTO GRANDE,Falta de Atenção à Condução,Colisão traseira,Com Vítimas Feridas,Pleno dia,Crescente,Céu Claro,Simples,Reta,Sim,3,0,1,1,1,0,2,2,0.70239423,-51.40504681,SR-AP,UOP01,DEL01
291603,2020-06-23,terça-feira,18:25:00,AP,210,2,MACAPA,Desobediência às normas de trânsito pelo condutor,Colisão lateral,Com Vítimas Feridas,Anoitecer,Crescente,Céu Claro,Dupla,Retorno Regulamentado,Sim,3,0,0,1,2,0,1,2,0.08282017,-51.07776189,SR-AP,UOP01,DEL01
292577,2020-06-02,terça-feira,16:35:00,AP,210,1,MACAPA,Desobediência às normas de trânsito pelo condutor,Colisão lateral,Com Vítimas Feridas,Pleno dia,Decrescente,Nublado,Simples,Reta,Sim,2,0,0,1,1,0,1,2,0.08022,-51.07424,SR-AP,UOP01,DEL01
294059,2020-07-07,terça-feira,14:10:00,AP,210,5,MACAPA,Desobediência às normas de trânsito pelo condutor,Colisão transversal,Com Vítimas Feridas,Pleno dia,Decrescente,Céu Claro,Simples,Reta,Sim,3,0,3,0,0,0,3,2,0.09055062,-51.10349413,SR-AP,UOP01,DEL01
294264,2020-07-08,quarta-feira,18:00:00,AP,210,1,MACAPA,Falta de Atenção à Condução,Colisão lateral,Com Vítimas Feridas,Pleno dia,Decrescente,Céu Claro,Dupla,Retorno Regulamentado,Sim,3,0,3,0,0,0,3,2,0.07901199,-51.0720188,SR-AP,UOP01,DEL01
294735,2020-07-11,sábado,07:20:00,AP,210,52,PORTO GRANDE,Desobediência às normas de trânsito pelo condutor,Colisão frontal,Com Vítimas Fatais,Amanhecer,Decrescente,Sol,Simples,Curva,Não,3,1,1,0,0,1,1,2,0.44935505,-51.05778897,SR-AP,UOP01,DEL01
295665,2020-07-16,quinta-feira,06:00:00,AP,156,414.2,FERREIRA GOMES,Falta de Atenção à Condução,Capotamento,Com Vítimas Feridas,Plena Noite,Crescente,Céu Claro,Simples,Reta,Não,1,0,1,0,0,0,1,1,0.99620806,-51.09627485,SR-AP,UOP01,DEL01
295820,2020-07-17,sexta-feira,08:30:00,AP,210,5,MACAPA,Defeito Mecânico no Veículo,Tombamento,Com Vítimas Feridas,Pleno dia,Crescente,Céu Claro,Dupla,Reta,Sim,2,0,1,1,0,0,2,1,0.09104486,-51.10462189,SR-AP,UOP01,DEL01